Treebank,Number of Sentences,Failures,Total,_,acl,acl:relcl,advcl,advcl:cleft,advcl:cmp,advcl:pred,advcl:relcl,advmod,advmod:emph,amod,amod:att,appos,case,cc,ccomp,ccomp:obl,ccomp:speech,clf,compound,compound:lvc,compound:nn,compound:preverb,compound:prt,compound:redup,compound:svc,conj,conj:expl,csubj,csubj:cop,csubj:pass,csubj:relcl,dep,det,det:numgov,det:nummod,det:poss,discourse,discourse:filler,dislocated,dislocated:nsubj,dislocated:obj,fixed,flat,flat:abs,flat:dist,flat:foreign,flat:name,flat:num,flat:range,flat:redup,flat:title,goeswith,iobj,list,mark,nmod,nmod:att,nmod:gsubj,nmod:npmod,nmod:obl,nmod:part,nmod:poss,nmod:tmod,nsubj,nsubj:cop,nsubj:outer,nsubj:pass,nummod,nummod:entity,nummod:gov,obj,obl,obl:agent,obl:arg,obl:cmp,obl:cmpr,obl:float,obl:lmod,obl:mod,obl:npmod,obl:pmod,obl:tmod,orphan,parataxis,parataxis:conj,parataxis:dislocated,parataxis:hashtag,parataxis:insert,parataxis:obj,parataxis:parenth,punct,reparandum,root,vocative,vocative:mention,xcomp,xcomp:pred
en_partut-ud-dev,156,0,60,,,,,,,,,,,,,,,,,,,,3.0,,,,,,,,,,,,,,,,,,,,,,,,,,,,,,,,,,,,,,,,,,,,,,,,,43.0,,,3.0,11.0,,,,,,,,,,,,,,,,,,,,,,,,,
en_partut-ud-train,1781,0,787,,,,1.0,,,,,,,,,2.0,,,2.0,,,,13.0,,,,,,,33.0,,,,,,,,,,,,,,,,,79.0,,,,,,,,,,,,,23.0,,,,,,,,8.0,,,,486.0,,,6.0,121.0,,,,,,,,,,,1.0,,,,,,,,,,11.0,,,1.0,
en_partut-ud-test,153,0,61,,,,,,,,,,,,,,,,,,,,1.0,,,,,,,2.0,,,,,,,,,,,,,,,,,7.0,,,,,,,,,,,,,,,,,,,,,,,,,42.0,,,1.0,8.0,,,,,,,,,,,,,,,,,,,,,,,,,
sl_ssj-ud-test,1282,0,342,,1.0,,,,,,,,,,,6.0,,,1.0,,,,,,,,,,,31.0,,,,,,4.0,,,,,,,,,,,3.0,,,,,,,,,,,,,5.0,,,,,,,,3.0,,,,267.0,,,1.0,7.0,,,,,,,,,,,2.0,3.0,,,,,,,,,8.0,,,,
sl_ssj-ud-dev,1250,0,503,,,,,,,,,,,,,6.0,,,,,,,,,,,,,,30.0,,,,,,2.0,,,,,,,,,,,11.0,,,,,,,,,,,,,11.0,,,,,,,,5.0,,,,416.0,,,,13.0,,,,,,,,,,,3.0,1.0,,,,,,,,,5.0,,,,
sl_ssj-ud-train,10903,0,4051,,5.0,,1.0,,,,,,,,,57.0,,,5.0,,,,,,,,,,,356.0,,,,,,47.0,,,,,,,,,,,118.0,,,,,,,,,,2.0,71.0,,68.0,,,,,,,,55.0,,,,3059.0,,,16.0,132.0,,,,,,,,,,,14.0,12.0,,,,,,,,,30.0,,,3.0,
xcl_caval-ud-train,3185,0,445,,,,7.0,,,,,,,,,9.0,,,7.0,,,,10.0,,,,,3.0,,37.0,,,,,,,,,,,,,,,,,,,,,,,,,,,6.0,,,14.0,,,,,,,,44.0,,,5.0,231.0,,,30.0,10.0,1.0,2.0,,,,,,,,,23.0,1.0,,,,,,,,,4.0,,,1.0,
xcl_caval-ud-dev,411,0,39,,,,1.0,,,,,,,,,,,,,,,,1.0,,,,,,,6.0,,,,,,,,,,,,,,,,,,,,,,,,,,,,,,,,,,,,,,3.0,,,,22.0,,,1.0,1.0,,,,,,,,,,,4.0,,,,,,,,,,,,,,
xcl_caval-ud-test,550,0,52,,,,1.0,,,,,,,,,1.0,,,1.0,,,,3.0,,,,,1.0,,6.0,,,,,,,,,,,,,,,,,,,,,,,,,,,,,,,,,,,,,,4.0,,,,25.0,,,6.0,3.0,,,,,,,,,,,1.0,,,,,,,,,,,,,,
zh_gsdsimp-ud-test,500,0,626,,1.0,,,,,,,,,,,1.0,,,,,,,3.0,,,,,,,1.0,,,,,,,,,,,,,,,,,,,,,,,,,,,,,,4.0,,,,,,,1.0,2.0,,,,597.0,,,8.0,1.0,,,,,,,,,,,,4.0,,,,,,,,,3.0,,,,
zh_gsdsimp-ud-train,3997,0,5019,,9.0,,5.0,,,,,,,6.0,,11.0,,,5.0,,,,5.0,,,,,,,46.0,,,,,,,,,,,,,,,,,,,,,,,,,,,,,,45.0,,,,,,,10.0,25.0,,,1.0,4694.0,,,44.0,31.0,,,,,,,,,,,,36.0,,,,,,,,,43.0,,,3.0,
zh_gsdsimp-ud-dev,500,0,613,,2.0,,1.0,,,,,,,,,,,,,,,,1.0,,,,,,,9.0,,,,,,,,,,,,,,,,,,,,,,,,,,,,,,1.0,,,,,,,1.0,3.0,,,,578.0,,,5.0,3.0,,,,,,,,,,,,4.0,,,,,,,,,4.0,,,1.0,
hu_szeged-ud-dev,441,0,253,,2.0,,4.0,,,,,,,,101.0,,,,,1.0,,,19.0,,,1.0,,,,5.0,,,,,,,,,,,,,,,,,,,,,,,,,,,,,,,3.0,,,2.0,,,,3.0,,,,88.0,,,5.0,16.0,,,,,,,,,,,,1.0,,,,,,,,,2.0,,,,
hu_szeged-ud-test,449,0,285,,,,1.0,,,,,,,,112.0,,,,,,,,26.0,,,,,,,4.0,,,,,,,,,,,,,,,,,,,,,,,,,,,,,,1.0,4.0,,,3.0,,,,5.0,,,,92.0,,,4.0,29.0,,,,,,,,,,,1.0,3.0,,,,,,,,,,,,,
hu_szeged-ud-train,910,0,465,,,,6.0,,,,,,,,155.0,,,,,,,,61.0,,,,,,,19.0,,,,,,,,,,,,,,,,,,,,,,,,,,,,,,1.0,5.0,,,7.0,,,,4.0,,,,157.0,,,2.0,39.0,,,,,,,,,,,4.0,2.0,,,,,,,,,3.0,,,,
no_bokmaal-ud-dev,2409,0,486,,,,,,,,,,,,,1.0,,,,,,,5.0,,,,,,,13.0,,1.0,,,,,,,,,,,,,,,,,,,26.0,,,,,,,,,132.0,,,,,,,,12.0,,1.0,,245.0,,,4.0,43.0,,,,,,,,,,,,,,,,,,,,,2.0,,,1.0,
no_bokmaal-ud-test,1939,0,410,,,,,,,,,,,,,5.0,,,,,,,4.0,,,,,,,23.0,,,,,,,,,,,,,,,,,,,,,2.0,,,,,,,,,38.0,,,,,,,,4.0,,1.0,,222.0,,,9.0,68.0,,,,,,,,,,,,4.0,,,,,,,,,11.0,,,19.0,
no_bokmaal-ud-train,15696,0,3049,,,,,,,,,,,,,32.0,,,,,,,55.0,,,,,,,119.0,,,,,,,,,,,,,4.0,,,,4.0,,,,43.0,,,,,,,,,433.0,,,,,,,,66.0,,2.0,,1831.0,,,34.0,364.0,,,,,,,,,,,,4.0,,,,,,,,,41.0,,,17.0,
gun_dooley-ud-test,1046,0,107,,,,,,,,,,,,,,,,,,,,,,,,,,,1.0,,,,,,,,,,,,,1.0,,,,,,,,,,,,,5.0,,,,1.0,,,,,,,,3.0,,,,93.0,,,2.0,1.0,,,,,,,,,,,,,,,,,,,,,,,,,
el_gud-ud-train,1071,0,61,,,,,,,,,,,1.0,,,,,,,,,7.0,,,,,,,2.0,,,,,,,,,,,,,,,,,,,,,,,,,,,,,,14.0,,,,,,,,7.0,,,,17.0,,,3.0,5.0,,,,,,,,,,,1.0,,,,,,,,,,2.0,,,2.0,
el_gud-ud-test,736,0,55,,,,,,,,,,,2.0,,,,,,,,,12.0,,,,,,,1.0,,,,,,,,,,,,,,,,,1.0,,,,,,,,,,,,,13.0,,,,,,,,8.0,,,,13.0,,,,5.0,,,,,,,,,,,,,,,,,,,,,,,,,
fa_seraji-ud-dev,599,0,392,,,,,,,,,,,,,1.0,,,,,,,27.0,,,,,,,30.0,,,,,,,,,,,,,,,,,1.0,,,,,,,,,,,,,8.0,,,,,,1.0,,8.0,,,,309.0,,,3.0,1.0,,,,,,,,,,,,,,,,,,,,,2.0,,,1.0,
fa_seraji-ud-test,600,0,385,,,1.0,1.0,,,,,,,,,,,,1.0,,,,27.0,,,,,,,24.0,,,,,,,,,,,,,,,,,,,,,,,,,,,,,,6.0,,,,,,2.0,,4.0,,,,311.0,,,,3.0,,,,,,,,,,,,,,,,,,,,,5.0,,,,
fa_seraji-ud-train,4798,0,2631,,,1.0,1.0,,,,,,,7.0,,6.0,,,6.0,,,,143.0,,,,,,,133.0,,,,,,,,,,,,,,,,4.0,4.0,,,,,,,,,,,,,54.0,,,,,,16.0,,64.0,,,1.0,2151.0,,,6.0,20.0,,,,,,,,,,,,,,,,,,,,,10.0,,,4.0,
es_gsd-ud-test,426,0,247,,,,,,,,,,,,,10.0,,,,,,,,,,,,,,17.0,,,,,,,13.0,,,,,,,,,,,,,,,,,,,,,,,30.0,,,,,,,,4.0,,,,142.0,,,,29.0,,,,,,,,,,,,1.0,,,,,,,,,1.0,,,,
es_gsd-ud-dev,1400,0,1057,,,,,,,,,,,,,40.0,,,,,,,,,,,,,,44.0,,,,,,7.0,30.0,,,,,,,,,4.0,1.0,,,,,,,,,,,,1.0,206.0,,,,,,,,10.0,,,1.0,529.0,,,5.0,177.0,1.0,,,,,,,,,,,1.0,,,,,,,,,,,,,
es_gsd-ud-train,14187,0,10704,,,,1.0,,,,,,,2.0,,413.0,,,,,,,4.0,,,,,,,387.0,,,,,,84.0,365.0,,,,,,,,,10.0,10.0,,,,,,,,,,,,,2138.0,,,,,,,,132.0,,,14.0,5390.0,,,63.0,1646.0,3.0,4.0,,,,,,,,,,7.0,,,,,,,,,24.0,,,7.0,
fi_ood-ud-test,2122,0,339,,,,3.0,,,,,,,,,2.0,,,1.0,,,,,,,,,,,7.0,,,,,,,,,,,,,,,,,15.0,,,3.0,2.0,,,,,,,,,8.0,,,,,,10.0,,2.0,2.0,,,213.0,,,3.0,35.0,,,,,,,,,,,4.0,13.0,,,,,,,,,16.0,,,,
de_hdt-ud-test,18459,0,13619,,,,,,,,,,,,,82.0,,,,,,,,,,,,,,102.0,,,,,,,6299.0,,,,,,,,,,1114.0,,,,,,,,,,,,,828.0,,,,,,,,64.0,,,15.0,4656.0,,,81.0,352.0,,1.0,,,,,,,,,,2.0,,,,,,,,,20.0,,,3.0,
de_hdt-ud-train,153035,0,114506,,6.0,,9.0,,,,,1.0,,,,609.0,,,19.0,,,,,,,,,,,740.0,,1.0,,,,,55421.0,,,1.0,,,,,,,6154.0,,,,,,,,,,,,,6520.0,,,,,,,,662.0,,,153.0,40009.0,,,582.0,3237.0,,12.0,,,,,,,,,,29.0,,,,,,,,9.0,260.0,,,72.0,
de_hdt-ud-dev,18434,0,13144,,1.0,,,,,,,,,,,91.0,,,,,,,,,,,,,,88.0,,,,,,,6508.0,,,,,,,,,,1238.0,,,,,,,,,,,,,631.0,,,,,,,,79.0,,,21.0,3992.0,,,78.0,376.0,,2.0,,,,,,,,,2.0,1.0,,,,,,,,,25.0,,,11.0,
sga_dipsgg-ud-test,64,0,1,,,,,,,,,,,,,,,,,,,,,,,,,,,,,,,,,,,,,,,,,,,,,,,,,,,,,,,,,,,,,,,,,,,,,1.0,,,,,,,,,,,,,,,,,,,,,,,,,,,,,
pt_porttinari-ud-train,5893,0,2292,,,2.0,9.0,,,,,2.0,,,,121.0,,,,,,,,,,,,,,65.0,,,,,,,,,,,,,,,,2.0,63.0,,,,,,,,,,,5.0,2.0,283.0,,,,,,,,57.0,,5.0,8.0,1271.0,,,35.0,220.0,1.0,,,,,,,,,,3.0,109.0,,,,,,,,,29.0,,,,
pt_porttinari-ud-test,1683,0,609,,1.0,,,,,,,,,,,36.0,,,1.0,,1.0,,,,,,,,,7.0,,,,,,,,,,,,,,,,,17.0,,,,,,,,,,,1.0,,82.0,,,,,,,,15.0,,2.0,2.0,339.0,,,7.0,58.0,,,,,,,,,,,2.0,24.0,,,,,,,,,13.0,,,1.0,
pt_porttinari-ud-dev,842,0,307,,,,,,,,,,,,,23.0,,,,,,,,,,,,,,8.0,,,,,,,,,,,,,,,,,10.0,,,,,,,,,,,2.0,2.0,33.0,,,,,,,,8.0,,,,181.0,,,1.0,25.0,,,,,,,,,,,,9.0,,,,,,,,,5.0,,,,
sv_talbanken-ud-dev,504,0,59,,,,,,,,,,,,,,,,,,,,,,,,,,,1.0,,,,,,,,,,,,,,,,,,,,,,,,,,,,,,3.0,,,,,,,,,,,,49.0,,,,6.0,,,,,,,,,,,,,,,,,,,,,,,,,
sv_talbanken-ud-test,1219,0,357,,1.0,,1.0,,,,,,,,,1.0,,,,,,,,,,,,,,2.0,,,,,,,,,,,,,1.0,,,,,,,,,,,,,,,,,9.0,,,,,,,,8.0,,,1.0,281.0,,,5.0,40.0,,,,,,,,,,,3.0,,,,,,,,,,3.0,,,1.0,
sv_talbanken-ud-train,4303,0,1324,,1.0,,2.0,,,,,,,,,19.0,,,1.0,,,,,,,,,,,33.0,,,,,,,,,,,,,,,,,,,,,,,,,,,,4.0,,83.0,,,,,,,,13.0,,,2.0,1010.0,,,13.0,118.0,,,,,,,,,,,8.0,1.0,,,,,,,,,14.0,,,2.0,
pl_pdb-ud-test,2215,0,150,,,,,,,,,,,,,,,,,,,,,,,,,,,6.0,,,,,,,,7.0,,,,,,,,,,,,,,,,,,,4.0,,,3.0,,,,,,,,3.0,,,,47.0,,72.0,,4.0,,3.0,,1.0,,,,,,,,,,,,,,,,,,,,,
pl_pdb-ud-train,17722,0,1127,,,,1.0,,,,,,,,,1.0,,,,,,,,,,,,,,49.0,,,,,,,,46.0,5.0,,,,,,,,3.0,,,,,,,,,,26.0,,,28.0,,,,,,,,15.0,,,2.0,376.0,,527.0,13.0,29.0,,2.0,,,,,,,,,,,,,,2.0,1.0,,,,1.0,,,,
pl_pdb-ud-dev,2215,0,127,,,,,,,,,,,,,,,,,,,,,,,,,,,10.0,,,,,,,,6.0,,,,,,,,,,,,,,,,,,,1.0,,,2.0,,,,,,,,,,,,39.0,,68.0,,1.0,,,,,,,,,,,,,,,,,,,,,,,,,
sah_yktdt-ud-test,299,0,41,,,,,,,,,,,,,,,,,,,,,,,,,,,,,,,,,,,,,,,,,,,,,,,,,,,,,,,,,1.0,,,,,,,,,,,,40.0,,,,,,,,,,,,,,,,,,,,,,,,,,,,,
uk_iu-ud-dev,673,0,232,,,,,,,,,,,,,,,,,,,,37.0,,,,,,,3.0,,,,,,,,14.0,4.0,,,,1.0,,,,,,,,,,6.0,,35.0,,,1.0,,2.0,,,,,,,,1.0,,,,48.0,,63.0,1.0,3.0,,,,,,,,,,,,1.0,,,,,,,,,12.0,,,,
uk_iu-ud-train,5521,0,1315,,,,,,,2.0,,,,,,7.0,,,2.0,,,,132.0,,,,,,,34.0,,,,,,,,118.0,25.0,,,,,,,1.0,19.0,2.0,,,,,43.0,,80.0,,,4.0,,14.0,,,,,,,,22.0,,,,376.0,,340.0,20.0,17.0,,,,,,,,,,,4.0,7.0,,,,,,,,,46.0,,,,
uk_iu-ud-test,898,0,409,,,,,,,,,,,,,1.0,,,,,,,47.0,,,,,,,11.0,,,,,,,,14.0,4.0,,4.0,,,,,,,,,,,,7.0,,75.0,,,2.0,,4.0,,,,,,,,4.0,,,,81.0,,103.0,1.0,5.0,,,,,,,,,,,,5.0,,,,,,,,,41.0,,,,
bn_bru-ud-test,56,0,2,,,,,,,,,,,,,,,,,,,,,,,,,,,,,,,,,,,,,,,,,,,,,,,,,,,,,,,,,,,,,,,,,1.0,,,,,,,,,,,,,,,,,,,,,,,,,,,,,1.0,,,,
hi_hdtb-ud-train,13306,0,5332,,9.0,3.0,11.0,,,,,,,15.0,,,,,,,,,424.0,,,,,,,20.0,,,,,,75.0,,,,,,,,,,,,,,,,,,,,,2.0,,,140.0,,,,,,,,23.0,,,,4462.0,,,29.0,80.0,,,,,,,,,,,,,,,,,,,,,18.0,,,21.0,
hi_hdtb-ud-dev,1659,0,715,,6.0,,4.0,,,,,,,1.0,,,,,,,,,70.0,,,,,,,1.0,,,,,,10.0,,,,,,,1.0,,,,,,,,,,,,,,2.0,,,16.0,,,,,,,,5.0,,,,566.0,,,11.0,14.0,,,,,,,,,,,,,,,,,,,,,4.0,,,4.0,
hi_hdtb-ud-test,1684,0,693,,1.0,,3.0,,,,,,,1.0,,,,,,,,,69.0,,,,,,,1.0,,,,,,15.0,,,,,,,,,,,,,,,,,,,,,,,,28.0,,,,,,,,2.0,,,,544.0,,,5.0,21.0,,,,,,,,,,,,,,,,,,,,,1.0,,,2.0,
es_ancora-ud-train,14287,0,7826,,6.0,,7.0,,,,,,,,,305.0,,,4.0,,,,380.0,,,,,,,240.0,,1.0,,,,19.0,414.0,,,,,,,,,8.0,39.0,,,,,,,,,,,,,475.0,,,,,,,,228.0,,,,4802.0,,,211.0,571.0,7.0,65.0,,,,,,,,,,5.0,,,,,,,,,35.0,,,4.0,
es_ancora-ud-test,1721,0,1041,,1.0,,,,,,,,,,,52.0,,,,,,,48.0,,,,,,,55.0,,,,,,1.0,46.0,,,,,,,,,,5.0,,,,,,,,,,,10.0,,50.0,,,,,,,,39.0,,,,596.0,,,31.0,99.0,1.0,7.0,,,,,,,,,,,,,,,,,,,,,,,
es_ancora-ud-dev,1654,0,979,,,,,,,,,,,,,33.0,,,1.0,,,,43.0,,,,,,,27.0,,,,,,3.0,41.0,,,,,,,,,,10.0,,,,,,,,,,,,,53.0,,,,,,,,32.0,,,,601.0,,,21.0,105.0,,4.0,,,,,,,,,,1.0,,,,,,,,,4.0,,,,
kmr_mg-ud-train,20,0,5,,,,,,,,,,,,,,,,,,,,,,,,,,,,,,,,,,,,,,,,,,,,,,,,,,,,,,,,,,,,,,,1.0,,,,,,3.0,,,,,,,,,,,,,,,,,,,,,,,,,1.0,,,,
kmr_mg-ud-test,734,0,213,,,,,,,,,,,,,,,,,,,,1.0,,,,,,,20.0,,,,,,,,,,,,,,,,,15.0,,,,,,,,,,,,,30.0,,,,,,55.0,,3.0,,,,74.0,,,1.0,,,,,,,,,,,,1.0,1.0,,,,,,,,,12.0,,,,
no_nynorsk-ud-dev,1890,0,384,,,,,,,,,,,,,2.0,,,2.0,,,,,,,,,,,24.0,,,,,,,,,,,,,,,,,,,,,4.0,,,,,,,,,61.0,,,,,,,,10.0,,1.0,1.0,208.0,,,3.0,57.0,,,,,,,,,,,,7.0,,,,,,,,,4.0,,,,
no_nynorsk-ud-test,1511,0,385,,,,,,,,,,,,,3.0,,,,,,,6.0,,,,,,,12.0,,,,,,,,,,,,,,,,,,,,,10.0,,,,,,,,,48.0,,,,,,,,6.0,,,1.0,240.0,,,9.0,47.0,,,,,,,,,,,,,,,,,,,,,1.0,,,2.0,
no_nynorsk-ud-train,14174,0,3281,,,,,,,,,,,,,14.0,,,1.0,,,,28.0,,,,,,,170.0,,1.0,,,,,,,,,,,,,,,5.0,,,3.0,67.0,,,,,,,,,445.0,,,,,,,,68.0,,3.0,4.0,1896.0,,,40.0,424.0,,,,,,,,,,,,52.0,,,,,,,,,46.0,,,14.0,
hr_set-ud-dev,960,0,433,,,,,,,,,,,,,1.0,,,,,,,,,,,,,,15.0,,,,,,,,,,,,,,,,,9.0,,,,,,,,,,,,,5.0,,,,,,,,10.0,,,,115.0,,254.0,,18.0,,,,,,,,,,,4.0,2.0,,,,,,,,,,,,,
hr_set-ud-train,6914,0,2212,,2.0,,1.0,,,,,,,5.0,,3.0,,,1.0,,,,,,,,,,,50.0,,,,,,,,,,,,,,,,,41.0,,,,,,,,,,,2.0,,20.0,,,,,,,,53.0,,,,698.0,,1224.0,11.0,38.0,,,,,,,,,,,11.0,41.0,,,,,,,,,10.0,,,1.0,
hr_set-ud-test,1136,0,336,,1.0,,,,,,,,,1.0,,,,,,,,,,,,,,,,12.0,,,,,,,,,,,,,,,,,9.0,,,,,,,,,,,,,3.0,,,,,,,,3.0,,,,109.0,,183.0,,6.0,,,,,,,,,,,2.0,6.0,,,,,,,,,1.0,,,,
orv_rnc-ud-dev,943,0,1064,,2.0,,,,,,,,,3.0,,7.0,,,,,,,6.0,,,,,,,5.0,,,,,,,,,,,,,,,,,,,,,,,,,,,,,,,,,,,,,,3.0,,,,85.0,,945.0,2.0,3.0,,,,,1.0,,,,,,,2.0,,,,,,,,,,,,,
orv_rnc-ud-train,1868,0,1087,,1.0,,3.0,,,,,,,4.0,,14.0,,,,,,,39.0,,,,,,,155.0,,,,,,1.0,,,,,,,1.0,,,,5.0,,,,,,,,,,1.0,6.0,,8.0,,,,,,,,47.0,,,2.0,116.0,,524.0,8.0,12.0,,,,,1.0,,,,,,3.0,13.0,,,,,,,,,121.0,,,2.0,
orv_rnc-ud-test,717,0,226,,,,,,,,,,,,,1.0,,,,,,,20.0,,,,,,,5.0,,,,,,,,,,,,,,,,,,,,,,,,,,,,,,,,,,,,,,2.0,,,4.0,64.0,,118.0,6.0,4.0,,,,,,,,,,,,,,,,,,,,,2.0,,,,
cpg_tuecl-ud-test,350,0,13,,,,,,,,,,,,,,,,,,,,,,,,,,,,,,,,,,,,,,,,,,,,,,,,,,,,,,,,,,,,,,,,,,,,1.0,10.0,,,,,,,,,,,,,,,,,,,,,,,,,,,,2.0,
la_circse-ud-test,1263,0,126,,,1.0,,,,,,19.0,,12.0,,,,,,,,,,,,,,,,3.0,,,,,,,23.0,3.0,,,,,,,,,1.0,,,,,,,,,,,,1.0,,,,,,,,,3.0,,,2.0,37.0,,,9.0,3.0,,2.0,,,,,,,,,3.0,,,,,,,,,,4.0,,,,
he_iahltwiki-ud-train,4298,0,651,,,3.0,,,,,,,,,,8.0,,,,,,,20.0,,,,,,,12.0,,,,,,3.0,,,,,,,,,,2.0,,,,,,,,,,,,,,8.0,,,,,,1.0,,21.0,,2.0,7.0,521.0,,,5.0,27.0,,,,,,,,1.0,,,,2.0,,,,,,,,,7.0,,,1.0,
he_iahltwiki-ud-dev,348,0,38,,,,,,,,,,,,,,,,,,,,,,,,,,,,,,,,,,,,,,,,,,,,,,,,,,,,,,,,,1.0,,,,,,,,3.0,,,,32.0,,,,1.0,,,,,,,,1.0,,,,,,,,,,,,,,,,,
he_iahltwiki-ud-test,393,0,51,,,,,,,,,,,,,,,,,,,,1.0,,,,,,,,,,,,,,,,,,,,,,,,,,,,,,,,,,,,,,,,,,,1.0,,2.0,,,,44.0,,,1.0,2.0,,,,,,,,,,,,,,,,,,,,,,,,,
qpm_philotis-ud-train,980,0,290,,,,1.0,,,,,1.0,,1.0,,,,,,,,,4.0,,,,,,,17.0,,,,,,,4.0,,,,,,,,,3.0,,,,,,,,,,,,,,,,,,,,,,8.0,,,,226.0,,,11.0,7.0,,,,,,,,,,1.0,3.0,1.0,,,,,,,,,2.0,,,,
qpm_philotis-ud-dev,635,0,133,,,,,,,,,,,,,,,,,,,,,,,,,,,,,,,,,,,,,,,,,,,,,,,,,,,,,,,,,,,,,,,,,,,,,126.0,,,,,,,,,,,,,,,,,,,,,,,,,7.0,,,,
qpm_philotis-ud-test,635,0,100,,,,,,,,,,,1.0,,1.0,,,,,,,,,,,,,,2.0,,,,,,,,,,,,,,,,,,,,,,,,,,,,,,1.0,,,,,,,,4.0,,,,85.0,,,2.0,1.0,,,,,,,,,,,2.0,,,,,,,,,,,1.0,,,
tr_atis-ud-dev,572,0,107,,,,,,,,,,,8.0,,,,,,,,,6.0,,,,,,,7.0,,,,,,,,,,,,,,,,,2.0,,,,,,,,,,,,,5.0,,,,,,,7.0,,,,,63.0,,,,,,,,,,,,,,9.0,,,,,,,,,,,,,,,
tr_atis-ud-train,4274,0,730,,,,,,,,,1.0,,57.0,,,,,,,,,27.0,,,,,,,36.0,,,,,,,,,,,,,,,,,2.0,,,,,,,,,,,,,36.0,,,,,,,13.0,8.0,,,,523.0,,,,1.0,,,,,,,,,,25.0,,1.0,,,,,,,,,,,,,
tr_atis-ud-test,586,0,116,,,,,,,,,,,9.0,,,,,,,,,15.0,,,,,,,7.0,,,,,,,,,,,,,,,,,2.0,,,,,,,,,,,,,4.0,,,,,,,8.0,1.0,,,,60.0,,,,,,,,,,,,,,9.0,,,,,,,,,,,1.0,,,,
hi_pud-ud-test,1000,0,452,,,,,,,,,,,2.0,,8.0,,,,,,,5.0,,,,,,,4.0,,,,,,1.0,,,,,,,,,,,,,,,,,,,,,2.0,,,9.0,,,,,,40.0,,3.0,,,,277.0,,,9.0,14.0,,,,,,,,,,74.0,,,,,,,,,,,2.0,,,2.0,
la_perseus-ud-test,939,0,68,,,,,,,,,1.0,,1.0,,,,,,,,,,,,,,,,1.0,,,,,,,10.0,,,,,,,,,,,,,,,,,,,,,,,1.0,,,,,,,,3.0,,,2.0,40.0,,,7.0,1.0,,,,,,,,,,,,,,,,,,,,,,,,1.0,
la_perseus-ud-train,1334,0,177,,,,1.0,,,,,,,,,,,,,,,,,,,,,,,6.0,,,,,,,33.0,,,,,,,,,,6.0,,,,,,,,,,,,,2.0,,,,,,,,10.0,,,1.0,90.0,,,18.0,9.0,,,,,,,,,,,,,,,,,,,,,1.0,,,,
tr_kenet-ud-dev,1646,0,211,,,,,,,,,1.0,,16.0,,,,,,,,,24.0,,,,,,,1.0,,,,,,,,,,,,,,,,,,,,,,,,,,,,,,2.0,,,,,,,,3.0,,,,158.0,,,,4.0,,,,,,,,,,,,,,,,,,,,,2.0,,,,
tr_kenet-ud-test,1643,0,140,,,,,,,,,1.0,,3.0,,,,,,,,,15.0,,,,,,,1.0,,,,,,,,,,,,,,,,,1.0,,,,,,,,,,,,,2.0,,,,,,,,1.0,,,,112.0,,,1.0,3.0,,,,,,,,,,,,,,,,,,,,,,,,,
tr_kenet-ud-train,15398,0,1723,,4.0,,,,,,,1.0,,86.0,,,,,1.0,,,2.0,154.0,,,,,,,26.0,,,,,,,,,,,,,,,,5.0,1.0,,,,,,,,,,,4.0,,16.0,,,,,,,,14.0,,,,1385.0,,,6.0,8.0,,,,,,,,,,,,1.0,,,,,,,,,8.0,,,1.0,
sms_giellagas-ud-test,230,0,17,,,,,,,,,,,,,,,,,,,,,,,,,,,,,,,,,,,,,,,,,,,,,,,,,,,,,,,,,,,,,,,,,,,,,15.0,,,,,,,,,,1.0,,,,,,,,,,,,,,,,,,1.0,
sk_snk-ud-dev,1060,0,8,,,,,,,,,,,,,,,,,,,,,,,,,,,,,,,,,,4.0,4.0,,,,,,,,,,,,,,,,,,,,,,,,,,,,,,,,,,,,,,,,,,,,,,,,,,,,,,,,,,,,,,,
sk_snk-ud-test,1061,0,8,,,,,,,,,,,,,,,,,,,,,,,,,,,,,,,,,,,7.0,,,,,,,,,,,,,,,,,,,,,,,,,,,,,,1.0,,,,,,,,,,,,,,,,,,,,,,,,,,,,,,,,,
sk_snk-ud-train,8483,0,52,,,,,,,,,,,,,,,,,,,,,,,,,,,,,,,,,,12.0,32.0,,,,,,,,,,,,,,,,,,,,,,,,,,,,,,2.0,,,,,,,3.0,3.0,,,,,,,,,,,,,,,,,,,,,,,,,
frm_profiterole-ud-test,512,0,107,,,,,,,,,,,13.0,,,,,,,,,,,,,,,,4.0,,,,,,,43.0,,,,,,,,,,39.0,,,,,,,,,,,,,2.0,,,,,,,,2.0,,,,1.0,,,1.0,2.0,,,,,,,,,,,,,,,,,,,,,,,,,
hit_hittb-ud-test,136,0,3,,,,,,,,,,,,,,,,,,,,,,,,,,,,,,,,,,,,,,,,1.0,,,,,,,,,,,,,,,,,,,,,,,,,,,,,2.0,,,,,,,,,,,,,,,,,,,,,,,,,,,,,
sa_ufal-ud-test,230,0,13,,,,,,,,,,,,,,,,,,,,,,,,,,,,,,,,,,,,,,,,,,,,,,,,,,,,,,,,,,,,,,,,,1.0,,,,8.0,,1.0,,3.0,,,,,,,,,,,,,,,,,,,,,,,,,
be_hse-ud-train,22853,0,4260,,1.0,,2.0,,,,,,,7.0,,335.0,,,,,,,18.0,,,,,,,67.0,,,,,,3.0,1.0,,,,,,,,,5.0,5.0,,,,,,,,,,3.0,547.0,,161.0,,,,,,,,47.0,,,3.0,1207.0,,1411.0,15.0,62.0,,,,,,,,,,,9.0,218.0,,,,,,,,,131.0,,,2.0,
be_hse-ud-dev,1301,0,248,,,,,,,,,,,,,41.0,,,,,,,1.0,,,,,,,8.0,,,,,,,,,,,,,,,,1.0,,,,,,,,,,,,11.0,,4.0,,,,,,,,5.0,,,,76.0,,85.0,,3.0,,,,,,,,,,,,1.0,,,,,,,,,12.0,,,,
be_hse-ud-test,1077,0,208,,,,,,,,,,,,,42.0,,,,,,,,,,,,,,1.0,,,,,,,,,,,,,,,,,,,,,,,,,,,,12.0,,21.0,,,,,,,,,,,,54.0,,63.0,1.0,,,,,,,,,,,,1.0,6.0,,,,,,,,,7.0,,,,
et_ewt-ud-train,5444,0,888,,4.0,,3.0,,,,,,,1.0,,4.0,,,5.0,,,,28.0,,,,,,,53.0,,,,,,,,,,,,,,,,,18.0,,,,,,,,,,,,,3.0,,,,,,,,16.0,19.0,,,614.0,,,15.0,47.0,,,,,,,,,,,,18.0,,,,,,,,,40.0,,,,
et_ewt-ud-test,913,0,262,,,,1.0,,,,,,,1.0,,6.0,,,,,,,3.0,,,,,,,27.0,,,,,,,,,,,,,,,,,8.0,,,,,,,,,,,,,,,,,,,,,4.0,2.0,,,146.0,,,4.0,37.0,,,,,,,,,,,1.0,15.0,,,,,,,,,7.0,,,,
et_ewt-ud-dev,833,0,196,,,,1.0,,,,,,,,,1.0,,,2.0,,,,2.0,,,,,,,6.0,,,,,,1.0,,,,,,,,,,,14.0,,,,,,,,,,,,,1.0,,,,,,,,1.0,2.0,,,115.0,,,5.0,22.0,,,,,,,,,,,,14.0,,,,,,,,,8.0,,,1.0,
yo_ytb-ud-test,318,0,75,,2.0,,,,,,,,,,,,1.0,,,,,,,,,,,,1.0,4.0,,,,,,,,,,,,,,,,3.0,,,,,,,,,,,,,,24.0,,,,,,,,7.0,,,,24.0,,,3.0,5.0,,,,,,,,,,,,,,,,,,,,,1.0,,,,
wo_wtb-ud-dev,449,0,114,,,,,,,,,,,,,2.0,,,2.0,,,,7.0,,,,,,,20.0,,,,,,,,,,,,,,,,,,,,,,,,,,,,,,1.0,,,,,,,,,,,,75.0,,,1.0,5.0,,,,,,,,,,,,,,,,,,,,,1.0,,,,
wo_wtb-ud-test,470,0,128,,,,,,,,,,,,,2.0,,,,,,,16.0,,,,,,,15.0,,,,,,,,,,,,,,,,,,,,,,,,,,,,,,,,,,,,,,,,,,75.0,,,4.0,13.0,,,,,,,,,,,,,,,,,,,,,3.0,,,,
wo_wtb-ud-train,1188,0,271,,,,,,,,,2.0,,,,7.0,,,2.0,,,,13.0,,,,,,,13.0,,,,,,,,,,,,,2.0,,,2.0,,,,,,,,,,,1.0,,,1.0,,,,,,,,1.0,,,,204.0,,,8.0,11.0,,,,,,,,,,,,1.0,,,,,,,,,3.0,,,,
cs_pud-ud-test,1000,0,505,,,,2.0,,,,,,,1.0,,6.0,,,1.0,,,,5.0,,,,,,,19.0,,,,,,,1.0,30.0,10.0,,,,,,,,1.0,,,,,,,,,,,,,7.0,,,,,,,,15.0,,,,319.0,,74.0,1.0,5.0,,2.0,,,,,,,,,,1.0,,,,,,,,,5.0,,,,
orv_ruthenian-ud-test,390,0,70,,,,1.0,,,,,,,,,,,,,,,,3.0,,,,,,,6.0,,,,,,,,,,,,,,,,,,,,,,,,,,,,,,1.0,,,,,,,,,,,,26.0,,10.0,6.0,3.0,,,,,,,,,,,,11.0,,,,,,,,,3.0,,,,
orv_ruthenian-ud-train,2789,0,703,,1.0,,,,,,,,,1.0,,2.0,,,1.0,,,,34.0,,,,,,,25.0,,,,,,29.0,,,,,,,,,,,,,,,,,,,,,1.0,,,3.0,,,,,,,,3.0,,,2.0,220.0,,316.0,2.0,5.0,,,,,,,,,,,1.0,54.0,,,,,,,,,1.0,,,2.0,
orv_ruthenian-ud-dev,344,0,31,,,,1.0,,,,,,,,,,,,,,,,,,,,,,,1.0,,,,,,,,,,,,,,,,,,,,,,,,,,,,,,,,,,,,,,,,,,19.0,,9.0,,,,,,,,,,,,,,1.0,,,,,,,,,,,,,
ml_ufal-ud-test,218,0,35,,,1.0,,,,,,,,,,,,,,,,,,,,,,,,,,,,,,,,,,,,,,,,,3.0,,,,,,,,,,,,,,,,,,,,,,,,,29.0,,,,1.0,,,,,,,,,,,,,,,,,,,,,1.0,,,,
en_gumreddit-ud-train,686,0,82,,,,,,,,1.0,,,,,1.0,,,,,,,,,,,,,,4.0,,,,,,4.0,,,,,,,,,,,1.0,,,,,,,,,,,,,6.0,,,,,,,1.0,2.0,,1.0,2.0,44.0,,,4.0,5.0,,,,,,,,,,,,2.0,,,,,,,,,4.0,,,,
en_gumreddit-ud-test,105,0,13,,,,,,,,,,,,,,,,,,,,1.0,,,,,,,,,,,,,,,,,,,,,,,,,,,,,,,,,,,,,,,,,,,,,,,,,11.0,,,,1.0,,,,,,,,,,,,,,,,,,,,,,,,,
en_gumreddit-ud-dev,104,0,13,,,,,,,,,,,,,,,,,,,,1.0,,,,,,,1.0,,,,,,,,,,,,,,,,,,,,,,,,,,,,,,,,,,,,,,,,,,10.0,,,1.0,,,,,,,,,,,,,,,,,,,,,,,,,,
nyq_aha-ud-test,10,0,5,,,,,,,,,,,,,,,,,,,,,,,,,,,,,,,,,,,,,,,,,,,,,,,,,,,,,,,,,,,,,,,,,,,,,5.0,,,,,,,,,,,,,,,,,,,,,,,,,,,,,
de_pud-ud-test,1000,0,809,,,,1.0,,,,,,,,,2.0,,,,,,,10.0,,,,11.0,,,15.0,,,,,,,422.0,,,,,,,,,,,,,,,,,,,,,,,16.0,,,,,,,,9.0,,,1.0,227.0,,,3.0,19.0,,,,,,,,,,69.0,,,,,,,,,,,4.0,,,,
cop_scriptorium-ud-dev,381,0,89,,,,,,,,,,,,,,,,1.0,,,,13.0,,,,,,,5.0,,,,,,,,,,,,,2.0,,,,,,,,,,,,,,,,,3.0,,,,,,,,3.0,,,,44.0,,,5.0,8.0,,,,,,,,3.0,,,,1.0,,,,,,,,,,,,1.0,
cop_scriptorium-ud-train,1419,0,161,,,3.0,,,,,,,,,,,,,3.0,,,,3.0,,,,,,,7.0,,,,,,,,,,,,,7.0,,,,,,,,,,,,,,1.0,,,7.0,,,,,,,,19.0,,,,68.0,,,11.0,14.0,,,,,,,,13.0,,,1.0,1.0,,,,,,,,1.0,2.0,,,,
cop_scriptorium-ud-test,403,0,50,,,1.0,,,,,,,,,,,,,,,,,1.0,,,,,,,9.0,,,,,,,,,,,,,5.0,,,,,,,,,,,,,,,,,4.0,,,,,,,,7.0,,,,10.0,,,2.0,6.0,,,,,,,,4.0,,,,,,,,,,,,,1.0,,,,
gl_treegal-ud-train,600,0,144,,,,,,,,,,,,,1.0,,,,,,,1.0,,,,,,,12.0,,,,,,1.0,,,,,,,,,,,,,,,1.0,,,,,,,,,17.0,,,,,,,,1.0,,,,84.0,,,4.0,22.0,,,,,,,,,,,,,,,,,,,,,,,,,
gl_treegal-ud-test,400,0,83,,,,,,,,,,,,,,,,,,,,1.0,,,,,,,5.0,,,,,,,,,,,,,,,,,,,,,,,,,,,,,,16.0,,,,,,,,,,,,46.0,,,,14.0,,,,,,,,,,,,,,,,,,,,,1.0,,,,
ro_nonstandard-ud-test,1052,0,97,,,,,,,,,,,,,2.0,,,,,,,2.0,,,,,,,1.0,,,,,,,,,,,,,,,,,,,,,,,,,,,1.0,,,1.0,,,,,,,,3.0,,,,78.0,,,2.0,1.0,,,,,,,,,,,4.0,1.0,,,,,,,,,,,,1.0,
ro_nonstandard-ud-dev,1052,0,121,,,,,,,,,,,,,,,,,,,,3.0,,,,,,,5.0,,,,,,,,,,,,,,,,,,,,,,,,,,,,,,6.0,,,,,,,,8.0,,,1.0,83.0,,,4.0,7.0,,,,,,,,,1.0,,2.0,,,,,,,,,,1.0,,,,
ro_nonstandard-ud-train,24121,0,2100,,1.0,,1.0,,,,,,,,,8.0,,,,,,,1.0,,,,,,,208.0,,,,,,,,,,,,,,,,,,,,,,,,,,,15.0,,,46.0,,,,,,,10.0,93.0,,,16.0,1524.0,,,61.0,78.0,,,,,,,,,17.0,,1.0,4.0,,,,,,,,,8.0,,,8.0,
ro_simonero-ud-test,491,0,336,,,,1.0,,,,,,,,,4.0,,,,,,,,,,,,,,28.0,,,,,,,,,,,,,,,,,,,,,,,,,,,,,,,,,,,,,,4.0,,,,203.0,,,,1.0,,,,,,,,,,,,90.0,,,,,,,,,4.0,,,1.0,
ro_simonero-ud-train,3747,0,3351,,5.0,,2.0,,,,,,,,,13.0,,,3.0,,,,5.0,,,,,,,298.0,,,,,,,,,,,,,,,,,1.0,,,,,,,,,,,,,,,,,,,,,80.0,,,11.0,2292.0,,,9.0,6.0,,,,,,,,,2.0,,,593.0,,,,,,,,,27.0,,,4.0,
ro_simonero-ud-dev,443,0,474,,,,,,,,,,,,,3.0,,,,,,,,,,,,,,57.0,,,,,,,,,,,,,,,,,,,,,,,,,,,,,,,,,,,,,,6.0,,,2.0,278.0,,,,1.0,,,,,,,,,,,,124.0,,,,,,,,,3.0,,,,
pt_petrogold-ud-train,7170,0,5952,,,,4.0,,,,,,,1.0,,127.0,,,,,,,,,,,,,,429.0,,,,,,,,,,,,,,,,,65.0,,,,266.0,,,,,,,,,880.0,,,,,,,,13.0,,,8.0,3905.0,,,13.0,121.0,,13.0,,,,,,,,,,35.0,,,,,,,,,68.0,,,4.0,
pt_petrogold-ud-test,1039,0,725,,,,1.0,,,,,,,,,15.0,,,,,,,,,,,,,,34.0,,,,,,,,,,,,,,,,,1.0,,,,3.0,,,,,,,,,143.0,,,,,,,,2.0,,,2.0,496.0,,,1.0,8.0,,,,,,,,,,,,9.0,,,,,,,,,10.0,,,,
pt_petrogold-ud-dev,737,0,531,,,,2.0,,,,,,,,,7.0,,,,,,,,,,,,,,29.0,,,,,,,,,,,,,,,,,,,,,15.0,,,,,,,,,177.0,,,,,,,,,,,,289.0,,,,10.0,,,,,,,,,,,,1.0,,,,,,,,,1.0,,,,
pt_gsd-ud-dev,1204,0,831,,,,1.0,,,,,,,,,53.0,,,1.0,,,,,,,,,,,31.0,,,,,,,,,,,,,,,,1.0,3.0,,,,1.0,,,,,,,,,260.0,,,,,,,,12.0,,,3.0,450.0,,,2.0,9.0,,,,,,,,,,,,4.0,,,,,,,,,,,,,
pt_gsd-ud-test,1200,0,856,,1.0,,,,,,,,,,,58.0,,,,,,,,,,,,,,47.0,,,,,,,,,,,,,,,,1.0,10.0,,,,4.0,,,,,,,,,209.0,,,,,,,,11.0,,,4.0,483.0,,,5.0,19.0,,,,,,,,,,,,3.0,,,,,,,,,1.0,,,,
pt_gsd-ud-train,9616,0,6819,,,3.0,1.0,,,,,,,1.0,,452.0,,,3.0,,,,,,,,,,,234.0,,,,,,3.0,2.0,,,,,,,,,6.0,50.0,,,,13.0,,,,,,,,,1954.0,,,,,,,,66.0,,,20.0,3772.0,,,56.0,135.0,,,,,,,,,,,,23.0,,,,,,,,,18.0,,,7.0,
si_stb-ud-test,100,0,2,,,,,,,,,,,,,,,,,,,,,,,,,,,,,,,,,,,,,,,,,,,,,,,,,,,,,,,,,,,,,,,,,,,,,1.0,,,,1.0,,,,,,,,,,,,,,,,,,,,,,,,,
ro_tuecl-ud-test,210,0,29,,,,,,,,,,,,,,,,,,,,,,,,,,,2.0,,,,,,,,,,,,,,,,,,,,,,,,,,,,,,,,,,,,,,,,,,25.0,,,1.0,1.0,,,,,,,,,,,,,,,,,,,,,,,,,
lt_alksnis-ud-test,684,0,48,,,,,,,,,,,,,,,,,,,,1.0,,,,,,,2.0,,,,,,,,,,,,,,,,,,,,,,,,,,,,,,,,,,,,,,1.0,,,,27.0,,13.0,,3.0,,1.0,,,,,,,,,,,,,,,,,,,,,,,
lt_alksnis-ud-dev,617,0,40,,,,,,,,,,,,,,,,,,,,,,,,,,,,,,,,,,,,,,,,,,,,,,,,,,,,,,,,,,,,,,,,,,,,,23.0,,15.0,,,,2.0,,,,,,,,,,,,,,,,,,,,,,,
lt_alksnis-ud-train,2341,0,117,,,,,,,,,,,,,2.0,,,,,,,1.0,,,,,,,2.0,,,,,,2.0,,,,,,,,,,,,,,,,,,,,,,,,,,,,,,,,3.0,,,1.0,72.0,,23.0,2.0,4.0,,5.0,,,,,,,,,,,,,,,,,,,,,,,
vi_tuecl-ud-test,100,0,51,,,,,,,,,,,,,,,,,,,,,,,,,,,,,,,,,,,,,,,,,,,,,,,,,,,,,,,,,,,,,,,,,,,,,51.0,,,,,,,,,,,,,,,,,,,,,,,,,,,,,
zh_beginner-ud-test,2295,0,592,,,,,,,,,,,,,,,,,,,,,,,,,,,10.0,,,,,,19.0,,,,,,,,,,,106.0,,,,,,,,,,,,,10.0,,,,,,,,,,,,437.0,,,6.0,1.0,,,,,,,,,,,,,,,,,,,,,3.0,,,,
olo_kkpp-ud-test,106,0,13,,,,,,,,,,,,,,,,,,,,,,,,,,,,,,,,,,,,,,,,,,,,,,,,,,,,,,,,,,,,,,,,,,,,,12.0,,,,,,,,,,,,,,,,,,,,,,,,,1.0,,,,
ko_gsd-ud-test,989,0,82,,,,,,,,,,,,,,,,,,,,,,,,,,,1.0,,,,,,,1.0,,,,,,,,,,6.0,,,,,,,,,,,,,1.0,,,,,,2.0,,3.0,,,,65.0,,,,1.0,,,,,,,,,,,,,,,,,,,2.0,,,,,,
ko_gsd-ud-train,4400,0,397,,,1.0,1.0,,,,,,,,,5.0,,,,,,,,,,,,,,20.0,,,,,,1.0,1.0,,,,,,,,,,28.0,,,,,,,,,,,,,3.0,,,,,,7.0,,14.0,,,1.0,286.0,,,7.0,10.0,,,,,,,,,,,,,,,,,,,11.0,,1.0,,,,
ko_gsd-ud-dev,950,0,70,,,,,,,,,,,,,3.0,,,,,,,,,,,,,,1.0,,,,,,,,,,,,,,,,,9.0,,,,,,,,,,,,,1.0,,,,,,,,,,,,51.0,,,1.0,1.0,,,,,,,,,,,,,,,,,,,3.0,,,,,,
it_old-ud-train,1748,0,140,,,,,,1.0,,,,,,,,,,,,,,,,,,,,,6.0,,,,,,,,,,,,,,,,,2.0,,,,,,,1.0,,,,,,1.0,,,,,,,,5.0,,,,105.0,,,6.0,8.0,1.0,,,,,2.0,,,,,,,,,,,,,,,2.0,,,,
it_old-ud-dev,316,0,44,,,1.0,,,,,,,,,,,,,1.0,,,,,,,,,,,1.0,,,,,,,,,,,,,,,,,1.0,,,,,,,,,,,,,2.0,,,,,,,,,,,,29.0,,,5.0,2.0,,1.0,,,,,,,,,,1.0,,,,,,,,,,,,,
it_old-ud-test,338,0,71,,,,,,,,,,,,,,,,,,,,,,,,,,,4.0,,,,,,,,,,,,,,,,,,,,,,,,1.0,,,,,,1.0,,,,,,,,5.0,,,,49.0,,,8.0,2.0,,,,,,,,,,,,1.0,,,,,,,,,,,,,
hy_bsut-ud-train,1226,0,485,,,,,,,,,,,1.0,,11.0,,,,,,,1.0,,,,,,,7.0,,,,,,,,,,,,,,,,,66.0,,,,,,33.0,,,,,,,,,,1.0,,,9.0,,2.0,,,,327.0,,,2.0,21.0,,,,,,,,,,,,1.0,,,,,,,,,3.0,,,,
hy_bsut-ud-test,595,0,192,,,,,,,,,,,,,1.0,,,,,,,,,,,,,,3.0,,,,,,,,,,,,,,,,,8.0,,,,,,6.0,,,,,2.0,,,,,,,,12.0,,1.0,,,,148.0,,,,7.0,,,,,,,,,,,,3.0,,,,,,,,,1.0,,,,
hy_bsut-ud-dev,479,0,174,,,,,,,,,,,1.0,,1.0,,,,,,,,,,,,,,,,,,,,,,,,,,,,,,,5.0,,1.0,,,,6.0,,,,,,,,,,,,,20.0,,1.0,,,,119.0,,,,20.0,,,,,,,,,,,,,,,,,,,,,,,,,
mdf_jr-ud-test,454,0,33,,,,,,,,,1.0,,,,,,,,,,,,,,,,,,1.0,,,,,,,,,,,,,,,,,,,,,,,,,,,,,,1.0,,,,,,,,,1.0,,,29.0,,,,,,,,,,,,,,,,,,,,,,,,,,,,,
vep_vwt-ud-test,103,0,10,,,,,,,,,,,,,,,,,,,,,,,,,,,,,,,,,,,,,,,,,,,,,,,,,,,,,,,,,,,,,,,,,,,,,10.0,,,,,,,,,,,,,,,,,,,,,,,,,,,,,
la_llct-ud-dev,850,0,339,,,2.0,1.0,,,,,45.0,,,,,,,,,,,1.0,,,,,,,12.0,,,,,,,87.0,,,,,,,,,,6.0,,,,,,,,,,,,,6.0,,,,,,,,6.0,,,6.0,166.0,,,,1.0,,,,,,,,,,,,,,,,,,,,,,,,,
la_llct-ud-test,884,0,370,,,,,,,,,61.0,,,,,,,,,,,,,,,,,,17.0,,,,,,,92.0,,,,,,,,,,13.0,,,,,,,,,,,,,4.0,,,,,,,,5.0,,,6.0,172.0,,,,,,,,,,,,,,,,,,,,,,,,,,,,,
la_llct-ud-train,7289,0,2202,,1.0,1.0,1.0,,2.0,1.0,,227.0,,,,,,,1.0,,,,1.0,,,,,,,62.0,,,,,,,706.0,,,,,,1.0,3.0,1.0,,40.0,,,,,,,,,,1.0,,,14.0,,,,,,,,47.0,,,26.0,1023.0,,,22.0,13.0,,1.0,,,,,,,,,,2.0,,,,,,,,,1.0,,,4.0,
es_pud-ud-test,1000,0,477,,,,,,,,,,,,,47.0,,,,,,,1.0,,,,,,,12.0,,,,,,,40.0,,,,,,,,,2.0,,,,,1.0,,,,,,,,,75.0,,,,,,,,6.0,,,1.0,191.0,,,4.0,80.0,,,,,,,,,,16.0,,,,,,,,,,,1.0,,,,
en_atis-ud-test,586,0,127,,,,,,,,,,,1.0,,,,,,,,,17.0,,,,,,,5.0,,,,,,,,,,,,,,,,,6.0,,,,,,,,,,,,,,,,,,,,,1.0,,,,90.0,,,,2.0,,,,,,,,,,4.0,,1.0,,,,,,,,,,,,,
en_atis-ud-train,4274,0,933,,,1.0,,,,,,,,14.0,,1.0,,,,,,,144.0,,,,,,,18.0,,,,,,,,,,,,,,,,,16.0,,,,,,,,,,,,,4.0,,,,,,,8.0,3.0,,,,683.0,,,1.0,19.0,,,,,,,,,,21.0,,,,,,,,,,,,,,,
en_atis-ud-dev,572,0,131,,,,,,,,,,,,,13.0,,,,,,,11.0,,,,,,,5.0,,,,,,,,,,,,,,,,,3.0,,,,,,,,,,,1.0,,,,,,,,,9.0,,,,,70.0,,,1.0,18.0,,,,,,,,,,,,,,,,,,,,,,,,,
hsb_ufal-ud-test,623,0,411,,,,,,,,,19.0,1.0,1.0,,8.0,,,,,,,33.0,,,,,,,42.0,,,,,,,,18.0,,,,,,,,,,,,,,,,,,,,2.0,,5.0,,,,,,,,,,,,185.0,,64.0,2.0,14.0,,,,,,,,,,,,14.0,,,,,,,,,3.0,,,,
hsb_ufal-ud-train,23,0,13,,,,,,,,,1.0,,,,,,,,,,,,,,,,,,,,,,,,,,1.0,,,,,,,,,,,,,,,,,,,,,,,,,,,,,,,,,,7.0,,,,4.0,,,,,,,,,,,,,,,,,,,,,,,,,
fi_tdt-ud-train,12217,0,3822,,,3.0,5.0,,,,,,,1.0,,113.0,,,5.0,,,,121.0,,3.0,,,,,93.0,,,,,,,,,,,,,,,,,273.0,,,,33.0,,,,,,,,,62.0,,1.0,,,,15.0,,19.0,11.0,,,2577.0,,,13.0,428.0,,,,,,,,,,,4.0,1.0,,,,,,,,,41.0,,,,
fi_tdt-ud-test,1555,0,473,,,1.0,,,,,,,,,,5.0,,,,,,,10.0,,,,,,,7.0,,,,,,,,,,,,,,,,,45.0,,,,12.0,,,,,,,,,13.0,,,,,,1.0,,3.0,2.0,,,288.0,,,2.0,77.0,,,,,,,,,,,3.0,,,,,,,,,,4.0,,,,
fi_tdt-ud-dev,1364,0,390,,,,,,,,,,,,,21.0,,,1.0,,,,13.0,,,,,,,5.0,,,,,,,,,,,,,,,,,25.0,,,,5.0,,,,,,,,,5.0,,,,,,1.0,,1.0,1.0,,,258.0,,,2.0,50.0,,,,,,,,,,,,,,,,,,,,,2.0,,,,
id_gsd-ud-train,4482,0,3443,,1.0,,,,,,,,,1.0,,69.0,,,,,,,5.0,,,,,,,31.0,,,,,,,,,,,,,,,,2.0,107.0,,,,,,,,,,2.0,,,4.0,,,,,,,20.0,4.0,,,2.0,3055.0,,,12.0,8.0,,,,,,,,,,108.0,,,,,,,,,,,12.0,,,,
id_gsd-ud-test,557,0,382,,,,,,,,,,,,,5.0,,,,,,,,,,,,,,10.0,,,,,,1.0,,,,,,,,,,1.0,12.0,,,,,,,,,,,,,,,,,,,,,1.0,,,1.0,329.0,,,1.0,2.0,,,,,,,,,,19.0,,,,,,,,,,,,,,,
id_gsd-ud-dev,559,0,402,,,,,,,,,,,,,4.0,,,,,,,,,,,,,,1.0,,,,,,,,,,,,,,,,,10.0,,,,,,,,,,,,,1.0,,,,,,,2.0,2.0,,,,370.0,,,1.0,,,,,,,,,,,9.0,,1.0,,,,,,,,,1.0,,,,
it_valico-ud-test,398,0,16,,,,,,,,,,,,,,,,,,,,,,,,,,,,,,,,,,,,,,,,,,,1.0,,,,,,,,,,,,,,1.0,,,,,,,,1.0,,,,11.0,,,1.0,1.0,,,,,,,,,,,,,,,,,,,,,,,,,
sr_set-ud-test,520,0,149,,,,,,,,,,,,,,,,,,,,,,,,,,,4.0,,,,,,,,,,,,,,,,,4.0,,,,,,,,,,,,,3.0,,,,,,,,1.0,,,,62.0,,65.0,,10.0,,,,,,,,,,,,,,,,,,,,,,,,,
sr_set-ud-train,3328,0,891,,,,,,,,,,,5.0,,1.0,,,,,,,,,,,,,,18.0,,,,,,,,,,,,,,,,,23.0,,,,,,,,,,,,,13.0,,,,,,,,15.0,,,,288.0,,486.0,1.0,29.0,,,,,,,,,,,2.0,9.0,,,,,,,,,,,,1.0,
sr_set-ud-dev,536,0,162,,,,,,,,,,,1.0,,1.0,,,,,,,,,,,,,,5.0,,,,,,,,,,,,,,,,,6.0,,,,,,,,,,,,,,,,,,,,,7.0,,,,52.0,,85.0,1.0,1.0,,,,,,,,,,,1.0,2.0,,,,,,,,,,,,,
myv_jr-ud-test,921,0,58,,,,,,,,,1.0,,,,,,,,,,,1.0,,,,,,,2.0,,,,,,,6.0,,,,,,,,,2.0,,,,,,,,,,,,,,,,,,,,,,3.0,,,,40.0,,,,2.0,,,,,,,,,,1.0,,,,,,,,,,,,,,,
myv_jr-ud-train,1217,0,79,,,,,,,,,,,,,,,,,,,,,,,,,,,,,,,,,,4.0,,,,,,,,,,,,,,,,,,,,,,,,,,,,,,,8.0,,,,58.0,,,2.0,1.0,,,1.0,,,,,,,,2.0,,,,,,,,,,3.0,,,,
tr_framenet-ud-test,205,0,10,,,,,,,,,,,1.0,,,,,,,,,2.0,,,,,,,,,,,,,,,,,,,,,,,,,,,,,,,,,,,,,,,,,,,,,,,,,7.0,,,,,,,,,,,,,,,,,,,,,,,,,,,,,
tr_framenet-ud-train,2288,0,129,,,,,,,,,,,2.0,,,,,,,,,23.0,,,,,,,,,,,,,,,,,,,,,,,,,,,,,,,,,,,,,,,,,,,,,,,,,102.0,,,1.0,1.0,,,,,,,,,,,,,,,,,,,,,,,,,
tr_framenet-ud-dev,205,0,7,,,,,,,,,,,,,,,,,,,,,,,,,,,,,,,,,,,,,,,,,,,,,,,,,,,,,,,,,,,,,,,,,,,,,7.0,,,,,,,,,,,,,,,,,,,,,,,,,,,,,
id_pud-ud-test,1000,0,494,,,,,,,,,,,,,6.0,,,,,,,,,,,,,,11.0,,,,,,,,,,,,,,,,,75.0,,,,,,,,,,,,,7.0,,,,,,,5.0,9.0,,,2.0,355.0,,,2.0,4.0,,,,,,,,,,16.0,,,,,,,,,,,2.0,,,,
bho_bhtb-ud-test,357,0,113,,,,,,,,,,,2.0,,,,,1.0,,,,18.0,,,,,,,,,,,,,,45.0,,,,,,,,,2.0,,,,,,,,,,,,,,5.0,,,,,,,,2.0,,,,30.0,,,4.0,1.0,,,,,,,,,,,,,,,,,,,,,3.0,,,,
gun_thomas-ud-test,98,0,6,,,,,,,,,,,,,,,,,,,,,,,,,,,,,,,,,,,,,,,,,,,,,,,,,,,,,,,,,,,,,,,,,,,,,6.0,,,,,,,,,,,,,,,,,,,,,,,,,,,,,
kfm_aha-ud-test,10,0,5,,,,,,,,,,,,,,,,,,,,,,,,,,,,,,,,,,,,,,,,,,,,,,,,,,,,,,,,,,,,,,,,,,,,,5.0,,,,,,,,,,,,,,,,,,,,,,,,,,,,,
fr_fqb-ud-test,2289,0,128,,,,,,,,,,,,,,,,,,,,,,,,,,,,,,,,,,,,,,,,,,,,,,,,,,,,,,,,,12.0,,,,,,,,1.0,,,,49.0,,,4.0,,,4.0,,,,,58.0,,,,,,,,,,,,,,,,,,
bm_crb-ud-test,1026,0,1,,,,,,,,,,,1.0,,,,,,,,,,,,,,,,,,,,,,,,,,,,,,,,,,,,,,,,,,,,,,,,,,,,,,,,,,,,,,,,,,,,,,,,,,,,,,,,,,,,,,,
ky_ktmu-ud-train,80,0,20,,,,,,,,,,,,,,,,,,,,4.0,,,,,,,,,,,,,,,,,,,,,,,,1.0,,,,,,,,,,,,,,,,,,,,,,,,,15.0,,,,,,,,,,,,,,,,,,,,,,,,,,,,,
ky_ktmu-ud-test,701,0,362,,,,,,,,,,,,,,,,,,,,134.0,,,,,,,,,,,,,,,,,,,,,,,,,,,,,,,,,,,,,9.0,,,,,,,,,,,,219.0,,,,,,,,,,,,,,,,,,,,,,,,,,,,,
kpv_ikdp-ud-test,214,0,60,,,,,,,,,,,,,,,,,,,,2.0,,,,,,,1.0,,,,,,,,,,,,,,,,2.0,,,,,,,,,,,,,,2.0,,,,,,,,,,,,50.0,,,1.0,,,,,,,,,,,,,,,,,,,,,,2.0,,,,
pt_cintil-ud-test,3840,0,1281,,,,,,,,,,,226.0,,,,,1.0,,,,,,,,,,,9.0,,,,,,49.0,,,,,,,,,,199.0,37.0,,,,,,,,,,,,,,,,,,,,,30.0,,,,531.0,,,37.0,148.0,,,,,,,,,,,,5.0,,,,,,,,,9.0,,,,
pt_cintil-ud-dev,3840,0,659,,,,,,,,,,,16.0,,,,,1.0,,,,,,,,,,,1.0,,,,,,68.0,,,,,,,,,,41.0,4.0,,,,,,,,,,,,,,,,,,,,,14.0,,,,405.0,,,32.0,63.0,,,,,,,,,,,,,,,,,,,,,14.0,,,,
pt_cintil-ud-train,30720,0,4577,,,,2.0,,,,,,,109.0,,,,,2.0,,,,,,,,,,,19.0,,,,,,444.0,,,,,,,,,,714.0,71.0,,,,,,,,,,,,,,,,,,,,,93.0,,,,2695.0,,,113.0,208.0,,,,,,,,,,,,7.0,,,,,,,,,100.0,,,,
kpv_lattice-ud-test,643,0,64,,,,,,,,,,,1.0,,,,,,,,,,,,,,,,2.0,,,,,,,,,,,,,,,,,,,,,,2.0,,,,,,,,1.0,,,,,,,,3.0,1.0,,,54.0,,,,,,,,,,,,,,,,,,,,,,,,,,,,,
tt_nmctt-ud-test,148,0,39,,,,,,,,,,,1.0,,,,,,,,,9.0,,,,,,,,,,,,,,,,,,,,,,,,2.0,,,,,,,,,,,,,,,,,,,,,,,,,24.0,,,,3.0,,,,,,,,,,,,,,,,,,,,,,,,,
tr_gb-ud-test,2880,0,345,,,,,,,,,,,,,,,,,,,,68.0,,,,,,,12.0,,,,,,,,,,,,,,,,1.0,,,,,,,,,,,,,,10.0,,,,,1.0,,,4.0,1.0,,,180.0,,,2.0,1.0,,,,,,,,,,32.0,,,,,,,,,,,33.0,,,,
sv_lines-ud-train,3176,0,2,,,,,,,,,,,,,,,,,,,,,,,,,,,,,,,,,,,,,,,,,,,,,,,,,,,,,,,,,,,,,,,,,1.0,,,,,,,,,,,,,,,,,,,,1.0,,,,,,,,,,,,,
nds_lsdc-ud-train,500,0,49,,,,,,,,,,,,,,,,,,,,,,,,,,,2.0,,,,,,,,,,,,,,,,,,,,,,,,,,,,,,,,,,,,,,,,,,43.0,,,1.0,1.0,,,,,,,,,,,,,,,,,,,,,2.0,,,,
nds_lsdc-ud-test,500,0,26,,,,,,,,,,,,,,,,,,,,,,,,,,,,,,,,,,,,,,,,,,,,,,,,,,,,,,,,,,,,,,,,,2.0,,,,23.0,,,,1.0,,,,,,,,,,,,,,,,,,,,,,,,,
zh_gsd-ud-dev,500,0,613,,2.0,,1.0,,,,,,,,,,,,,,,,1.0,,,,,,,9.0,,,,,,,,,,,,,,,,,,,,,,,,,,,,,,1.0,,,,,,,1.0,3.0,,,,578.0,,,5.0,3.0,,,,,,,,,,,,4.0,,,,,,,,,4.0,,,1.0,
zh_gsd-ud-test,500,0,626,,1.0,,,,,,,,,,,1.0,,,,,,,3.0,,,,,,,1.0,,,,,,,,,,,,,,,,,,,,,,,,,,,,,,4.0,,,,,,,1.0,2.0,,,,597.0,,,8.0,1.0,,,,,,,,,,,,4.0,,,,,,,,,3.0,,,,
zh_gsd-ud-train,3997,0,5019,,9.0,,5.0,,,,,,,6.0,,11.0,,,5.0,,,,5.0,,,,,,,46.0,,,,,,,,,,,,,,,,,,,,,,,,,,,,,,45.0,,,,,,,10.0,25.0,,,1.0,4694.0,,,44.0,31.0,,,,,,,,,,,,36.0,,,,,,,,,43.0,,,3.0,
en_gum-ud-train,9521,0,3068,,1.0,3.0,8.0,,,,1.0,,,4.0,,58.0,,,7.0,,,,146.0,,,,,,,162.0,,,,,,461.0,,,,,1.0,,7.0,,,,19.0,,,,,,,,,,,16.0,,220.0,,,7.0,,,,273.0,37.0,,3.0,5.0,1066.0,,,53.0,305.0,,,,,,,,18.0,,24.0,4.0,23.0,,,,,,,,3.0,114.0,,,19.0,
en_gum-ud-test,1285,0,423,,,,2.0,,,,,,,,,7.0,,,,,,,11.0,,,,,,,16.0,,,,,,63.0,,,,,,,1.0,,,,8.0,,,,,,,,,,,,,39.0,,,,,,,40.0,6.0,,1.0,2.0,151.0,,,8.0,49.0,,,,,,,,1.0,,4.0,5.0,4.0,,,,,,,,,4.0,,,1.0,
en_gum-ud-dev,1341,0,375,,,,1.0,,,,,,,,,5.0,,,,,,,21.0,,,,,,,30.0,,,,,,82.0,,,,,,,,,,,1.0,,,,,,,,,,,,,15.0,,,,,,,31.0,4.0,,1.0,,122.0,,,7.0,24.0,1.0,,,,,,,,,2.0,1.0,9.0,,,,,,,,,16.0,,,2.0,
it_isdt-ud-test,482,0,171,,,,,,,,,,,,,,,,,,,,3.0,,,,,,,6.0,,,,,,,,,,,,,,,,,11.0,,,,,,,,,,,,,8.0,,,,,,,,2.0,,,,113.0,,,5.0,23.0,,,,,,,,,,,,,,,,,,,,,,,,,
it_isdt-ud-train,13121,0,4788,,,4.0,2.0,,,,,,,,,1.0,,,2.0,,,,74.0,,,,,,,174.0,,,,,,,,,,,,,,,,,283.0,,,,58.0,,,,,,,,,241.0,,,,,,,,40.0,,,8.0,3258.0,,,49.0,495.0,1.0,,,,,,,,,,2.0,,,,,,,,,,92.0,,,4.0,
it_isdt-ud-dev,564,0,226,,,,,,,,,,,,,,,,1.0,,,,2.0,,,,,,,1.0,,,,,,,,,,,,,,,,,7.0,,,,3.0,,,,,,,,,5.0,,,,,,,,4.0,,,,184.0,,,2.0,17.0,,,,,,,,,,,,,,,,,,,,,,,,,
ru_taiga-ud-train,16045,0,2493,,5.0,4.0,12.0,,,,,,,,,79.0,,,7.0,,,,13.0,,,,,,,131.0,,3.0,,,,2.0,,,,,,,,,,,14.0,,,,,,,,,,,9.0,1.0,160.0,,,,,,,,29.0,,,2.0,441.0,,1126.0,40.0,40.0,,,,,,,,,,,2.0,131.0,,,,,,,,,234.0,,,8.0,
ru_taiga-ud-dev,946,0,89,,1.0,,,,,,,,,,,2.0,,,,,,,2.0,,,,,,,,,,,,,,,,,,,,,,,,,,,,,,,,,,,,,8.0,,,,,,,,2.0,,,,23.0,,43.0,1.0,2.0,,,,,,,,,,,,2.0,,,,,,,,,2.0,,,1.0,
ru_taiga-ud-test,881,0,220,,,,,,,,,,,,,15.0,,,,,,,,,,,,,,4.0,,,,,,,,,,,,,,,,,,,,,,,,,,,,1.0,,11.0,,,,,,,,1.0,,,,55.0,,95.0,4.0,2.0,,,,,,,,,,,,2.0,,,,,,,,,30.0,,,,
tpn_tudet-ud-test,581,0,13,,,,,,,,,,,,,,,,,,,,,,,,,,,,,,,,,,,,,,,,,,,,,,,,,,,,,,,,,1.0,,,,,,,,1.0,,,,9.0,,,,,,,,,,,,,,,,,,,,,,,,,2.0,,,,
fi_pud-ud-test,1000,0,386,,,,1.0,,,,,,,,,2.0,,,,,,,21.0,,1.0,,,,,8.0,,,,,,,,,,,,,,,,,15.0,,,1.0,2.0,,,,,,,,,7.0,,,,,,,,5.0,3.0,,,309.0,,,2.0,5.0,,,,,,,,,,,,,,,,,,,2.0,,2.0,,,,
en_lines-ud-train,3176,0,338,,,,1.0,,,,,,,,,2.0,,,,,,,,,,,,,,19.0,,,,,,,,,,,14.0,,1.0,,,,3.0,,,,,,,,,,,,,5.0,,,,,,,,12.0,,,1.0,242.0,,,6.0,25.0,,,,,,,,,,,,,,,,,,,,,5.0,,,2.0,
en_lines-ud-dev,1032,0,88,,,,,,,,,,,,,2.0,,,1.0,,,,,,,,,,,4.0,,,,,,,,,,,,,,,,,1.0,,,,,,,,,,,,,2.0,,,,,,,,1.0,,,,60.0,,,3.0,14.0,,,,,,,,,,,,,,,,,,,,,,,,,
en_lines-ud-test,1035,0,99,,,,,,,,,,,,,,,,1.0,,,,,,,,,,,6.0,,,,,,,,,,,10.0,,,,,,,,,,,,,,,,,,,,,,,,,,,2.0,,,1.0,68.0,,,,9.0,,,,,,,,,,,,,,,,,,,,,2.0,,,,
ga_idt-ud-train,4005,0,385,,,,,,,,,,,2.0,,,1.0,,,,,,,,,,,,,17.0,,,,,,,,,,,,,,,,2.0,1.0,,,,,,,,,,,,,16.0,,,,,,,,3.0,,,,333.0,,,1.0,7.0,,,,,,,,,,2.0,,,,,,,,,,,,,,,
ga_idt-ud-test,454,0,50,,,,,,,,,,,,,,,,,,,,,,,,,,,2.0,,,,,,,,,,,,,,,,,,,,,,,,,,,,,,6.0,,,,,,,,,,,,40.0,,,,1.0,,,,,,,,,,1.0,,,,,,,,,,,,,,,
ga_idt-ud-dev,451,0,32,,,,,,,,,,,,,,,,,,,,,,,,,,,,,,,,,,,,,,,,,,,,,,,,,,,,,,,,,2.0,,,,,,,,,,,,29.0,,,,,,,,,,,,,,1.0,,,,,,,,,,,,,,,
en_ewt-ud-test,2077,0,521,,,,2.0,,,,,,,1.0,,27.0,,,,,,,18.0,,,,,,,13.0,,,,,,,,,,,,,,,,,26.0,,,,,,,,,,,59.0,,40.0,,,1.0,,,,4.0,9.0,,,,240.0,,,16.0,28.0,,,,,,,,,,2.0,,3.0,,,,,,,,,31.0,,,1.0,
en_ewt-ud-dev,2001,0,357,,,,,,,,,,,1.0,,18.0,,,,,,,8.0,,,,,,,5.0,,,,,,1.0,,,,,3.0,,,,,,5.0,,,,,,,,,,,3.0,,9.0,,,,,,,3.0,9.0,,2.0,,241.0,,,6.0,17.0,1.0,,,,,,,,,1.0,1.0,,,,,,,,,,22.0,,,1.0,
en_ewt-ud-train,12544,0,4010,,,2.0,5.0,,,,,,,9.0,,124.0,,,7.0,,,,164.0,,,,,,,70.0,,,,,,,,,,,101.0,,,,,,45.0,,,,,,,,,,1.0,78.0,,239.0,,,5.0,,,,51.0,74.0,,3.0,6.0,2347.0,,,75.0,197.0,2.0,,,,,,,7.0,,6.0,,13.0,,,,,,,,1.0,369.0,1.0,,8.0,
ro_art-ud-test,50,0,6,,,,,,,,,,,1.0,,,,,,,,,,,,,,,,,,,,,,,,,,,,,,,,,,,,,,,,,,,,,,,,,,,,,,,,,,5.0,,,,,,,,,,,,,,,,,,,,,,,,,,,,,
cs_cltt-ud-dev,316,0,167,,,,4.0,,,,,,,,,,,,,,,,,,,,,,,14.0,,,,,,,,,,,,,,,,,,,,,,,,,,,,,,27.0,,,,,,,,1.0,,,,109.0,,8.0,2.0,1.0,,,,,,,,,,,1.0,,,,,,,,,,,,,,
cs_cltt-ud-train,467,0,109,,,,5.0,,,,,,,,,,,,,,,,,,,,,,,11.0,,,,,,,,,,,,,,,,,,,,,,,,,,,,,,11.0,,,,,,,,,,,,65.0,,12.0,3.0,2.0,,,,,,,,,,,,,,,,,,,,,,,,,
cs_cltt-ud-test,338,0,160,,,,8.0,,,,,,,,,,,,,,,,1.0,,,,,,,20.0,,,,,,1.0,,,1.0,,,,,,,,,,,,,,,,,,,,,9.0,,,,,,,,1.0,,,,109.0,,4.0,3.0,2.0,,1.0,,,,,,,,,,,,,,,,,,,,,,,
soj_aha-ud-test,8,0,5,,,,,,,,,,,,,,,,,,,,,,,,,,,,,,,,,,,,,,,,,,,,,,,,,,,,,,,,,,,,,,,,,,,,,5.0,,,,,,,,,,,,,,,,,,,,,,,,,,,,,
hy_armtdp-ud-train,1974,0,490,,,,,,,,,5.0,6.0,1.0,,5.0,,1.0,,,,,1.0,1.0,,,,2.0,,23.0,,,,,,,,,,,1.0,,,,,2.0,58.0,,,,,,,,,,,,,1.0,,,,,,2.0,,,,,,330.0,,,1.0,2.0,,,,,,,,,,,4.0,42.0,,,,,,,,,2.0,,,,
hy_armtdp-ud-dev,249,0,75,,,,,,,,,2.0,2.0,,,,,,,,,,,,,,,2.0,,1.0,,,,,,,,,,,,,,,,,8.0,,,,,,,,,,,,,,,,,,,,,,,,,31.0,,,,,,,,,,,,,,,,26.0,,,,,,,,,3.0,,,,
hy_armtdp-ud-test,277,0,103,,,,,,,,,6.0,,,,,,,,,,,,,,,,,,,,,,,,,,,,,,,,,,,21.0,,,,,,,,,,,,,,,,,,,,,,,,,59.0,,,,,,,,,,,,,,,,14.0,,,,,,,,,3.0,,,,
mk_mtb-ud-test,155,0,11,,,,,,,,,4.0,,,,,,,,,,,,,,,,,,,,,,,,,,,,,,,,,,,,,,,,,,,,,,,,,,,,,,,,,,,,7.0,,,,,,,,,,,,,,,,,,,,,,,,,,,,,
is_gc-ud-test,540,0,86,,,,1.0,,,,,3.0,,,,,,,,,,,,,,,,,,1.0,,,,,,,,,,,,,,,,,4.0,,,,,,,,,,,,,,,,,,,,,,,,,68.0,,,1.0,5.0,,,,,,,,,,,,,,,,,,,,,1.0,,,2.0,
is_gc-ud-train,3960,0,524,,,4.0,5.0,,,,,1.0,,,,,,,,,,,,,,,,,,13.0,,,,,,1.0,,,,,,,,,,,15.0,,,,,,,,,,,,,,,,,,,7.0,,17.0,,,,391.0,,,6.0,55.0,,,,,,,,,,,,1.0,,,,,,,,,8.0,,,,
is_gc-ud-dev,500,0,64,,,,,,,,,,,,,,,,,,,,,,,,,,,,,,,,,,,,,,,,,,,,,,,,,,,,,,,,,,,,,,,1.0,,1.0,,,,52.0,,,3.0,3.0,,,,,,,,,,,,,,,,,,,,,3.0,,,1.0,
ota_boun-ud-train,114,0,19,,,,,,,,,,,3.0,,,,,,,,,1.0,,,,,,,,,,,,,,,,,,,,,,,,2.0,,,,,,,,,,,,,,,,,,,,,,,,,12.0,,,1.0,,,,,,,,,,,,,,,,,,,,,,,,,,
ota_boun-ud-test,400,0,57,,,,,,,,,,,5.0,,,,,,,,,2.0,,,,,,,1.0,,,,,,,,,,,,,,,,,4.0,,,,,,,,,,,,,,,,,,,3.0,,,,,,40.0,,,,1.0,,,,,,,,,,,,,,,,,,,,,1.0,,,,
et_edt-ud-dev,3128,0,1045,,,1.0,,,,,,,,,,4.0,,,2.0,,,,19.0,,,,,,,102.0,,,,,,,,,,,,,,,,,49.0,,,,,,,,,,,,,3.0,,,,,,,,11.0,3.0,,,667.0,,,6.0,51.0,,,,,,,,,,,4.0,106.0,,,,,,,,,17.0,,,,
et_edt-ud-train,24615,0,6587,,5.0,2.0,5.0,,,,,,,7.0,,36.0,,,8.0,,,,295.0,,,,,,,338.0,,1.0,3.0,,,,,,,,,,,,,,160.0,,,,,,,,,,,,,6.0,,,,,,,,57.0,48.0,,,4382.0,,,48.0,326.0,,,,,,,,,,,28.0,671.0,,,,,,,,,159.0,,,2.0,
et_edt-ud-test,3214,0,781,,1.0,2.0,,,,,,,,1.0,,2.0,,,1.0,,,,21.0,,,,,,,11.0,,,,,,,,,,,,,,,,,12.0,,,,,,,,,,,,,1.0,,,,,,,,3.0,7.0,,,503.0,,,2.0,30.0,,,,,,,,,,,,172.0,,,,,,,,,12.0,,,,
id_csui-ud-test,374,0,600,,,,,,,,,,,,,,,,,,,,,,,,,,,2.0,,,,,,,,,,,,,,,,,125.0,,,,,,,,,,,,,7.0,,,,,,,4.0,,,,,430.0,,,8.0,15.0,,,,,,,,,,6.0,,,,,,,,,,,3.0,,,,
id_csui-ud-train,656,0,1255,,1.0,,1.0,,,,,,,,,,,,,,,,,,,,,,,12.0,,,,,,,,,,,,,,,,,258.0,,,,,,,,,,,,,34.0,,,,,,,8.0,3.0,,,1.0,885.0,,,14.0,20.0,,,,,,,,,,18.0,,,,,,,,,,,,,,,
ru_syntagrus-ud-train,69630,0,11745,,7.0,5.0,22.0,,,,,,,430.0,,160.0,,,15.0,,,,93.0,,,,,,,262.0,,,,,,,,,,,,,,,,6.0,5.0,,,,51.0,,,,,,20.0,,,1180.0,,,,,,,,374.0,,,41.0,6317.0,230.0,1299.0,13.0,867.0,,,,,,,,,,,22.0,136.0,,,,,,,,,157.0,,,33.0,
ru_syntagrus-ud-dev,8906,0,1474,,,3.0,2.0,,,,,,,68.0,,23.0,,,2.0,,,,13.0,,,,,,,42.0,,,,,,,,,,,,,,,,2.0,,,,,41.0,,,,,,5.0,,,134.0,,,,,,,,47.0,,,3.0,654.0,29.0,205.0,2.0,118.0,,,,,,,,,,,2.0,29.0,,,,,,,,,47.0,,,3.0,
ru_syntagrus-ud-test,8800,0,2153,,,,3.0,,,,,,,57.0,,150.0,,,1.0,,,,25.0,,,,,,,39.0,,,,,,,,,,,,,,,,,,,,,10.0,,,,,,3.0,,,278.0,,,,,,,,77.0,,,9.0,997.0,50.0,199.0,5.0,172.0,,,,,,,,,,,5.0,43.0,,,,,,,,,24.0,,,6.0,
sv_pud-ud-test,1000,0,6,,,,,,,,,,,,,,,,,,,,,,,,,,,,,,,,,,,,,,,,,,,,,,,,5.0,,,,,,,,,,,,,,,,,,,,,,,,,1.0,,,,,,,,,,,,,,,,,,,,,,,,,
ht_autogramm-ud-test,144,0,1,,,,,,,,,,,,,,,,,,,,,,,,,,,,,,,,,,,,,,,,,,,,,,,,,,,,,,,,,,,,,,,,,,,,,1.0,,,,,,,,,,,,,,,,,,,,,,,,,,,,,
sjo_xdt-ud-test,810,0,379,,,,,,,,,,,,,,1.0,,,,,,11.0,,,,,,,5.0,,,,,,,3.0,,,,,,,,,,21.0,,,,,,,,,,,,,6.0,,,,,,,,,,,,291.0,,,23.0,7.0,,,,,,,,,,9.0,,1.0,,,,,,,,,,,,1.0,
zh_pud-ud-test,1000,0,873,,,,,,,,,,,,,,,,1.0,,,,,,,,,,,7.0,,,,,,6.0,,,,,,,,,,,,,,,,,,,,,,,,6.0,,,,,,,,4.0,,,,809.0,,,24.0,8.0,,,,,,,,,,1.0,,,,,,,,,,,5.0,,,2.0,
qte_tect-ud-test,36,0,1,,,,,,,,,,,,,,,,,,,,,,,,,,,,,,,,,,,,,,,,,,,,,,,,,,,,,,,,,,,,,,,,,,,,,1.0,,,,,,,,,,,,,,,,,,,,,,,,,,,,,
qte_tect-ud-train,61,0,1,,,,,,,,,,,,,,,,,,,,,,,,,,,,,,,,,,,,,,,,,,,,,,,,,,,,,,,,,,,,,,,,,,,,,1.0,,,,,,,,,,,,,,,,,,,,,,,,,,,,,
pt_bosque-ud-dev,1172,0,555,,,1.0,1.0,,,,,,,,,8.0,,,,,,,,,,,,,,19.0,,,,,,,,,,,,,,,,4.0,63.0,,,,5.0,,,,,,1.0,,,64.0,,,,,,,,12.0,,,4.0,285.0,,,16.0,40.0,,,,,,,,,,,2.0,17.0,,,,,,,,,12.0,,,1.0,
pt_bosque-ud-test,1167,0,499,,,,,,,,,,,,,10.0,,,,,,,,,,,,,,13.0,,,,,,,,,,,,,,,,2.0,58.0,,,,,,,,,,,,,50.0,,,,,,,,14.0,,,6.0,281.0,,,20.0,32.0,1.0,,,,,,,,,,,6.0,,,,,,,,,6.0,,,,
pt_bosque-ud-train,7018,0,3439,,1.0,1.0,2.0,,,,,1.0,,,,70.0,,,2.0,,,,2.0,,,,,,,113.0,,,,,,,2.0,,,,,,,,,15.0,334.0,,,,3.0,,,,,,5.0,7.0,,310.0,,,,,,,,61.0,,,4.0,2067.0,,,78.0,264.0,1.0,,,,,,,,,,1.0,50.0,,,,,,,,,36.0,,,9.0,
orv_birchbark-ud-train,1045,0,250,,,,,,,,,,,,,,,,,,,,,,,,,,,24.0,,,,,,3.0,,,,,,,1.0,,,,7.0,,,,,,,,,,,1.0,,9.0,,,,,,,,18.0,,,,15.0,,157.0,4.0,,,,,,,,,,,,,,,,,,,,,,11.0,,,,
orv_birchbark-ud-dev,1062,0,406,,,,,,,,,,,,,,,,,,,,,,,,,,,13.0,,,,,,2.0,,,,,,,,,,,15.0,,,,,,,,,,,,,7.0,,,,,,,,28.0,,,,24.0,,293.0,8.0,2.0,,,,,,,,,,,3.0,1.0,,,,,,,,,10.0,,,,
orv_birchbark-ud-test,1007,0,437,,,,2.0,,,,,,,,,,,,,,,,,,,,,,,38.0,,,,,,,,,,,,,,,,,18.0,,,,,,,,,,,,,16.0,,,,,,,,23.0,,,,25.0,,302.0,4.0,3.0,,,,,,,,,,,,1.0,,,,,,,,,5.0,,,,
is_icepahc-ud-dev,4865,0,792,,1.0,2.0,12.0,,,,,10.0,,35.0,,3.0,,,1.0,,,,,,,,,,,8.0,,,,,,4.0,302.0,,,,,,,,,,,,,,,,,,,,2.0,,,,,,,,,3.0,,18.0,,,,314.0,,,8.0,25.0,,,,,,,,,,,,,,,,,,,1.0,,36.0,,,7.0,
is_icepahc-ud-train,34007,0,4026,,4.0,13.0,37.0,,,,,65.0,,162.0,,38.0,,,16.0,,,,,,,,,,,84.0,,,,,,42.0,1012.0,,,,1.0,,,,,,,,,,4.0,,,,,,2.0,,,,,,,,,8.0,,124.0,,,,1939.0,,,76.0,246.0,,,,,,,,,,,,,,,,,,,19.0,,92.0,,,42.0,
is_icepahc-ud-test,5157,0,830,,,3.0,11.0,,,,,11.0,,38.0,,7.0,,,3.0,,,,,,,,,,,13.0,,,,,,8.0,255.0,,,,,,,,,,,,,,,,,,,,1.0,,,1.0,,,,,,1.0,,25.0,,,,372.0,,,16.0,56.0,,,,,,,,,,,,,,,,,,,,,1.0,,,8.0,
de_lit-ud-test,1920,0,1008,,1.0,,2.0,,,,,2.0,,,,,,,2.0,,,,,,,,,,,5.0,,,,,,,934.0,,,,,,,,,,,,,,,,,,,,,,,4.0,,,,,,,,25.0,,,,,,,9.0,11.0,,5.0,,,,,,,,,,1.0,,,,,,,,,7.0,,,,
ru_poetry-ud-test,728,0,54,,,,1.0,,,,,,,,,,,,,,,,,,,,,,,5.0,,,,,,,,,,,,,,,,,,,,,,,,,,,1.0,,,1.0,,,,,,,,2.0,,,,8.0,,21.0,4.0,,,,,,,,,,,,,2.0,,,,,,,,,9.0,,,,
ru_poetry-ud-dev,789,0,43,,,,,,,,,,,,,1.0,,,,,,,,,,,,,,1.0,,,,,,,,,,,,,,,,,,,,,,,,,,,,,,1.0,,,,,,,,,,,,6.0,,19.0,1.0,,,,,,,,,,,,,,,,,,,,,,14.0,,,,
ru_poetry-ud-train,3569,0,141,,,,3.0,,,,,,,,,2.0,,,2.0,,,,3.0,,,,,,,2.0,,,,,,,,,,,,,,,,,,,,,,,,,,,1.0,1.0,,,,,,,,,,5.0,,,,19.0,,65.0,6.0,3.0,,,,,,,,,,1.0,,3.0,,,,,,,,,25.0,,,,
fro_profiterole-ud-dev,2085,0,148,,,,,,,,,,,,,,,,,,,,,,,,,,,4.0,,,,,,,,,,,,,,,,,1.0,,,,,,,,,,,,,3.0,,,,,,,,3.0,,,,124.0,,,6.0,7.0,,,,,,,,,,,,,,,,,,,,,,,,,
fro_profiterole-ud-train,15503,0,990,,,1.0,,,,,,,,1.0,,3.0,,,1.0,,,,,,,,,,,56.0,,,,,,,4.0,,,,,,2.0,,,,7.0,,,,,,,,,,,,,18.0,,,,,,,,78.0,,,,687.0,,,47.0,74.0,,,,,,,,,,,,,,,,,,,,,11.0,,,,
fro_profiterole-ud-test,2177,0,115,,,,,,,,,,,,,,,,1.0,,,,,,,,,,,4.0,,,,,,,,,,,,,1.0,,,,,,,,,,,,,,,,,5.0,,,,,,,,7.0,,,,81.0,,,6.0,9.0,,,,,,,,,,,,,,,,,,,,,1.0,,,,
myu_tudet-ud-test,158,0,1,,,,,,,,,,,,,,,,,,,,,,,,,,,,,,,,,,,,,,,,,,,,,,,,,,,,,,,,,,,,,,,,,,,,,1.0,,,,,,,,,,,,,,,,,,,,,,,,,,,,,
is_modern-ud-dev,394,0,109,,,,1.0,,,,,,,1.0,,1.0,,,,,,,,,,,,,,5.0,,,,,,2.0,,,,,,,,,,,,,,,,,,,,,,,,,,,,,,,,1.0,,,,75.0,,,2.0,18.0,,,,,,,,,,,,,,,,,,,,,,,,3.0,
is_modern-ud-train,2703,0,746,,1.0,7.0,8.0,,,,,,,64.0,,41.0,,,,,,,1.0,,,,,,,22.0,,,,,,10.0,,,,,,,,,,,,,,,,,,,,,1.0,,,,,,,,,19.0,,2.0,,,,406.0,,,5.0,151.0,,,,,,,,,,,,,,,,,,,,,4.0,,,4.0,
is_modern-ud-test,438,0,154,,,2.0,1.0,,,,,,,15.0,,17.0,,,,,,,,,,,,,,1.0,,,,,,,8.0,,,,,,,,,,,,,,,,,,,,,,,,,,,,,11.0,,1.0,,,,65.0,,,,27.0,,,,,,,,,,,,,,,,,,,1.0,,3.0,,,2.0,
koi_uh-ud-test,94,0,6,,,,,,,,,1.0,,,,,,,,,,,,,,,,,,,,,,,,,,,,,,,,,,,,,,,,,,,,,,,,,,,,,,,,,,,,5.0,,,,,,,,,,,,,,,,,,,,,,,,,,,,,
da_ddt-ud-train,4383,0,1200,,1.0,,,,,,,,,,,2.0,,,,,,,1.0,,,,,,,22.0,,,,,,,,,,,,,,,,,11.0,,,,,,,,,,,16.0,,101.0,,,,,,3.0,,13.0,,,,988.0,,,20.0,2.0,,,,,,,,,,,,,,,,,,,,,18.0,,,2.0,
da_ddt-ud-test,565,0,153,,,,,,,,,,,,,1.0,,,,,,,1.0,,,,,,,4.0,,,,,,,,,,,,,,,,,,,,,,,,,,,,,,21.0,,,,,,,,3.0,,,,111.0,,,2.0,,,,,,,,,,,,,1.0,,,,,,,,,9.0,,,,
da_ddt-ud-dev,564,0,138,,,,,,,,,,,,,,,,,,,,,,,,,,,1.0,,,,,,,,,,,,,,,,,4.0,,,,,,,,,,,1.0,,9.0,,,,,,,,2.0,,,,117.0,,,1.0,1.0,,,,,,,,,,,,,,,,,,,,,1.0,,,1.0,
cs_fictree-ud-dev,1309,0,173,,,,,,,,,,,,,1.0,,,1.0,,,,3.0,,,,,,,2.0,,,,,,1.0,,19.0,6.0,,,,,,,,,,,,,,,,,,,,,,,,,,,,,15.0,,,,70.0,,36.0,5.0,7.0,,1.0,,,,,,,,,1.0,,,,,,,,,,4.0,,,1.0,
cs_fictree-ud-train,10160,0,1300,,,,3.0,,,,,,,,,4.0,,,2.0,,,,20.0,,,,,,,29.0,,,,,,18.0,,177.0,43.0,,,,,,,,,,,,,,,,,,,,,,,,,,,,,89.0,,,2.0,528.0,,219.0,53.0,42.0,,13.0,,,,,,,,,2.0,,,,,,,,,,45.0,,,11.0,
cs_fictree-ud-test,1291,0,158,,,,,,,,,,,,,1.0,,,,,,,7.0,,,,,,,4.0,,,,,,1.0,,21.0,3.0,,,,,,,,,,,,,,,,,,,,,,,,,,,,,7.0,,,,63.0,,40.0,2.0,1.0,,,,,,,,,,,,,,,,,,,,,6.0,,,2.0,
la_udante-ud-train,926,0,365,,,1.0,2.0,,4.0,,3.0,24.0,,2.0,,,,,2.0,,,,,,,,,,,17.0,4.0,3.0,,1.0,,,93.0,,,,,,,,,,,,,,,,,,,,,,23.0,7.0,,,,,,,,24.0,,1.0,4.0,71.0,,,12.0,46.0,1.0,13.0,1.0,,,1.0,,,,,2.0,,,,,,,,,,3.0,,,,
la_udante-ud-test,419,0,176,,,2.0,1.0,,,,,16.0,,,,,,,1.0,,,,,,,,,,,12.0,1.0,2.0,,,,,65.0,,,,,,,,,,,,,,,,,2.0,,,,,6.0,1.0,,,,,,,,5.0,,,3.0,18.0,,,6.0,20.0,1.0,6.0,,,,,,,,,5.0,,,,,,,,,,2.0,,,1.0,
la_udante-ud-dev,376,0,81,,,,2.0,,,,3.0,13.0,,,,,,,,,,,,,,,,,,3.0,,,,,,,25.0,1.0,,,,,,,,,,,,,,,,,,,,,2.0,,,,,,,,,2.0,,,5.0,13.0,,,4.0,5.0,,,,,,,,,,,,,,,,,,,,,3.0,,,,
lij_glt-ud-test,296,0,42,,,,,,,,,,,,,,,,,,,,,,,,,,,1.0,,,,,,,,,,,,,,,,,1.0,,,,,,,,,,,,,11.0,,,,,,,,,,,,19.0,,,2.0,7.0,,,,,,,,,,,,,,,,,,,,,1.0,,,,
it_partut-ud-dev,156,0,50,,,,,,,,,,,,,,,,1.0,,,,,,,,,,,,,,,,,,,,,,,,,,,,2.0,,,,,,,,,,,,,,,,,,,,,1.0,,,,38.0,,,1.0,7.0,,,,,,,,,,,,,,,,,,,,,,,,,
it_partut-ud-test,153,0,49,,,,,,,,,,,,,,,,,,,,,,,,,,,1.0,,,,,,,,,,,,,,,,,6.0,,,,,,,,,,,,,3.0,,,,,,,,,,,,31.0,,,,8.0,,,,,,,,,,,,,,,,,,,,,,,,,
it_partut-ud-train,1781,0,711,,,1.0,,,,,,,,,,2.0,,,,,,,,,,,,,,32.0,,,,,,,,,,,,,,,,,67.0,,,,,,,,,,,,,62.0,,,,,,,,4.0,,,1.0,423.0,,,3.0,116.0,,,,,,,,,,,,,,,,,,,,,,,,,
hyw_armtdp-ud-test,680,0,97,,,,,,,,,,,,,1.0,,,,,,,,,,,,,,3.0,,,,,,,,,,,,,,,,,7.0,,1.0,,,,8.0,,,,,12.0,,,,,,,,1.0,,,,,,55.0,,,,7.0,,,,,,,,,,,,2.0,,,,,,,,,,,,,
hyw_armtdp-ud-dev,694,0,94,,,,,,,,,,,1.0,,,,,,,,,,,,,,,,2.0,,,,,,,,,,,,,,,,,10.0,,,,,,7.0,,,,,,,,,,1.0,,,,,,,,,54.0,,,,17.0,,,,,,,,,,,,2.0,,,,,,,,,,,,,
hyw_armtdp-ud-train,5282,0,854,,,,,,,,,,,10.0,,21.0,,,1.0,,,,,1.0,,,,,,10.0,,1.0,,,,,,,,,,,,,,,121.0,,2.0,,,,33.0,,,,1.0,10.0,,4.0,,,5.0,,,28.0,,6.0,,,,491.0,,,6.0,86.0,,,,,,,,,,,1.0,7.0,,,,,,,,,7.0,,,2.0,
pcm_nsc-ud-dev,990,0,126,,,1.0,,,,,,,,,,,,,2.0,,,,,,,,,2.0,,7.0,,,,,,,,,,,,,4.0,,,,31.0,,,,,,,,,,,,,4.0,,,,,,,,3.0,,,,45.0,,,9.0,,,4.0,,,,,2.0,,,,,,,,,,,,,3.0,8.0,,,1.0,
pcm_nsc-ud-train,7279,0,1060,,,3.0,,1.0,,,,,,,,10.0,,,6.0,,,,,,,,1.0,11.0,,126.0,,,,,,,,,,,1.0,,11.0,,,,263.0,,,,,,,,,,,,,30.0,,,,,,,,35.0,,1.0,,422.0,,,37.0,,,12.0,,,,,30.0,,,,,,1.0,1.0,,,,2.0,,5.0,42.0,,,9.0,
pcm_nsc-ud-test,972,0,133,,,,1.0,,,,,,,,,,,,1.0,,,,,,,,,2.0,,10.0,,,,,,,,,,,,,,,,,26.0,,,,,,,,,,,,,3.0,,,,,,,,,,,,62.0,,,11.0,,,2.0,,,,,5.0,,,,,1.0,,,,,,,,2.0,3.0,,,4.0,
ro_rrt-ud-test,729,0,406,,,,,,,,,,,,,2.0,,,,,,,2.0,,,,,,,24.0,,,,,,,,,,,,,,,,1.0,,,,,,,,,,,,,,2.0,,,,,,,,5.0,,,2.0,309.0,,,2.0,2.0,,,,,,,,,,,,55.0,,,,,,,,,,,,,
ro_rrt-ud-train,8043,0,4048,,3.0,,4.0,,,,,,,,,12.0,,,,,,,42.0,,,,,,,208.0,,2.0,,,,2.0,,,,,,,,,,7.0,1.0,,,,,,,,,,1.0,,,7.0,,,,,,,,54.0,,,10.0,3023.0,,,20.0,1.0,,,,,,,,,,,4.0,625.0,,,,,,,,,16.0,,,6.0,
ro_rrt-ud-dev,752,0,361,,,,,,,,,,,,,,,,,,,,3.0,,,,,,,15.0,,,,,,,,,,,,,,,,1.0,,,,,,,,,,,,,,,,,,,,,,1.0,,,1.0,276.0,,,3.0,,,,,,,,,,,,,60.0,,,,,,,,,,,,1.0,
el_gdt-ud-test,456,0,151,,,,,,,,,,,,,2.0,,,1.0,,,,4.0,,,,,,,8.0,,,,,,,,,,,,,,,,,1.0,,,,,,,,,,,,,31.0,,,,,,,,6.0,,,1.0,85.0,,,1.0,9.0,,,,,,,,,,,,1.0,,,,,,,,,1.0,,,,
el_gdt-ud-train,1662,0,475,,1.0,1.0,1.0,,,,,,,1.0,,5.0,,,1.0,,,,4.0,,,,,,,19.0,,,,,,,,,,,,,,,,,4.0,,,,,,,,,,,,,56.0,,,,,,,,21.0,,,5.0,284.0,,,14.0,52.0,,,,,,,,,,,1.0,1.0,,,,,,,,,3.0,,,1.0,
el_gdt-ud-dev,403,0,150,,,,,,,,,,,,,2.0,,,,,,,1.0,,,,,,,5.0,,,,,,,,,,,,,,,,,,,,,,,,,,,,,,21.0,,,,,,,,5.0,,,4.0,81.0,,,6.0,22.0,,,,,,,,,,,,1.0,,,,,,,,,2.0,,,,
sme_giella-ud-train,2257,0,218,,,,,,,,,,,28.0,,,,,,,,,,,,,,,,2.0,,,,,,,,,,,,,,,,,,,,,,,,,,,,,,1.0,,,,,,1.0,,2.0,,,,157.0,,,2.0,20.0,,,,,,,,,,,,1.0,,,,,,,,,3.0,,,1.0,
sme_giella-ud-test,865,0,130,,,,1.0,,,,,,,9.0,,,,,,,,,,,,,,,,1.0,,,,,,,,,,,,,,,,,1.0,,,,,,,,,,,,,,,,,,,1.0,,4.0,,,,82.0,,,1.0,28.0,,,,,,,,,,,,,,,,,,,,,1.0,,,1.0,
ca_ancora-ud-dev,1709,0,917,,,,1.0,,,,,,,,,21.0,,,1.0,,,,97.0,,,,,,,43.0,,,,,,2.0,,,,,,,,,,3.0,10.0,,,,,,,,,,,,,21.0,,,,,,,,17.0,,,,622.0,,,15.0,54.0,,8.0,,,,,,,,,,,,,,,,,,,2.0,,,,
ca_ancora-ud-test,1846,0,1128,,1.0,,2.0,,,,,,,,,31.0,,,,,,,120.0,,,,,,,44.0,,,,,,1.0,,,,,,,,,,2.0,4.0,,,,,,,,,,,,,26.0,,,,,,,,27.0,,,,736.0,,,22.0,104.0,,3.0,,,,,,,,,,1.0,,,,,,,,,3.0,,,1.0,
ca_ancora-ud-train,13123,0,7901,,4.0,,8.0,,,,,,,,,373.0,,,5.0,,,,778.0,,,,,,,398.0,,1.0,,,,6.0,,,,,,,,,,25.0,33.0,,,,,,,,,,,,,300.0,,,,,,,,194.0,,,,4898.0,,,153.0,589.0,5.0,89.0,,,,,,,,,,6.0,,,,,,,,,33.0,,,3.0,
gd_arcosg-ud-test,545,0,136,,,,,,,,,,,,,,,,,,,,12.0,,,,,,,13.0,,,,,,,,,,,,,,,,,1.0,,,,,,,,,,,,,9.0,,,,,,,,2.0,,,,65.0,,,2.0,24.0,,,,,,,,,,,,1.0,,,,,,,,,4.0,,,1.0,2.0
gd_arcosg-ud-train,3541,0,618,,,,,,,,,,,,,1.0,,,,,,,55.0,,,,,,,29.0,,,,,,,,,,,,,,,,,7.0,,,,1.0,,,,,,,,,24.0,,,,,,,,6.0,,,,452.0,,,1.0,34.0,,,,,,,,,,1.0,,,,,,,,,,1.0,3.0,,,,3.0
gd_arcosg-ud-dev,655,0,165,,,,,,,,,,,,,,,,,,,,12.0,,,,,,,13.0,,,,,,,,,,,,,,,,,2.0,,,,,,,,,,,,,10.0,,,,,,,,1.0,,,,111.0,,,1.0,13.0,,,,,,,,,,,,,,,,,,,,,,,,,2.0
cy_ccg-ud-test,953,0,216,,3.0,,,,,,,,,,,4.0,,,1.0,,,,,,,,,,,8.0,,,,,,,,,,,,,,,,,2.0,,,,3.0,,,,,,,,,32.0,,,,,,,,6.0,,,,97.0,,,8.0,47.0,,,,,,,,,,,,1.0,,,,,,,,,4.0,,,,
cy_ccg-ud-dev,409,0,136,,1.0,1.0,1.0,,,,,,,1.0,,3.0,,,,,,,,,,,,,,5.0,,,,,,,,,,,,,,,,,,,,,,,,,,,,,,20.0,,,,,,,,5.0,,,,69.0,,,8.0,18.0,,,,,,,,,,,,,,,,,,,,,4.0,,,,
cy_ccg-ud-train,1189,0,312,,2.0,,,,,,,,,1.0,,2.0,,,1.0,,,,,,,,,,,15.0,,,,,,,,,,,,,,,,,,,,,1.0,,,,,,,,,49.0,,,,,,,,24.0,,,,148.0,,,4.0,56.0,,,,,,,,,,,,1.0,,,,,,,,,8.0,,,,
sl_sst-ud-train,4558,0,918,,2.0,,,,,,,2.0,,2.0,,6.0,,,2.0,,,,,,,,,,,50.0,,,,,,,,,,,,1.0,1.0,,,4.0,116.0,,,,,,,,,,,,,5.0,,,,,,,,39.0,,,,540.0,,,25.0,58.0,,,,,,,,,,,2.0,13.0,,,,,,,,11.0,38.0,,,1.0,
sl_sst-ud-test,1041,0,156,,,,,,,,,,,,,,,,,,,,,,,,,,,8.0,,,,,,,,,,,,,,,,,23.0,,,,,,,,,,,,,1.0,,,,,,,,6.0,,,,89.0,,,3.0,13.0,,,,,,,,,,,2.0,3.0,,,,,,,,2.0,6.0,,,,
sl_sst-ud-dev,505,0,111,,,,,,,,,,,1.0,,2.0,,,1.0,,,,,,,,,,,6.0,,,,,,,,,,,,,,,,,5.0,,,,,,,,,,,,,1.0,,,,,,,,2.0,,,,82.0,,,1.0,2.0,,,,,,,,,,,,3.0,,,,,,,,1.0,4.0,,,,
de_gsd-ud-train,13814,0,12487,,,,1.0,,,,,2.0,,10.0,,723.0,,,1.0,,,,59.0,,,,,,,400.0,,,,,,48.0,4911.0,,,,,,,,,1.0,58.0,,,,,,,,,,,,,1908.0,,,,,,,,78.0,,,12.0,2625.0,,,27.0,1508.0,1.0,15.0,,,,,,,,17.0,2.0,,,,,,,,,,57.0,,,23.0,
de_gsd-ud-dev,799,0,399,,,,,,,,,,,,,1.0,,,,,,,1.0,,,,,,,3.0,,,,,,5.0,206.0,,,,,,,,,,,,,,,,,,,,,,,13.0,,,,,,,,2.0,,,1.0,145.0,,,3.0,16.0,,1.0,,,,,,,,,,,,,,,,,,,2.0,,,,
de_gsd-ud-test,977,0,550,,,,2.0,,,,,,,2.0,,4.0,,,,,,,20.0,,,,,,,4.0,,,,,,13.0,294.0,,,,,,,,,,3.0,,,,,,,,,,,,,29.0,,,,,,,,5.0,,,2.0,147.0,,,2.0,22.0,,1.0,,,,,,,,,,,,,,,,,,,,,,,
ka_glc-ud-test,151,0,17,,,,,,,,,,,,,,,,,,,,,,,,,,,,,,,,,,,,,,,,,,,,,,,,,,,,,,,,,1.0,,,,,,,,,,,,16.0,,,,,,,,,,,,,,,,,,,,,,,,,,,,,
xnr_kdtb-ud-test,288,0,31,,,,,,,,,,,,,,,,,,,,1.0,,,,,,,1.0,,,,,,,3.0,,,,,,,,,,,,,,,,,,,,,,,3.0,,,,,,,,5.0,,,,17.0,,,,1.0,,,,,,,,,,,,,,,,,,,,,,,,,
aln_gps-ud-test,966,0,300,,,,,,,,,,,2.0,,,,,1.0,,,,,,,,,,,2.0,,,,,,,,,,,2.0,,,,,,,,,,,,,,,,,,,1.0,,,,,,,,12.0,,,,250.0,,,15.0,4.0,,,,,,,,,,,,,,,,,,,,10.0,1.0,,,,
it_twittiro-ud-test,142,0,29,,,,,,,,,,,,,,,,,,,,,,,,,,,,,,,,,,,,,,,,,,,,,,,,,,,,,,,,,,,,,,,,,,,,,28.0,,,1.0,,,,,,,,,,,,,,,,,,,,,,,,,,
it_twittiro-ud-train,1138,0,238,,,,,,,,,,,1.0,,,,,,,,,,,,,,,,7.0,,,,,,,,,,,,,1.0,,,,13.0,,,,1.0,,,,,,,,,6.0,,,,,,,,3.0,,,3.0,175.0,,,2.0,18.0,,,,,,,,,,,1.0,6.0,,,,,,,,,,,1.0,,
it_twittiro-ud-dev,144,0,32,,,,,,,,,,,,,,,,,,,,,,,,,,,2.0,,,,,,,,,,,,,,,,,6.0,,,,,,,,,,,,,1.0,,,,,,,,,,,,17.0,,,,5.0,,,,,,,,,,,,1.0,,,,,,,,,,,,,
kk_ktb-ud-test,1047,0,213,,,,3.0,,,,,,,8.0,,12.0,,,,,,,37.0,,,,,,,3.0,,,,,,,,,,,,,,,,,,,,,,,,,,,,,,10.0,,,,,,1.0,,6.0,,,,106.0,,,3.0,10.0,,,,,,,,,,,2.0,1.0,,,,,,,,,11.0,,,,
kk_ktb-ud-train,31,0,4,,,,,,,,,,,,,,,,,,,,,,,,,,,,,,,,,,,,,,,,,,,,,,,,,,,,,,,,,,,,,,,,,,,,,4.0,,,,,,,,,,,,,,,,,,,,,,,,,,,,,
cs_pdt-ud-test,10146,0,4773,,3.0,1.0,7.0,,,,,,,,,23.0,,,3.0,,,,187.0,,,,,,,427.0,,,,1.0,,250.0,,111.0,68.0,,,,,,,,9.0,,,,,,,,,,2.0,,1.0,14.0,,,,,,,,105.0,,,15.0,2219.0,,601.0,169.0,239.0,,50.0,,,,,,,,,32.0,,,,,,,,,,225.0,,,11.0,
cs_pdt-ud-dev,9270,0,4167,,1.0,1.0,5.0,,,,,,,,,25.0,,,2.0,,,,255.0,,,,,,,394.0,,,,,,201.0,,100.0,53.0,,,,,,,,2.0,,,,,,,,,,1.0,,,17.0,,,,,,,,77.0,,,19.0,1995.0,,542.0,126.0,208.0,,36.0,,,,,,,,,47.0,,,,,,,,,,54.0,,,6.0,
cs_pdt-ud-train,68491,0,33577,1.0,8.0,18.0,33.0,,,,,,,,,259.0,,,21.0,,,,2154.0,,,,,,,3265.0,,2.0,,2.0,,1529.0,,736.0,458.0,,,,,,,,7.0,,,,,,,,,,8.0,,1.0,102.0,,,,,,,,637.0,,,100.0,15856.0,,4388.0,814.0,1587.0,,312.0,,,,,,,,,227.0,11.0,,,,,,,,,975.0,,,66.0,
it_markit-ud-test,340,0,17,,,,,,,,,,,,,,,,,,,,,,,,,,,1.0,,,,,,,,,,,,,,,,,,,,,,,,,,,,,,,,,,,,,,,,,,15.0,,,,,,,,,,,,,,,,,,,,,,,,,1.0,,,,
it_markit-ud-train,611,0,33,,,,,,,,,,,,,,,,,,,,1.0,,,,,,,1.0,,,,,,,,,,,,,1.0,,,,,,,,,,,,,,,,,2.0,,,,,,,,1.0,,,,27.0,,,,,,,,,,,,,,,,,,,,,,,,,,,,,
it_markit-ud-dev,341,0,20,,,,,,,,,,,,,,,,,,,,,,,,,,,,,,,,,,,,,,,,,,,,1.0,,,,,,,,,,,,,4.0,,,,,,,,1.0,,,,11.0,,,,3.0,,,,,,,,,,,,,,,,,,,,,,,,,
gl_pud-ud-test,1000,0,422,,,,,,,,,,,,,13.0,,,,,,,6.0,,,,,,,11.0,,,,,,,,,,,,,,,,1.0,,,,,1.0,,,,,,,,,38.0,,,,,,,,7.0,,,1.0,244.0,,,2.0,98.0,,,,,,,,,,,,,,,,,,,,,,,,,
gn_oldtudet-ud-test,59,0,1,,,,,,,,,,,,,,,,,,,,,,,,,,,,,,,,,,,,,,,,,,,,,,,,,,,,,,,,,,,,,,,,,,,,,1.0,,,,,,,,,,,,,,,,,,,,,,,,,,,,,
en_pronouns-ud-test,285,0,5,,,,,,,,,,,,,,,,,,,,,,,,,,,,,,,,,,,,,,,,,,,,,,,,,,,,,,,,,,,,,,,,,5.0,,,,,,,,,,,,,,,,,,,,,,,,,,,,,,,,,
ta_mwtt-ud-test,534,0,7,,,,,,,,,,,,,,,,,,,,,,,,,,,,,,,,,,1.0,,,,,,,,,,,,,,,,,,,,,,,,,,,,,,,,,,,5.0,,,1.0,,,,,,,,,,,,,,,,,,,,,,,,,,
ota_dudu-ud-test,85,0,23,,,,,,,,,,,1.0,,,,,,,,,,,,,,,,,,,,,,,,,,,,,,,,,5.0,,,,,,,,,,,,,1.0,,,,,,,,,,,,16.0,,,,,,,,,,,,,,,,,,,,,,,,,,,,,
ur_udtb-ud-train,4043,0,1849,,2.0,5.0,,,,,,,,6.0,,,,,,,,,99.0,,,,,,,11.0,,,,,,22.0,,,,,,,1.0,,,,,,,,,,,,,,1.0,,,22.0,,,,,,,,15.0,,,,1607.0,,,13.0,31.0,,,,,,,,,,,,,,,,,,,,,7.0,,,7.0,
ur_udtb-ud-dev,552,0,345,,,,,,,,,,,2.0,,,,,,,,,25.0,,,,,,,6.0,,,,,,7.0,,,,,,,,,,,,,,,,,,,,,,,,7.0,,,,,,,,6.0,,,,284.0,,,3.0,5.0,,,,,,,,,,,,,,,,,,,,,,,,,
ur_udtb-ud-test,535,0,267,,,,,,,,,,,,,,,,,,,,15.0,,,,,,,,,,,,,,,,,,,,,,,,,,,,,,,,,,,,,7.0,,,,,,,,,,,,235.0,,,,10.0,,,,,,,,,,,,,,,,,,,,,,,,,
it_postwita-ud-train,5368,0,1090,,,,,,,,,,,,,5.0,,,1.0,,,,,,,,,,,23.0,,,,,,2.0,,,,,,,1.0,,,2.0,45.0,,,,2.0,,,,,,,1.0,,56.0,,,,,,,,6.0,,,,846.0,,,14.0,62.0,,,,,,,,,,,1.0,15.0,,,1.0,,,,,,7.0,,,,
it_postwita-ud-dev,670,0,139,,,,,,,,,,,,,,,,,,,,,,,,,,,1.0,,,,,,,,,,,,,,,,,10.0,,,,,,,,,,,,,6.0,,,,,,,,3.0,,,,107.0,,,1.0,7.0,,,,,,,,,,,1.0,3.0,,,,,,,,,,,,,
it_postwita-ud-test,674,0,183,,,,,,,,,,,,,2.0,,,,,,,,,,,,,,8.0,,,,,,1.0,,,,,,,,,,,12.0,,,,1.0,,,,,,,1.0,,12.0,,,,,,,,,,,,126.0,,,4.0,10.0,,,,,,,,,,,,2.0,,,,,,,,,4.0,,,,
lv_lvtb-ud-test,2412,0,407,,,,,,,,,,,,,1.0,,,1.0,,,,3.0,,,,,,,15.0,,1.0,,,,2.0,,,,,3.0,,,,,,,,,,20.0,,,,,,7.0,,,16.0,,,,,,,,14.0,,,1.0,286.0,,,4.0,10.0,,,,,,,,,,,1.0,7.0,,,,,,,,,12.0,,,3.0,
lv_lvtb-ud-train,14358,0,3229,,6.0,,4.0,,,,,,,2.0,,4.0,,,8.0,,,,68.0,,,,,,,178.0,,1.0,,,,76.0,,,,,8.0,,,,,,17.0,,,2.0,50.0,,,,,,42.0,,,52.0,,,,,,,,85.0,,,6.0,2333.0,,,39.0,34.0,,,,,,,,,,,3.0,106.0,,,,,,,,,73.0,,,32.0,
lv_lvtb-ud-dev,2080,0,414,,1.0,,,,,,,,,1.0,,,,,,,,,7.0,,,,,,,30.0,,,,,,6.0,,,,,1.0,,,,,,2.0,,,,1.0,,,,,,2.0,,,5.0,,,,,,,,6.0,,,1.0,326.0,,,4.0,5.0,,,,,,,,,,,,7.0,,,,,,,,,6.0,,,3.0,
ta_ttb-ud-train,400,0,161,,,,,,,,,,,,,,,,,,,,1.0,,,,,,,1.0,,,,,,,8.0,,,,,,,,,,,,,,,,,,,,,,,1.0,,,,,,,,3.0,,,,138.0,,,1.0,8.0,,,,,,,,,,,,,,,,,,,,,,,,,
ta_ttb-ud-dev,80,0,23,,,,,,,,,,,,,,,,,,,,1.0,,,,,,,,,,,,,,,,,,,,,,,,,,,,,,,,,,,,,,,,,,,,,1.0,,,,19.0,,,1.0,,,,,,,,,,,,,,,,,,,,,,1.0,,,,
ta_ttb-ud-test,120,0,88,,,,,,,,,,,,,,,,,,,,,,,,,,,4.0,,,,,,,5.0,,,,,,,,,,,,,,,,,,,,1.0,,,,,,,,,,,,,,,70.0,,,5.0,3.0,,,,,,,,,,,,,,,,,,,,,,,,,
ko_pud-ud-test,1000,0,513,,,,,,,,,,,,,4.0,,,,,,,4.0,,,,,,,,,,,,,,,,,,,,,,,,,,,,,,,,,,,,,,,,,,,,,4.0,,,,487.0,,,2.0,10.0,,,,,,,,,,,,,,,,,,,,,2.0,,,,
la_ittb-ud-dev,2101,0,246,,,3.0,6.0,,1.0,,,22.0,,,,,,,1.0,,,,1.0,,,,,,,9.0,2.0,2.0,,,,,79.0,,,,,,,,,,,,,,,,,,,,,,,6.0,,,,,,,,24.0,,1.0,14.0,19.0,,,8.0,14.0,1.0,14.0,,,,,,,,,1.0,1.0,,,,,,,,,12.0,,,5.0,
la_ittb-ud-test,2101,0,189,,2.0,4.0,4.0,,1.0,,1.0,23.0,,,,,,,,,,,,,,,,,,5.0,,4.0,,,,,65.0,,,,,,,,,,,,,,,,,,,,,,,5.0,,,,,,,,7.0,,1.0,5.0,8.0,,,18.0,7.0,1.0,20.0,,,,,,,,,1.0,,,,,,,,,,6.0,,,1.0,
la_ittb-ud-train,22775,0,2856,,8.0,26.0,86.0,,20.0,4.0,7.0,374.0,17.0,,,1.0,,1.0,12.0,,,,20.0,,,,,,,96.0,3.0,48.0,,5.0,7.0,,982.0,,,,,,,,,1.0,3.0,,,,,,,,,,,,,38.0,,,,,,,,208.0,,3.0,93.0,300.0,,,68.0,217.0,7.0,84.0,,,,,,,,,5.0,1.0,,,,,,,,,88.0,,,23.0,
it_vit-ud-train,8277,0,5398,,,2.0,1.0,,,,,,,1.0,,67.0,,,3.0,,,,11.0,,,,,,,204.0,,,,,,,,,,,,,1.0,,,,283.0,,,,14.0,,,,,,,,,450.0,,,,,,,,46.0,,,9.0,3846.0,,,50.0,373.0,1.0,,,,,,,,,,,7.0,,,,,,,,,28.0,,,1.0,
it_vit-ud-test,1067,0,414,,,,,,,,,,,,,5.0,,,,,,,,,,,,,,31.0,,,,,,,,,,,,,,,,,16.0,,,,3.0,,,,,,,,,25.0,,,,,,,,4.0,,,1.0,288.0,,,9.0,28.0,,,,,,,,,,,,2.0,,,,,,,,,2.0,,,,
it_vit-ud-dev,743,0,547,,,,,,,,,,,,,2.0,,,,,,,,,,,,,,34.0,,,,,,,,,,,,,,,,,21.0,,,,,,,,,,,,,25.0,,,,,,,,,,,1.0,426.0,,,10.0,28.0,,,,,,,,,,,,,,,,,,,,,,,,,
qtd_sagt-ud-test,805,0,102,,,,,,,,,,,,,,,,,,,,4.0,,,,,,,2.0,,,,,,,,,,,,,,,,,,,,,,,,,,,,,,,,,,,,,,,,,,92.0,,,1.0,1.0,,,,,,,,,,,,2.0,,,,,,,,,,,,,
qtd_sagt-ud-dev,801,0,79,,,,,,,,,,,,,,,,,,,,3.0,,,,,,,6.0,,,,,,,,,,,,,,,,1.0,,,,,,,,,,,,,,,,,,,,,,,,,,60.0,,,6.0,1.0,,,,,,,,,,,,,,,,,,,,1.0,1.0,,,,
qtd_sagt-ud-train,578,0,67,,,,,,,,,,,,,,,,,,,,6.0,,,,,,,,,,,,,,,,,,,,,,,,,,,,,,,,,,,,,,,,,,,,,,,,,58.0,,,1.0,1.0,,,,,,,,,,,,,,,,,,,,1.0,,,,,
ga_cadhan-ud-test,193,0,46,,,,,,,,,,,,,,,,,,,,,,,,,,,3.0,,,,,,,,,,,,,,,,,,,,,,,,,,,,,,2.0,,,,,,,,,,,,37.0,,,,1.0,,,,,,,,,,1.0,,,,,,,,,,,,,,,2.0
krl_kkpp-ud-test,228,0,13,,,,,,,,,,,,,,,,,,,,,,,,,,,1.0,,,,,,,,,,,,,,,,,,,,,1.0,,,,,,,,,,,,,,,,,,,,,10.0,,,,1.0,,,,,,,,,,,,,,,,,,,,,,,,,
pl_pud-ud-test,1000,0,101,,,,,,,,,,,,,,,,,,,,,,,,,,,5.0,,,,,,,,1.0,,,,,,,,,,,,,,,,,,,,,,5.0,,,,,,,,1.0,,,1.0,37.0,,50.0,1.0,,,,,,,,,,,,,,,,,,,,,,,,,,
cs_cac-ud-dev,603,0,100,,,,,,,,,,,,,,,,,,,,5.0,,,,,,,4.0,,,,,,,,4.0,1.0,,,,,,,,,,,,,,,,,,,,,,,,,,,,,,,,,56.0,,16.0,,12.0,,2.0,,,,,,,,,,,,,,,,,,,,,,,
cs_cac-ud-train,23478,0,7688,,4.0,5.0,32.0,,,,,,,,,21.0,,,5.0,,,,37.0,,,,,,,429.0,,,,1.0,,139.0,10.0,356.0,187.0,,,,,,,,,,,,,,,,,,1.0,,,2.0,,,,,,,,121.0,,,44.0,4323.0,,1147.0,146.0,404.0,,50.0,,,,,,,,,74.0,5.0,,,,,,,,,120.0,,,25.0,
cs_cac-ud-test,628,0,110,,,,,,,,,,,,,,,,,,,,,,,,,,,2.0,,,,,,,2.0,7.0,2.0,,,,,,,,,,,,,,,,,,,,,,,,,,,,,2.0,,,,52.0,,25.0,6.0,10.0,,,,,,,,,,,1.0,,,,,,,,,,1.0,,,,
yrl_complin-ud-test,1470,0,42,,,,,,,,,,,,,,,,,,,,,,,,,,,,,,,,,,,,,,,,,,,,,,,,,,,,,,,,,,,,,,,,,4.0,,,,38.0,,,,,,,,,,,,,,,,,,,,,,,,,,,,,
eu_bdt-ud-train,5396,0,2191,,4.0,,3.0,,,,,2.0,,3.0,,35.0,,,1.0,,,,,,,,,,,57.0,,,,,,10.0,,,,,,,,,,10.0,15.0,,,,,,,,,,3.0,,,105.0,,,,,,,,65.0,,,,1540.0,,,49.0,259.0,,,,,,,,,,,8.0,14.0,,,,,,,,,7.0,,,1.0,
eu_bdt-ud-test,1799,0,709,,,,1.0,,,,,,,2.0,,18.0,,,,,,,,,,,,,,18.0,,,,,,3.0,,,,,,,,,,3.0,1.0,,,,,,,,,,4.0,,,47.0,,,,,,,,19.0,,,,469.0,,,16.0,99.0,,,,,,,,,,,2.0,4.0,,,,,,,,,3.0,,,,
eu_bdt-ud-dev,1798,0,666,,,,,,,,,,,1.0,,15.0,,,1.0,,,,,,,,,,,16.0,,1.0,,,,,,,,,,,,,,1.0,,,,,,,,,,,2.0,,,40.0,,,,,,,,27.0,,,,450.0,,,19.0,79.0,,,,,,,,,,,2.0,6.0,,,,,,,,,3.0,,,3.0,
fi_ftb-ud-dev,1875,0,217,,,,1.0,,,,,,,,,,,,,,,,,,,,,,,17.0,,,,,,,,,,,,,,,,,2.0,,,,,,,,,,,,,27.0,,,,,,,,2.0,,,,161.0,,,4.0,,,,,,,,,,,,,,,,,,,,,,3.0,,,,
fi_ftb-ud-train,14981,0,1805,,,,4.0,,,,,1.0,,1.0,,,,,1.0,,,,,,,,,,,75.0,,1.0,,,,2.0,,,,,,,,,,,7.0,,,,,,,,,,,,,195.0,,,,,,,,16.0,8.0,,,1452.0,,,14.0,,,,,,,,,,,,,,,,,,,,,,28.0,,,,
fi_ftb-ud-test,1867,0,200,,,,,,,,,,,,,,,,,,,,,,,,,,,6.0,,,,,,,,,,,,,,,,,2.0,,,,,,,,,,,,,25.0,,,,,,,,5.0,,,,155.0,,,2.0,,,,,,,,,,,,,,,,,,,,,,5.0,,,,
te_mtg-ud-test,146,0,12,,,,,,,,,,,,,,,,,,,,,,,,,,,,,,,,,,,,,,,,,,,,,,,,,,,,,,,,,1.0,,,,,,,,1.0,,,,8.0,,,1.0,,,,,,,,,,,,,,,,,,,,,,1.0,,,,
te_mtg-ud-train,1051,0,70,,,,,,,,,,,,,,,,,,,,,,,,,1.0,,2.0,,,,,,,,,,,,,,,,,5.0,,,,,,,,,,,,,,,,,,,,,,,,,58.0,,,1.0,,,,,,,,,,,,,,,,,,,,,,3.0,,,,
te_mtg-ud-dev,131,0,10,,,,,,,,,,,,,,,,,,,,,,,,,,,,,,,,,,,,,,,,,,,,,,,,,,,,,,,,,,,,,,,,,,,,,10.0,,,,,,,,,,,,,,,,,,,,,,,,,,,,,
hbo_ptnk-ud-train,730,0,164,,,,,,,,,,,,,2.0,,,2.0,,,,,,,,,,,7.0,,,,,,,,,,,,,2.0,,,,14.0,,,,,,,,,,,,,,,,,,,,,2.0,,,,127.0,,,2.0,,,,,,,,,,,,,4.0,,,,,,,,,2.0,,,,
hbo_ptnk-ud-test,410,0,58,,,,,,,,,,,,,,,,,,,,,,,,,,,,,,,,,,,,,,,,,,,,3.0,,,,,,,,,,,,,,,,,,,,,1.0,,,,53.0,,,1.0,,,,,,,,,,,,,,,,,,,,,,,,,,
hbo_ptnk-ud-dev,439,0,241,,,,,,,,,,,,,3.0,,,1.0,,,,,,,,,,,25.0,,,,,,,,,,,,,,,,,43.0,,,,,,,,,,,,,,,,,,,,,9.0,,,,145.0,,,6.0,6.0,,,,,,,,,,,2.0,,,,,,,,,,1.0,,,,
en_gentle-ud-test,1334,0,371,,,,,,,,,,,1.0,,4.0,,,,,,,12.0,,,,,,,15.0,,,,,,74.0,,,,,,,,,,,1.0,,,,,,,,,,,,,47.0,,,,,,,5.0,5.0,,,,174.0,,,6.0,6.0,,,,,,,,11.0,,,,2.0,,,,,,,,,7.0,,,1.0,
it_parlamint-ud-test,375,0,134,,1.0,,,,,,,,,,,,,,,,,,1.0,,,,,,,11.0,,,,,,,,,,,,,,,,,5.0,,,,,,,,,,,,,4.0,,,,,,,,,,,,105.0,,,,7.0,,,,,,,,,,,,,,,,,,,,,,,,,
it_parlamint-ud-train,326,0,109,,,,,,,,,,,,,,,,,,,,,,,,,,,8.0,,,,,,,,,,,,,,,,,7.0,,,,,,,,,,,,,7.0,,,,,,,,1.0,,,,78.0,,,1.0,6.0,,,,,,,,,,,,,,,,,,,,,1.0,,,,
am_att-ud-test,1074,0,35,,,,,,,,,,,,,,,,,,,,,,,,,,,,,,,,,,,,,,,,,,,,,,,,,,,,,,,,,,,,,,,,,,,,,32.0,,,,1.0,,,,,,,,,,,,,,,,,,,,,1.0,,,1.0,
pl_lfg-ud-test,1727,0,142,,,,,,,,,,,,,2.0,,,,,,,,,,,,,,5.0,,,,,,,41.0,,,,,,,,,,,,,,,,,,,,,,,,,,,,,,,12.0,,,,78.0,,,1.0,3.0,,,,,,,,,,,,,,,,,,,,,,,,,
pl_lfg-ud-train,13774,0,964,,,,,,,,,,,,,17.0,,,,,,,,,,,,,,8.0,,,,,,,244.0,,,,,,,,,,,,,,,,,,,,,,,2.0,,,,,,,,32.0,,,1.0,594.0,,,27.0,38.0,,,,,,,,,,,,,,,,,,,,,1.0,,,,
pl_lfg-ud-dev,1745,0,117,,,,,,,,,,,,,2.0,,,,,,,,,,,,,,4.0,,,,,,,29.0,,,,,,,,,,,,,,,,,,,,,,,,,,,,,,,4.0,,,,66.0,,,5.0,7.0,,,,,,,,,,,,,,,,,,,,,,,,,
fr_partut-ud-dev,107,0,24,,,,,,,,,,,,,,,,,,,,,,,,,,,,,,,,,,,,,,,,,,,,,,,,,,,,,,,,,,,,,,,,,,,,,23.0,,,,1.0,,,,,,,,,,,,,,,,,,,,,,,,,
fr_partut-ud-test,110,0,43,,,,,,,,,,,,,,,,,,,,,,,,,,,,,,,,,,,,,,,,,,,,7.0,,,,,,,,,,,,,,,,,,,,,,,,,29.0,,,1.0,6.0,,,,,,,,,,,,,,,,,,,,,,,,,
fr_partut-ud-train,803,0,357,,,,,,,,,,,,,3.0,,,,,,,,,,,,,,14.0,,,,,,,,,,,,,,,,,37.0,,,,,,,,,,,,,24.0,,,,,,,,,,,1.0,260.0,,,1.0,16.0,,,,,,,,,,,,,,,,,,,,,1.0,,,,
tr_tourism-ud-train,15473,0,597,,,,,,,,,,,7.0,,,,,,,,,16.0,,,,,,,4.0,,,,,,1.0,,,,,,,,,,2.0,,,,,,,,,,,,,,1.0,,,,,,,,9.0,,,,483.0,,,52.0,4.0,,,,,,,,,,,,1.0,,,,,,,,,17.0,,,,
tr_tourism-ud-dev,2166,0,79,,,,,,,,,,,,,,,,,,,,2.0,,,,,,,,,,,,,,,,,,,,,,,,,,,,,,,,,,,,,,,,,,,,,,,,,70.0,,,3.0,,,,,,,,,,,,,2.0,,,,,,,,,2.0,,,,
tr_tourism-ud-test,2191,0,56,,,,,,,,,,,1.0,,,,,,,,,5.0,,,,,,,,,,,,,,,,,,,,,,,,,,,,,,,,,,,,,2.0,,,,,,,,2.0,,,,40.0,,,2.0,,,,,,,,,,,,,1.0,,,,,,,,,3.0,,,,
jv_csui-ud-test,1000,0,343,,,1.0,,,,,,,,,,10.0,,,,,,,,,,,,,,7.0,,,,,,,,,,,,,,,,,58.0,,,,,,,,,,,,,6.0,,,,,,,1.0,2.0,,,,239.0,,,1.0,4.0,,,,,,,,,,7.0,,,,,,,,,,,5.0,,,2.0,
ab_abnc-ud-test,263,0,7,,,,,,,,,,,,,,,,,,,,,,,,,,,,,,,,,,,,,,,,,,,,,,,,,,,,,,2.0,,,,,,,,,,,3.0,,,,1.0,,,1.0,,,,,,,,,,,,,,,,,,,,,,,,,,
cs_poetry-ud-test,297,0,25,,,,,,,,,,,,,,,,,,,,,,,,,,,,,,,,,,1.0,2.0,3.0,,,,,,,,,,,,,,,,,,,,,,,,,,,,,4.0,,,,9.0,,5.0,,,,,,,,,,,,,,1.0,,,,,,,,,,,,,
ru_gsd-ud-test,601,0,202,,,,,,,,,,,4.0,,9.0,,,,,,,2.0,,,,,,,3.0,,,,,,,,,,,,,,,,,,,,1.0,,,,,,,,2.0,,7.0,,,,,,,,1.0,,,2.0,57.0,3.0,89.0,2.0,6.0,,,,,,,,,,,,2.0,,,,,,,,,9.0,,,3.0,
ru_gsd-ud-dev,579,0,221,,,,,,,,,,,3.0,,13.0,,,,,,,7.0,,,,,,,9.0,,,,,,,,,,,,,,,,,,,,,,,,,,,,2.0,,4.0,,,,,,,,1.0,,,1.0,65.0,6.0,96.0,3.0,3.0,,,,,,,,,,,,2.0,,,,,,,,,6.0,,,,
ru_gsd-ud-train,3850,0,1581,,1.0,,,,,,,,,17.0,,51.0,,,1.0,,,,39.0,,,,,,,44.0,,,,,,,,,,,,,,,,,,,,,,,,,,,2.0,23.0,,60.0,,,,,,,,21.0,,,2.0,424.0,80.0,685.0,18.0,33.0,,,,,,,,,,,2.0,16.0,,,,,,,,,50.0,,,12.0,
aqz_tudet-ud-test,343,0,9,,,,,,,,,,,,,,,,,,,,,,,,,,,,,,,,,,,,,,,,,,,,,,,,,,,,,,,,,,,,,,,,,,,,,7.0,,,,,,,,,,,,,,,,1.0,,,,,,,,,1.0,,,,
en_pud-ud-test,1000,0,461,,,,1.0,,,,,,,1.0,,6.0,,,,,,,31.0,,,,,,,12.0,,,,,,,,,,,,,,,,,14.0,,,,,,,,,,,,,31.0,,,,,,,10.0,10.0,,,2.0,251.0,,,7.0,79.0,,,,,,,,,,,2.0,,,,,,,,,,3.0,,,1.0,
tr_imst-ud-train,3435,0,658,,,,10.0,,,,,,,7.0,,1.0,,,2.0,,,,11.0,,,,,,,17.0,,,,,,,,,,,2.0,,,,,,108.0,,,,,,,,,,7.0,,,3.0,,,,,,21.0,,25.0,,1.0,,389.0,,,28.0,18.0,,,,,,,,,,,,,,,,,,,,,8.0,,,,
tr_imst-ud-dev,1100,0,159,,,,,,,,,,,4.0,,,,,,,,,4.0,,,,,,,3.0,,,,,,,,,,,,,,,,,17.0,,,,,,,,,,2.0,,,,,,,,,4.0,,3.0,,,,105.0,,,5.0,4.0,,,,,,,,,,,,,,,,,,,,,8.0,,,,
tr_imst-ud-test,1100,0,189,,1.0,,2.0,,,,,,,3.0,,,,,,,,,6.0,,,,,2.0,,5.0,,,,,,,,,,,1.0,,,,,,34.0,,,,,,,,,,1.0,,,1.0,,,,,,5.0,,14.0,,,,92.0,,,15.0,2.0,,,,,,,,,,,,,,,,,,,,,5.0,,,,
fr_sequoia-ud-test,456,0,257,,,2.0,,,,,,,,,,3.0,,,,,,,,,,,,,,11.0,,,,,,,,,,,,,,,,,,,,,,,,,,,,,,67.0,,,,,,,,1.0,,,,126.0,,,5.0,,,7.0,,,,,27.0,,,,,4.0,,,,4.0,,,,,,,,,
fr_sequoia-ud-train,2231,0,1326,,,2.0,,,,,,,,1.0,,13.0,,,,,,,,,,,,,,35.0,,,,,,,,,,,,,,,,2.0,,,,,,,,,,,,,,405.0,,,,,,,,7.0,,,9.0,621.0,,,18.0,,,41.0,,,,,145.0,,,,5.0,8.0,,,,11.0,,,,,3.0,,,,
fr_sequoia-ud-dev,412,0,259,,,,,,,,,,,,,1.0,,,,,,,,,,,,,,7.0,,,,,,,,,,,,,,,,,,,,,,,,,,,,,,79.0,,,,,,,,,,,1.0,129.0,,,,,,6.0,,,,,26.0,,,,,2.0,,,,7.0,,,,,1.0,,,,
bg_btb-ud-train,8907,0,2168,,,1.0,1.0,,,,,449.0,,,,3.0,,,2.0,,,,,,,,,,,31.0,,2.0,,,,,,,,,,,,,,1.0,40.0,,,,,,,,,,17.0,,,86.0,,,,,,,,62.0,,,14.0,1384.0,,,30.0,23.0,,,,,,,,,,,,2.0,,,,,,,,,19.0,,,1.0,
bg_btb-ud-test,1116,0,283,,,,,,,,,49.0,,,,,,,,,,,,,,,,,,16.0,,,,,,,,,,,,,,,,,7.0,,,,,,,,,,1.0,,,14.0,,,,,,,,11.0,,,,169.0,,,4.0,5.0,,,,,,,,,,,,,,,,,,,,,7.0,,,,
bg_btb-ud-dev,1115,0,270,,,,,,,,,45.0,,,,,,,2.0,,,,,,,,,,,2.0,,,,,,,,,,,,,,,,,5.0,,,,,,,,,,3.0,,,11.0,,,,,,,,10.0,,,2.0,175.0,,,10.0,3.0,,,,,,,,,,,,,,,,,,,,,2.0,,,,
bxr_bdt-ud-test,908,0,221,,,,,,,,,,,,,1.0,,,,,,,31.0,,,,,,,1.0,,,,,,,,,,,,,,,,,2.0,,,,,,,,,,,,,4.0,,,,,,,,1.0,,,,181.0,,,,,,,,,,,,,,,,,,,,,,,,,,,,,
es_coser-ud-test,539,0,129,,,,,,,,,,,2.0,,,,,,,,,7.0,,,,,,,16.0,,,,,,,33.0,,,,,,,,,1.0,,,,,,,,,,,,,,1.0,,,,,,,,2.0,,,,49.0,,,7.0,6.0,,,,,,,,,,,,,,,,,,,,3.0,2.0,,,,
tr_boun-ud-dev,979,0,185,,,,,,,,,,,1.0,,,,,,,,,,,,,,,,7.0,,,,,,,,,,,,,,,,,24.0,,,,,,,,,,,,,,,,,,,4.0,,,,,,136.0,,,1.0,9.0,,,,,,,,,,,,2.0,,,,,,,,,1.0,,,,
tr_boun-ud-test,979,0,210,,,,1.0,,,,,,,2.0,,,,,,,,,1.0,,,,,,,4.0,,,,,,,,,,,1.0,,,,,,39.0,,,,,,,,,,,2.0,,,,,,,,8.0,,1.0,,,,141.0,,,1.0,7.0,,,,,,,,,,1.0,,1.0,,,,,,,,,,,,,
tr_boun-ud-train,7803,0,1672,,2.0,,4.0,,,,,,,10.0,,2.0,,,,,,,14.0,,,,,1.0,,63.0,,,,,,1.0,,,,,,,,,,,235.0,,,,,,,,,,1.0,26.0,,2.0,,,,,,36.0,,10.0,,,,1131.0,,,10.0,92.0,,,,,,,,,,2.0,2.0,3.0,,,,,,,,,25.0,,,,
tr_penn-ud-dev,622,0,327,,,,,,,,,,,6.0,,1.0,,,,,,,52.0,,,,,,,10.0,,,,,,,,,,,,,,,,,1.0,,,,,,,,,,,12.0,,18.0,,,,,,,,2.0,,,,222.0,,,,,,,,,,,,,,,,,,,,,,,,,3.0,,,,
tr_penn-ud-test,924,0,360,,,,,,,,,1.0,,9.0,,2.0,,,,,,,26.0,,,,,,,11.0,,,,,,,,,,,,,,,,,1.0,,,,,,,,,,,9.0,,35.0,,,,,,,,1.0,,,,246.0,,,6.0,8.0,,,,,,,,,,,,,,,,,,,,,5.0,,,,
tr_penn-ud-train,14850,0,6954,,1.0,,6.0,,,,,4.0,,101.0,,39.0,,,,,,1.0,335.0,,,,,,,106.0,,1.0,,,,,,,,,4.0,,,,,1.0,17.0,,,,,,,,,,1.0,56.0,,196.0,,,,,,,,73.0,,,,5729.0,,,47.0,154.0,,,,,,,,,,,,10.0,,,,,,,,,62.0,,,10.0,
