Treebank,Number of Sentences,Failures,Total,_,acl,acl:relcl,advcl,advcl:abs,advcl:cleft,advcl:cmp,advcl:cond,advcl:conv,advcl:pred,advcl:quote,advcl:relcl,advcl:tcl,advmod,advmod:emph,advmod:lmod,advmod:mmod,advmod:neg,advmod:tmod,amod,appos,aux,aux:ex,aux:neg,aux:pass,case,cc,cc:preconj,ccomp,ccomp:iobj,ccomp:obj,ccomp:quote,ccomp:reported,clf,compound,compound:affix,compound:lvc,compound:redup,compound:svc,compound:vv,conj,conj:expl,cop,cop:emph,csubj,csubj:cleft,csubj:cop,csubj:outer,csubj:pass,csubj:relcl,csubj:reported,dep,dep:aux,dep:comp,dep:infl,det,det:poss,discourse,discourse:filler,dislocated,expl,fixed,flat,flat:name,flat:sibl,flat:vv,iobj,list,mark,mark:prt,nmod,nmod:arg,nmod:obj,nmod:poss,nsubj,nsubj:cop,nsubj:outer,nsubj:pass,nummod,obj,obj:advmod,obj:advneg,obl,obl:agent,obl:arg,obl:cmpr,obl:lmod,obl:mod,obl:pmod,obl:tmod,orphan,parataxis,parataxis:conj,parataxis:discourse,parataxis:obj,parataxis:rep,parataxis:reporting,parataxis:restart,parataxis:trans,reparandum,root,vocative,xcomp,xcomp:pred
en_partut-ud-dev,156,0,7,,,,,,,,,,,,,,7.0,,,,,,,,,,,,,,,,,,,,,,,,,,,,,,,,,,,,,,,,,,,,,,,,,,,,,,,,,,,,,,,,,,,,,,,,,,,,,,,,,,,,,,,,,,
en_partut-ud-train,1781,0,208,,,,,,,,,,,,,,207.0,,,,,,,,,,,,,,,,,,,,,,,,,,,,,,,,,,,,,,,,,,,,,,,,,,,,,,,,,,,,,,,,,,,,,,,,,,,,,1.0,,,,,,,,,,,,,
en_partut-ud-test,153,0,21,,,,,,,,,,,,,,19.0,,,,,,,,,,,,,,,,,,,,,,,,,,,2.0,,,,,,,,,,,,,,,,,,,,,,,,,,,,,,,,,,,,,,,,,,,,,,,,,,,,,,,,,,,,,,,
sl_ssj-ud-test,1282,0,269,,5.0,,3.0,,,,,,,,,,107.0,,,,,,,,79.0,,,,2.0,4.0,1.0,,,,,,,,,,,,,4.0,,36.0,,,,,,,,,,,,,,,3.0,,,,,,,,,,,5.0,,,,,,,,,,,,,,,,,,,,,,,6.0,,,,,,,,,14.0,,,
sl_ssj-ud-dev,1250,0,294,,4.0,,7.0,,,,,,,,,,120.0,,,,,,,,64.0,,,,2.0,3.0,6.0,4.0,,,,,,,,,,,,7.0,,49.0,,1.0,,,,,,,,,,,,,3.0,,,,,,,,,,,1.0,,,,,,,,,,,,,,,,,,,,,,,8.0,,,,,,,,,15.0,,,
sl_ssj-ud-train,10903,0,2222,,24.0,,30.0,,,,,,,,,,921.0,,,,,,1.0,,593.0,,,,15.0,18.0,23.0,17.0,,,,,,,,,,,,57.0,,267.0,,12.0,,,,,,,2.0,,,,,,11.0,,,,7.0,,,,,,,29.0,,,,,,,,,,,1.0,,,,,,,,,,,4.0,48.0,,,,,,,,,142.0,,,
xcl_caval-ud-train,3185,0,1086,,1.0,,4.0,,,,,,,,,,1032.0,,,,,,,,,,,,,,,9.0,,,,,,,,,,,,5.0,,,,,,,,,,,,,,,,,1.0,,,,,,,,,,,,,,,,,,,,,,,,,,,,,,,,,34.0,,,,,,,,,,,,,
xcl_caval-ud-dev,411,0,164,,,,,,,,,,,,,,157.0,,,,,,1.0,,,,,,,,,1.0,,,,,,,,,,,,1.0,,,,,,,,,,,,,,,,,,,,,,,,,,,,,,,,,,,,,,,,,,,,,,,,,,4.0,,,,,,,,,,,,,
xcl_caval-ud-test,550,0,227,,,,,,,,,,,,,,220.0,,,,,,,,,,,,,,,,,,,,,,,,,,,,,,,,,,,,,,,,,,,,1.0,,,,,,,,,,,,,,,,,,,,,,,,,,,,,,,,,6.0,,,,,,,,,,,,,
zh_gsdsimp-ud-test,500,0,61,,,1.0,2.0,,,,,,,,,,26.0,,,,,,,,12.0,,,,,,,6.0,,,,,,,,,,,,1.0,,,,,,,,,,,,,,,,,,,1.0,,,,,,,,,,,,,,,,,,,,,,,,,,,,,,,,2.0,,,,,,,,,6.0,,4.0,
zh_gsdsimp-ud-train,3997,0,466,,2.0,14.0,38.0,,,,,,,,,,196.0,,,,,,1.0,2.0,71.0,,,,,,,28.0,,,,,,2.0,,,,,,4.0,,24.0,,2.0,,,,,,,,,,,,,,,,,,,,,,,,,,,,,,,,,,,1.0,,,,,,,,,,,,29.0,,,,,,,,,35.0,,17.0,
zh_gsdsimp-ud-dev,500,0,44,,,1.0,4.0,,,,,,,,,,22.0,,,,,,,,3.0,,,,,,,,,,,,,,,,,,,,,,,,,,,,,,,,,,,,,,,,,,,,,,,,,,,,,,,,,,,,,,,,,,,,,,5.0,,,,,,,,,7.0,,2.0,
xav_xdt-ud-test,171,0,9,,,,1.0,,,,,,,,,,4.0,,,,,,,,,,,,,,,,,,,,,,,,,,,,,,,,,,,,,,2.0,,,,,,,,,,,,,,,,,,,,,,,1.0,,,,,,,,,,,,,,,,,1.0,,,,,,,,,,,,
no_bokmaal-ud-dev,2409,0,296,,,,1.0,,,,,,,,,,266.0,,,,,,,,,,,,,,,,,,,,,,,,,,,1.0,,,,,,,,,,,,,,,19.0,,,,,,,,,,,,,,,6.0,,,,,,,,,,,,,,,,,,,,,,,,,,,,,1.0,2.0,,,
no_bokmaal-ud-test,1939,0,300,,,,,,,,,,,,,,280.0,,,,,,,,,,,,,,,,,,,,,,,,,,,1.0,,,,,,,,,,,,,,,18.0,,,,,,,,,,,,,,,1.0,,,,,,,,,,,,,,,,,,,,,,,,,,,,,,,,,
no_bokmaal-ud-train,15696,0,2273,,,,2.0,,,,,,,,,,2087.0,,,,,,,,,,,,,,,,,,,,,,,,,,,11.0,,,,,,,,,,,,,,,145.0,,,,,,,,,,,,,,,25.0,,,,,,,,,,,,,,,,,,,,,,,,,,,,,,3.0,,,
gun_dooley-ud-test,1046,0,109,,,,14.0,,,,,,,,,,3.0,,,,,,,,,,,,,,,1.0,,,,,,1.0,,,,10.0,,3.0,,,,,,,,,,,,,,,,,,,,,,,,,,,,,,,,,,1.0,,,,,,,,1.0,,,,,,,,,2.0,,,,21.0,,,,,52.0,,,
el_gud-ud-train,1071,0,241,,,,,,,,,,,,,,235.0,,,,,,,,,,,,,,,,,,,,,,,,,,,,,,,,,,,,,,,,,,,,4.0,,,,,,,,,,,,,,,,,,,,,,,,,,,,,,,,,,,,,,,,,,,2.0,,,
el_gud-ud-test,736,0,179,,,,,,,,,,,,,,172.0,,,,,,,,,,,,,,,,,,,,,,,,,,,,,,,,,,,,,,,,,,,,4.0,,,,,1.0,,,,,,,,,,,,,,,,,1.0,,,,,,,,,,,,,,,,,,,,,1.0,,,
fa_seraji-ud-dev,599,0,97,,,2.0,3.0,,,,,,,,,,14.0,,,,,,,,7.0,,,,,,,21.0,,,,,,6.0,,,,,,14.0,,7.0,,,,,,,,,,,,,,,,,,,,,,,,,,,,,,,,,,,,,,,,,,,,,,,,,,,,,,,,,,22.0,,1.0,
fa_seraji-ud-test,600,0,92,,,1.0,4.0,,,,,,,,,,7.0,,,,,,1.0,,10.0,,,,,,,22.0,,,,,,1.0,,,,,,14.0,,4.0,,,,,,,,,,,,,,,,,,,,,,,,,,1.0,,,,,,,,,,,,,,,,,,,,,,,,,,,,,,,,27.0,,,
fa_seraji-ud-train,4798,0,1051,,,26.0,40.0,,,,,,,,,,121.0,,,,,,7.0,1.0,112.0,,,6.0,,,,200.0,,,,,,41.0,,,,,,187.0,,75.0,,,,,,,,,28.0,,,,,,,,,,3.0,1.0,,,,,,2.0,,,,,,,,,,,1.0,,,,,,,,,,,,4.0,,,,,,,,,195.0,,1.0,
tr_pud-ud-test,1000,0,183,,25.0,,21.0,,,,,,,,,,,,,,,,2.0,,21.0,,,,,,,13.0,,,,,,3.0,,10.0,,,,17.0,,17.0,,5.0,,,,,,,,,,,3.0,,,,2.0,,,,,,,2.0,,,,,,,5.0,1.0,,,,,1.0,,,1.0,,,,,,,,,,,,,,,,,,30.0,,4.0,
es_gsd-ud-test,426,0,100,,,,,,,,,,,,,,100.0,,,,,,,,,,,,,,,,,,,,,,,,,,,,,,,,,,,,,,,,,,,,,,,,,,,,,,,,,,,,,,,,,,,,,,,,,,,,,,,,,,,,,,,,,,
es_gsd-ud-dev,1400,0,128,,,,,,,,,,,,,,128.0,,,,,,,,,,,,,,,,,,,,,,,,,,,,,,,,,,,,,,,,,,,,,,,,,,,,,,,,,,,,,,,,,,,,,,,,,,,,,,,,,,,,,,,,,,
es_gsd-ud-train,14187,0,1535,,,,,,,,,,,,,,1525.0,,,,,,,,,,,,1.0,,,,,,,,,,,,,,,,,,,,,,,,,,,,,,,,,,,,,,,,,,,,,,,,,,,,,,,,,9.0,,,,,,,,,,,,,,,,,,,,,
fi_ood-ud-test,2122,0,334,,,,1.0,,,,,,,,,,,,,,,,,1.0,285.0,,,,,,,,,,,,,,,,,,,12.0,,,,,,,,,,,,,,,,,,,,,,,,,,,,,,,,,,,,,,,,,,,,,,,,,,,6.0,,,,,,,,,29.0,,,
de_hdt-ud-test,18459,0,1723,,,,2.0,,,,,,,,,,1714.0,,,,,,,,,,,,,,,,,,,,,,,,,,,5.0,,,,,,,,,,,,,,,,,,,,,,,,,,,,,,,,,,,,,,,,,,,,,,,,,,,,,,,,,,,,2.0,,,
de_hdt-ud-train,153035,0,15275,,,,12.0,,,,,,,,,,15170.0,,,,,,,,,,,,,,,,,,,,,,,,,,,79.0,,,,,,,,,,,,,,,,,,,,,,,,,,,,,,,,,,,,,,,,,,,,,,,,,,,1.0,,,,,,,,,13.0,,,
de_hdt-ud-dev,18434,0,1725,,,,4.0,,,,,,,,,,1713.0,,,,,,,,,,,,,,,,,,,,,,,,,,,8.0,,,,,,,,,,,,,,,,,,,,,,,,,,,,,,,,,,,,,,,,,,,,,,,,,,,,,,,,,,,,,,,
sga_dipsgg-ud-test,64,0,10,,,,,,,,,,,,,,3.0,,,,,,,,,,,,,1.0,,,,,,,,,,,,,,,,,,,,,,,,,,,,,,,,,,,,,,,,,,4.0,,,,,,2.0,,,,,,,,,,,,,,,,,,,,,,,,,,,,,
sv_talbanken-ud-dev,504,0,102,,,,,,,,,,,,,,102.0,,,,,,,,,,,,,,,,,,,,,,,,,,,,,,,,,,,,,,,,,,,,,,,,,,,,,,,,,,,,,,,,,,,,,,,,,,,,,,,,,,,,,,,,,,
sv_talbanken-ud-test,1219,0,190,,,,,,,,,,,,,,190.0,,,,,,,,,,,,,,,,,,,,,,,,,,,,,,,,,,,,,,,,,,,,,,,,,,,,,,,,,,,,,,,,,,,,,,,,,,,,,,,,,,,,,,,,,,
sv_talbanken-ud-train,4303,0,499,,,,,,,,,,,,,,496.0,,,,,,,,,,,,,1.0,,,,,,,,,,,,,,1.0,,,,,,,,,,,,,,,,,,,,,,,,,,,,,,,,,,,,,,,1.0,,,,,,,,,,,,,,,,,,,,,,,,
ar_nyuad-ud-train,15789,0,3683,,,,,,,,,,,,,,3521.0,,,,,,,,,,,,,4.0,,,,,,,,,,,,,,,,,,,,,,,,,,,,,,,,,,,,,,,,8.0,,11.0,,9.0,,,4.0,,,,,,123.0,,,,,,,,,,,,,,,,,,,,,3.0,,,
ar_nyuad-ud-dev,1986,0,464,,,,,,,,,,,,,,446.0,,,,,,,,,,,,,2.0,,,,,,,,,,,,,,,,,,,,,,,,,,,,,,,,,,,,,,,,2.0,,2.0,,1.0,,,,,,,,,11.0,,,,,,,,,,,,,,,,,,,,,,,,
ar_nyuad-ud-test,1963,0,418,,,,,,,,,,,,,,388.0,,,,,,,,,,,,,11.0,,,,,,,,,,,,,,,,,,,,,,,,,,,,,,,,,,,,,,,,1.0,,2.0,,,,,1.0,,,,,,15.0,,,,,,,,,,,,,,,,,,,,,,,,
pl_pdb-ud-test,2215,0,387,,9.0,,1.0,,,,,,,,,,,,,,374.0,,,,,,,,,,,,,,,,,,,,,,,3.0,,,,,,,,,,,,,,,,,,,,,,,,,,,,,,,,,,,,,,,,,,,,,,,,,,,,,,,,,,,,,,,
pl_pdb-ud-train,17722,0,3395,,53.0,1.0,2.0,,,,,,,,,,,1.0,,,3278.0,,,,,,,,1.0,,,1.0,,,,,,,,,,,,26.0,,,,,,,,,,,,,,,,,,,,,1.0,,,,,,,,,1.0,4.0,,,6.0,,,,,1.0,,,6.0,,4.0,1.0,,,,,,,,,,,,,,,7.0,,1.0,
pl_pdb-ud-dev,2215,0,382,,5.0,,,,,,,,,,,,,1.0,,,368.0,,,,,,,,,,,,,,,,,,,,,,,4.0,,,,,,,,,,,,,,,,,,,,,,,,,,,,,,,1.0,,,,,,,,,,,2.0,,1.0,,,,,,,,,,,,,,,,,,,
sah_yktdt-ud-test,299,0,21,,,,,,,,,,,,,,,,,,,,,,,,,,,,,,,,,,,,,,,,,,,,,,,,,,,,,,,,,,,,,,,,,,,,,,,,,,,,,,,,,,,,,,,,,,,,2.0,,,,,,,,,19.0,,,
uk_iu-ud-dev,673,0,137,,,,1.0,,,,,,,,,,124.0,,,,,,,,,,,,,8.0,,,,,,,,,,,,,,3.0,,,,,,,,,,,,,,,,,,,,,,,,,,,,,,,,,,,,,,,,,,,,,,,,,,,,,,,,,,,,1.0,,,
uk_iu-ud-train,5521,0,1236,2.0,,1.0,5.0,,,,,,,,,,1122.0,,,,,,,1.0,,,,,,51.0,,2.0,,,,,,,,,,,,12.0,,,,,,,,,,,,,,,,,,,,,3.0,,,1.0,,,,,,,,,,,,,,,,,,1.0,,,,,,,,,12.0,,,,,,,,,23.0,,,
uk_iu-ud-test,898,0,182,,1.0,,3.0,,,,,,,,,,165.0,,,,,,,,,,,,,10.0,,,,,,,,,,,,,,2.0,,,,,,,,,,,,,,,,,,,,,,,,,,,,,,,,,,,,,,,,,,,,,,,,,,,,,,,,,,,,1.0,,,
hi_hdtb-ud-train,13306,0,1795,,,,,,,,,,,,,,1770.0,,,,,,1.0,,,,,,,,,,,,,,,,,,,,,1.0,,,,,,,,,,,,,,,,,,,3.0,,,,,,,,,,,1.0,,,,,,,,,2.0,,,16.0,,,,,,,,,,,,,,,,,,1.0,,,
hi_hdtb-ud-dev,1659,0,213,,,,,,,,,,,,,,210.0,,,,,,1.0,,,,,,,,,,,,,,,,,,,,,,,,,,,,,,,,,,,,,,,,,,,,,,,,,,,,,,,,,,,,1.0,,,1.0,,,,,,,,,,,,,,,,,,,,,
hi_hdtb-ud-test,1684,0,190,,,,,,,,,,,,,,184.0,,,,,,,,,,,,,,,,,,,,,,,,,,,,,,,,,,,,,,,,,,,,,,,,,,,,,,,,,,,,,,,,,,,,,6.0,,,,,,,,,,,,,,,,,,,,,
es_ancora-ud-train,14287,0,2959,,,,,,,,,,,,,,2875.0,,,,,,,,,,,,,,,,,,,,,,,,,,,46.0,,,,,,,,,,,6.0,,,,,,,,,,4.0,,,,,,,,,,,,,1.0,,,,,7.0,,,,,,,,,,,,1.0,,,,,,,,,19.0,,,
es_ancora-ud-test,1721,0,344,,,,,,,,,,,,,,329.0,,,,,,,,,,,,,1.0,,,,,,,,,,,,,,9.0,,,,,,,,,,,1.0,,,,,,,,,,1.0,,,,,,,,,,,,,,,,,,,,,,,,,,,,,,,,,,,,,,,3.0,,,
es_ancora-ud-dev,1654,0,308,,,,,,,,,,,,,,300.0,,,,,,,,,,,,,1.0,,,,,,,,,,,,,,4.0,,,,,,,,,,,,,,,,,,,,,1.0,,,,,,,,,,,,,,,,,,,,,,,,,,,,,,,,,,,,,,,1.0,,1.0,
kmr_mg-ud-train,20,0,1,,,,,,,,,,,,,,,,,,,,,,1.0,,,,,,,,,,,,,,,,,,,,,,,,,,,,,,,,,,,,,,,,,,,,,,,,,,,,,,,,,,,,,,,,,,,,,,,,,,,,,,,,,,
kmr_mg-ud-test,734,0,99,,,,,,,,,,,,,,41.0,,,,4.0,,1.0,,6.0,,,,,,,5.0,,,,,,,,,,,,12.0,,,,,,,,,,,,,,,14.0,,,,,,,,,,,,,,,,,,,,,,,,,,,,,,,,,,,,,,,,,,,,,16.0,,,
no_nynorsk-ud-dev,1890,0,319,,,,2.0,,,,,,,,,,294.0,,,,,,,,,,,,,,,,,,,,,,,,,,,1.0,,,,,,,,,,,,,,,16.0,,,,,,,,1.0,,,,,,,5.0,,,,,,,,,,,,,,,,,,,,,,,,,,,,,,,,,
no_nynorsk-ud-test,1511,0,199,,,,,,,,,,,,,,182.0,,,,,,,,,,,,,,,,,,,,,,,,,,,2.0,,,,,,,,,,,,,,,11.0,,,,,,,,,,,,,,,3.0,,,,,,,,,,,,,,,,,,,,,,,,,,,,,,1.0,,,
no_nynorsk-ud-train,14174,0,2131,,,,3.0,,,,,,,,,,1992.0,,,,,,,,,,,,,,,,,,,,,,,,,,,11.0,,,,,,,,,,,,,,,94.0,,,,,,,,,,,,,,,29.0,,,,,,,,,,,,,,,,,,,,,,,,,,,,,,2.0,,,
hr_set-ud-dev,960,0,163,,,,,,,,,,,,,,92.0,,,,,,1.0,,38.0,,,,,1.0,,1.0,,,,,,,,,,,,2.0,,21.0,,,,,,,,,,,,,,,3.0,,,,,,,,,,,,,,,,,,,,,,1.0,,,,,,,,,,,,,,,,,,,,,3.0,,,
hr_set-ud-train,6914,0,1183,,5.0,,2.0,,,,,,,,,,604.0,,,,,,,,372.0,,,,1.0,,,6.0,,,,,,,,,,,,17.0,,142.0,,,,,,,,,,,,,,,20.0,,,,,,,,,,,,,1.0,,,,,,,,,,,,2.0,,,,,,,,,1.0,,,,,,,,,10.0,,,
hr_set-ud-test,1136,0,177,,,,,,,,,,,,,,98.0,,,,,,,,66.0,,,,,,,,,,,,,,,,,,,,,11.0,,,,,,,,,,,,,,,1.0,,,,,,,,,,,,,,,,,,,,,,,,,,,,,,,,,,,,,,,,,,,1.0,,,
orv_rnc-ud-dev,943,0,170,,,,2.0,,,,,,,,,,139.0,,,,,,2.0,,,,,,,14.0,,,,,,,,,,,,,,9.0,,1.0,,,,,,,,,,,,,,,,,,,,,,,,,,,,,,,,,,,,,,,,,,,,,,,,,,,,,,,,,,3.0,,,
orv_rnc-ud-train,1868,0,502,,1.0,,9.0,,,,,,,,,,415.0,,,,,,1.0,,,,,,,58.0,,,,,,,,,,,,,,9.0,,,,1.0,,,,,,,,,,,,,,,,,1.0,,,,,,1.0,,,,,,,,,,,,,,,,,,,,,,,,2.0,,,,,,,,,4.0,,,
orv_rnc-ud-test,717,0,369,,,,5.0,,,,,,,,,,280.0,,,,,,,,,,,,,56.0,,3.0,,,,,,,,,,,,17.0,,,,,,,,,,,,,,,,,,,,,,,,,,,,,,,,,,,,,,,1.0,,,,,,,,,,,2.0,,,,,,,,,,5.0,,,
la_circse-ud-test,1263,0,418,,,,3.0,1.0,,,,,3.0,,,,1.0,,,,191.0,17.0,1.0,,,,,,,119.0,,1.0,,,,,,,,,,,,2.0,,,,,,,,,,,,,,,20.0,,7.0,,,,,,,,,,,35.0,,,,,,7.0,,,,,4.0,,,,,1.0,,,,,,2.0,,,,,,,,,,2.0,,1.0,
he_iahltwiki-ud-train,4298,0,326,,1.0,2.0,4.0,,,,,,,,,,163.0,,,,,,,,94.0,,,,,,,4.0,,,,,,,17.0,,,,,6.0,,29.0,,,,,,,,,,,,,,,,,,,,,,,,,,,,,,,,,,,,,,,,,,,,,,,,,3.0,,,,,,,,,3.0,,,
he_iahltwiki-ud-dev,348,0,26,,,,,,,,,,,,,,10.0,,,,,,,,7.0,,,,,,,,,,,,,,2.0,,,,,,,7.0,,,,,,,,,,,,,,,,,,,,,,,,,,,,,,,,,,,,,,,,,,,,,,,,,,,,,,,,,,,,,
he_iahltwiki-ud-test,393,0,53,,,,,,,,,,,,,,14.0,,,,,,,,20.0,,,,,,,2.0,,,,,,,10.0,,,,,1.0,,4.0,,,,,,,,,,,,,,,,,,,,,,,,,,,,,,,,,,,,,,,,,,,,,,,,,,,,,,,,,,2.0,,,
qpm_philotis-ud-train,980,0,272,,,,2.0,,,,,,,,,,230.0,,,,,,,,,,,,,1.0,,8.0,,,,,,,,,,,,18.0,,,,1.0,,,,,,,,,,,,,2.0,,,,,,,,,,,2.0,,,,,,,,,,,,,,,,,,,,,,1.0,1.0,,,,,,,,,6.0,,,
qpm_philotis-ud-dev,635,0,126,,,,1.0,,,,,,,,,,98.0,,,,,,,,,,,,,,,3.0,,,,,,,,,,,,7.0,,,,,,,,,,,2.0,,,,,,1.0,,,,,,,,,,,,,,,,,1.0,,,,,,,,,,,,,,,,,2.0,,,,,,,,,11.0,,,
qpm_philotis-ud-test,635,0,131,,,,1.0,,,,,,,,,,116.0,,,,,,,,,,,,,,,2.0,,,,,,,,,,,,3.0,,,,,,,,,,,,,,,,,2.0,,,,,,,,,,,,,,,,,,,,,,,,,,,,,,,,,,2.0,,,,,,,,,5.0,,,
tr_atis-ud-train,4274,0,15,,,,,,,,,,,,,,,,,,,,,,,,,,,,,6.0,,,,,,,,,,,,1.0,,,,8.0,,,,,,,,,,,,,,,,,,,,,,,,,,,,,,,,,,,,,,,,,,,,,,,,,,,,,,,,,,,
tr_atis-ud-test,586,0,1,,,,,,,,,,,,,,,,,,,,,,,,,,,,,1.0,,,,,,,,,,,,,,,,,,,,,,,,,,,,,,,,,,,,,,,,,,,,,,,,,,,,,,,,,,,,,,,,,,,,,,,,,,,
pt_pud-ud-test,1000,0,106,,,,,,,,,,,,,,106.0,,,,,,,,,,,,,,,,,,,,,,,,,,,,,,,,,,,,,,,,,,,,,,,,,,,,,,,,,,,,,,,,,,,,,,,,,,,,,,,,,,,,,,,,,,
hi_pud-ud-test,1000,0,136,,,,,,,,,,,,,,135.0,,,,,,,,,,,,1.0,,,,,,,,,,,,,,,,,,,,,,,,,,,,,,,,,,,,,,,,,,,,,,,,,,,,,,,,,,,,,,,,,,,,,,,,,,,,,,
la_perseus-ud-test,939,0,8,,,,,,,,,,,,,,,,,,,,,,,,,,,,,,,,,,,,,,,,,,,,,,,,,,,,,,,,,,,,,,,,,,,,,,,,,,,3.0,,,,,5.0,,,,,,,,,,,,,,,,,,,,,,,,
la_perseus-ud-train,1334,0,17,,,,,,,,,,,,,,,,,,,,,,,,,,,,,,,,,,,,,,,,,,,,,,,,,,,,,,,,,,,,,,,,,,,,,,,,,,,2.0,,,,,14.0,,,,,,,,,,,,,,,,,,,,,1.0,,,
tr_kenet-ud-dev,1646,0,246,,4.0,,22.0,,,,,,,,,,,,,,,,,,,,,,,,,3.0,,,,,,2.0,,,,,,10.0,,,,,,,,,,,,,,,,,,,,,,,,,,,,,,,,,,,,,,,1.0,,,5.0,,,,,,,,,35.0,,,,,,,,,164.0,,,
tr_kenet-ud-test,1643,0,249,,5.0,,19.0,,,,,,,,,,,,,,,,2.0,,,,,,,,,6.0,,,,,,3.0,,,,,,9.0,,,,,,,,,,,,,,,,,1.0,,,,,,,,,,,,,,,,,,,,,,1.0,,,,,,,,,,,,41.0,,,,,,,,,162.0,,,
tr_kenet-ud-train,15398,0,1449,,30.0,,138.0,,,,,,,,,,,,,,,,5.0,,,,,,,,,65.0,,,,,,8.0,,,,,,88.0,,,,2.0,,,,,,,,,,,,,1.0,,,,,,,,,,,,,5.0,,,,,,,,,3.0,,,14.0,,,,,,,,,168.0,,,,,,,,,916.0,,6.0,
sms_giellagas-ud-test,230,0,67,,,,1.0,,,,,,,,,,5.0,,,,5.0,,,,1.0,,42.0,,,,,1.0,,,,,,,,,,,,2.0,,1.0,,,,,,,,,,,,,,,5.0,,,,,,,,,,,,,,,,,,,,,,,,,,,,,,,,,2.0,1.0,,,,,,,,1.0,,,,
sms_giellagas-ud-train,20,0,2,,,,,,,,,,,,,,,,,,,,,,,,2.0,,,,,,,,,,,,,,,,,,,,,,,,,,,,,,,,,,,,,,,,,,,,,,,,,,,,,,,,,,,,,,,,,,,,,,,,,,,,,,,,
sk_snk-ud-dev,1060,0,96,,2.0,3.0,3.0,,,,,,,,,,,,,,,,6.0,,1.0,,,5.0,,,,8.0,,,,,,,,,,,,9.0,,14.0,,1.0,,,,1.0,,,,,,,,,,,,,,,,,,,,,,,,,,,,,,,,,,,,,,,,,,,2.0,,,,,,,,,39.0,,2.0,
sk_snk-ud-test,1061,0,46,,3.0,4.0,2.0,,,,,,,,,,,,,,,,2.0,,,,,,,,,,,,,,,,,,,,,3.0,,9.0,,,,,,,,,,,,,,,,,,,,,,,,,,,,,,,,,,,,,,,,,,,,,,,,,,,,,,,,,,23.0,,,
sk_snk-ud-train,8483,0,1204,1.0,13.0,28.0,69.0,,,,,,,,,,,,,,,,14.0,1.0,11.0,,,1.0,,,,137.0,,,,,,,,,,,,135.0,,99.0,,11.0,,,,,,,3.0,,,,,,,,,,,,,,,,,,,,,,,,,,,,,,,,,,,,,,,,1.0,,,,,,,,,676.0,,4.0,
lt_hse-ud-train,153,0,110,,3.0,5.0,7.0,,,,,,,,,,24.0,,,,,,3.0,1.0,3.0,,,,,7.0,,3.0,,,,,,,,,,,,13.0,,10.0,,,,,,,,,,,,,,,,,,,1.0,,,,,,,,,1.0,,,,3.0,,,,,1.0,,,,,,,,,,,,4.0,,,,,,,,,19.0,,2.0,
lt_hse-ud-test,55,0,38,,1.0,1.0,2.0,,,,,,,,,,6.0,,,,,,2.0,,,,,,,,,1.0,,,,,,,,,,,,8.0,,3.0,,,,,,,,,,,,,,,,,,,,,,,,1.0,,,,1.0,,,,2.0,,,,,,,,1.0,,,,,,,,,3.0,,,,,,,,,4.0,,2.0,
lt_hse-ud-dev,55,0,63,,,2.0,2.0,,,,,,,,,,10.0,,,,,,6.0,,2.0,,,,,8.0,,2.0,,,,,,,,,,,,8.0,,4.0,,,,,,,,,,,,,,,,,,,,,,,,1.0,,,,,,,,1.0,,,,,3.0,,,,,,,,,,,,4.0,,,,,,,,,9.0,,1.0,
ess_sli-ud-test,309,0,24,,,,,,,,,,,,,,,,,,,,,,,,,,,,,,,,,,,,,,,,,,,,,,,,,,,,,17.0,,7.0,,,,,,,,,,,,,,,,,,,,,,,,,,,,,,,,,,,,,,,,,,,,,,,,,
sa_ufal-ud-test,230,0,36,,3.0,,,,,,,,,,,,26.0,3.0,,,,,,,,,,,,,,,,,,,,,,,,,,2.0,,,,1.0,,,,,,,,,,,,,,,,,,,,,,,,,,,,,,,,,,,,,,,,,,,,,,,,,,,,,,,,1.0,,,
be_hse-ud-train,22853,0,2547,3.0,5.0,7.0,9.0,,,,,,,,,,2208.0,,,,,,,3.0,,,,,4.0,73.0,,17.0,,,,,,,,,,,,64.0,,,,2.0,,,,,,,,,,,,,1.0,,,,22.0,,,,,,,1.0,,,,,,,,,1.0,,3.0,,,,,,,,,,,1.0,23.0,,,,,,,,,100.0,,,
be_hse-ud-dev,1301,0,123,,1.0,1.0,,,,,,,,,,,106.0,,,,,,,,,,,,1.0,4.0,,1.0,,,,,,,,,,,,,,,,,,,,,,,,,,,,,,,,,1.0,,,,,,,,,,,,,,,,,,,,,,,,,,,,,1.0,3.0,,,,,,,,,4.0,,,
be_hse-ud-test,1077,0,81,,,,,,,,,,,,,,77.0,,,,,,,,,,,,,2.0,,,,,,,,,,,,,,,,,,,,,,,,,,,,,,,,,,,,,,,,,,,,,,,,,,,,,,,,,,,,,,,,,1.0,,,,,,,,,1.0,,,
et_ewt-ud-train,5444,0,1705,3.0,,1.0,11.0,,,,,,,,,,183.0,,,,,,,,1236.0,,,,,41.0,,2.0,,,,,,,,,,,,20.0,,166.0,,2.0,,,,,,,,,,,,,,,,,,,,,,,,,,,,,,,,,,,,,,,,,,,,,,5.0,4.0,,,,,,,,,31.0,,,
et_ewt-ud-test,913,0,281,,,,2.0,,,,,,,,,,26.0,,,,,,,,209.0,,,,,5.0,,,,,,,,,,,,,,3.0,,27.0,,1.0,,,,,,,,,,,,,,,,,,,,,,,,,,,,,,2.0,,,,,,,,,,,,,,,,1.0,1.0,,,,,,,,,4.0,,,
et_ewt-ud-dev,833,0,212,,,,1.0,,,,,,,,,,18.0,,,,,,,,157.0,,,,,3.0,,,,,,,,,,,,,,5.0,,26.0,,,,,,,,,,,,,,,,,,,,,,,,,,,,,,,,,,,,,,,,,,,,,,,,1.0,,,,,,,,,,1.0,,,
wo_wtb-ud-dev,449,0,107,,,15.0,9.0,,,,,,,,,,3.0,,,,,,,,22.0,,,,,,,10.0,,,,,,,,,,,,10.0,,7.0,,,,,,,,,,,,,,,,,,,,,,,,,,1.0,,,,,,,,,,,,,,,,,,,,,,,11.0,,,,,,,,,19.0,,,
wo_wtb-ud-test,470,0,117,,,23.0,7.0,,,,,,,,,,2.0,,,,,,,,20.0,,,,,,,17.0,,,,,,,,,,,,14.0,,7.0,,,,,,,,,,,,,,,,,,,,,,,,,,,,,,,,,,,,,,,,,,,,,,,,,3.0,,,,,,,,,24.0,,,
wo_wtb-ud-train,1188,0,338,,,36.0,27.0,,,,,,,,,,6.0,,,,,,,,79.0,,,,,,,37.0,,,,,,,,,,,,26.0,,22.0,,,,,,,,,,,,,,,,,,,,,,,,,,2.0,,,,,,,,,,,,,,,,,,,,,,,14.0,,,,,,,,,89.0,,,
gub_tudet-ud-test,1182,0,93,,,,,,,,,,,,,,2.0,,,,,,,,,,,,,,,16.0,,,,,,,,,,,,10.0,,,,,,,,,,,,,,,,,5.0,,,,,,,,,,,,,4.0,,,,,,,,2.0,,,,,,,,,,,,,2.0,,,,,,,,,52.0,,,
say_autogramm-ud-test,1864,0,350,,,,,,,,,,,,,,336.0,,,,,,,,,,,,1.0,,,1.0,,,,,,,,,,,,,,,,,,,,,,,,,,,,,6.0,,,,1.0,,,,,,,,,,,,,,,,,,,,,,,1.0,,,,,,,1.0,,,,,,,,,3.0,,,
cs_pud-ud-test,1000,0,205,,4.0,6.0,12.0,,,,,,,,,,7.0,,,,,,36.0,1.0,2.0,,,11.0,1.0,,,23.0,,,,,,,,,,,,21.0,,29.0,,2.0,,,,2.0,,,,,,,,,,,,,,,,,,,,,,1.0,,,,1.0,,,,,6.0,,,,,2.0,,,,,,,,,,,,,,,,35.0,,3.0,
ja_pudluw-ud-test,1000,0,117,,,,,,,,,,,,,,,,,,,,,,117.0,,,,,,,,,,,,,,,,,,,,,,,,,,,,,,,,,,,,,,,,,,,,,,,,,,,,,,,,,,,,,,,,,,,,,,,,,,,,,,,,,,
orv_ruthenian-ud-test,390,0,187,,,,2.0,,,,,,,,,,138.0,,,,,,,,,,,,,40.0,,,,,,,,,,,,,,,,,,,,,,,,,,,,,,,,,,,5.0,,,,,,,,,,,,,,,,,,,,,,,,,,,,,,1.0,,,,,,,,,1.0,,,
orv_ruthenian-ud-train,2789,0,768,,,,,,,,,,,,,,688.0,,,,,,,,,,,,,45.0,,2.0,,,,,,,,,,,,4.0,,,,,,,,,,,,,,,,,,,,,25.0,,,,,,,,,,,,,1.0,,,,,,,,,,,,,,,,,1.0,,,,,,,,,2.0,,,
orv_ruthenian-ud-dev,344,0,98,,,,1.0,,,,,,,,,,86.0,,,,,,,,,,,,,5.0,,1.0,,,,,,,,,,,,2.0,,,,,,,,,,,,,,,,,,,,,2.0,,,,,,,,,,,,,,,,,,,,,,,,,,,,,,,,,,,,,,,1.0,,,
lzh_tuecl-ud-test,100,0,25,,1.0,,,,,,,,,,,,17.0,,,,,,1.0,,,,,,,,,,,,,,,,,,,,,,,,,,,,,,,,,,,,,,,,,,,,,,,,,,,,,,,,,,,,,,,,,,,,,,1.0,,,,,,,,,,,5.0,,,
ml_ufal-ud-test,218,0,22,,2.0,,3.0,,,,,,,,,,,,,,,,,,3.0,,,,,,,1.0,,,,,,,,,,,,,,5.0,1.0,,,,,,,,,,,,,,,,,,,,,,,,,,,,,,,,,,,,,,,,,,,,,,,,,,,,,,,,,7.0,,,
apu_ufpa-ud-test,161,0,2,,,,,,,,,,,,,,1.0,,,,1.0,,,,,,,,,,,,,,,,,,,,,,,,,,,,,,,,,,,,,,,,,,,,,,,,,,,,,,,,,,,,,,,,,,,,,,,,,,,,,,,,,,,,,,
egy_ujaen-ud-test,721,0,30,,,,1.0,,,,,,,,,,5.0,,,,,,,,4.0,,,,,,,,,,,,,,,,,,,,,,,,,,,,,,,,,,,,,,,,16.0,,,,,,,,,,,,,1.0,,,,,,,,,,,,,,,,,,,,,,,,,,3.0,,,
en_gumreddit-ud-train,686,0,258,,,1.0,,,,,,,,,,,216.0,,,,,,6.0,,,,,,,,,,,,,,,,,,,,,3.0,,,,,,,,,,,,,,,21.0,,5.0,,,,,,,,,,,,,,,,,,,,,,,,,,,,,,,,,,,,,,,,,,,5.0,,1.0,
en_gumreddit-ud-test,105,0,39,,,,1.0,,,,,,,,,,26.0,,,,,,1.0,,,,,,,,,,,,,,,,,,,,,1.0,,,,,,,,,,,,,,,5.0,,,,,,,,,,,,,,,,,,,1.0,,,,,3.0,,,,,,,,,,,,,,,,,,,,,,,1.0,
en_gumreddit-ud-dev,104,0,29,,,,1.0,,,,,,,,,,22.0,,,,,,,,,,,,,,,,,,,,,,,,,,,1.0,,,,,,,,,,,,,,,2.0,,,,,,,,,,,,,,,,,,,,,,,,3.0,,,,,,,,,,,,,,,,,,,,,,,,
nyq_aha-ud-test,10,0,2,,,,,,,,,,,,,,,,,,,,,,,,,,,,,,,,,,,,,,,,,,,,,,,,,,,,,,,,,,,,,,,,,,,,,,,,,,,,,,,,,,,,,,,,,,,,,,,,,,,,,2.0,,,
de_pud-ud-test,1000,0,87,,,,,,,,,,,,,,86.0,,,,,,,,,,,,,,,,,,,,,,,,,,,1.0,,,,,,,,,,,,,,,,,,,,,,,,,,,,,,,,,,,,,,,,,,,,,,,,,,,,,,,,,,,,,,,
cop_scriptorium-ud-dev,381,0,112,,,5.0,,,,,,,,,,,69.0,,,,,,,,24.0,,,,,13.0,,1.0,,,,,,,,,,,,,,,,,,,,,,,,,,,,,,,,,,,,,,,,,,,,,,,,,,,,,,,,,,,,,,,,,,,,,,,,,,,
cop_scriptorium-ud-train,1419,0,414,,,15.0,9.0,,,,,,,,,,258.0,,,,,,1.0,,64.0,,,,,49.0,,7.0,,,,,,,,,,,,4.0,,,,1.0,,,,,,,,,,,,,2.0,,,,,,,,,,,,,,,,,1.0,,,,,,,,,,,,,,,,,,,,,,,,,,3.0,,,
cop_scriptorium-ud-test,403,0,98,,,4.0,4.0,,,,,,,,,,67.0,,,,,,,,17.0,,,,,3.0,,1.0,,,,,,,,,,,,,,,,,,,,,,,,,,,,,1.0,,,,,,,,,,,1.0,,,,,,,,,,,,,,,,,,,,,,,,,,,,,,,,,,,
gl_treegal-ud-train,600,0,178,,,,,,,,,,,,,,144.0,,,,,,,,,,,,18.0,6.0,,,,,,,,,,,,,,1.0,,,,,,,,,,,,,,,,,,,,,,,,,,,,8.0,,,,,,,,,,,,,,,,,,,,,,,,,,,,,,,,1.0,,,
gl_treegal-ud-test,400,0,99,,,,,,,,,,,,,,75.0,,,,,,,,,,,,13.0,7.0,,,,,,,,,,,,,,,,,,,,,,,,,,,,,,,,,,,,,,,,,,4.0,,,,,,,,,,,,,,,,,,,,,,,,,,,,,,,,,,,
gl_ctg-ud-dev,860,0,28,,,,,,,,,,,,,,28.0,,,,,,,,,,,,,,,,,,,,,,,,,,,,,,,,,,,,,,,,,,,,,,,,,,,,,,,,,,,,,,,,,,,,,,,,,,,,,,,,,,,,,,,,,,
gl_ctg-ud-test,861,0,24,,,,,,,,,,,,,,24.0,,,,,,,,,,,,,,,,,,,,,,,,,,,,,,,,,,,,,,,,,,,,,,,,,,,,,,,,,,,,,,,,,,,,,,,,,,,,,,,,,,,,,,,,,,
gl_ctg-ud-train,2272,0,68,,,,,,,,,,,,,,68.0,,,,,,,,,,,,,,,,,,,,,,,,,,,,,,,,,,,,,,,,,,,,,,,,,,,,,,,,,,,,,,,,,,,,,,,,,,,,,,,,,,,,,,,,,,
ro_nonstandard-ud-test,1052,0,357,,,,2.0,,,,,,,,,,288.0,,,,,,4.0,,,,,,,43.0,7.0,,,,,,,,,,,,,7.0,,,,,,,,,,,,,,,,,,,,,,,,,,,,,,,,,,,,,,,,,,,,,,,,,,1.0,2.0,,,,,,,,,3.0,,,
ro_nonstandard-ud-dev,1052,0,315,,,,4.0,,,,,,,,,,270.0,,,,,,2.0,,1.0,,,,,19.0,2.0,,,,,,,,,,,,,12.0,,,,,,,,,,,,,,,,,,,,,,,,,,,,,,,,,,,,,,,,,,,,,,,,,,,2.0,,,,,,,,,3.0,,,
ro_nonstandard-ud-train,24121,0,9191,,13.0,,184.0,,,,,,,,,6.0,7819.0,,,,,59.0,112.0,1.0,10.0,,,4.0,,465.0,42.0,2.0,,,,,,2.0,,,,,,229.0,,14.0,,8.0,,,,,,,,,,,,,,,,,,,,,,,,,,2.0,,,,,,,,,,,,,,,,,,2.0,,1.0,54.0,,,,,,,,,112.0,,50.0,
ro_simonero-ud-test,491,0,44,,,,,,,,,,,,,,44.0,,,,,,,,,,,,,,,,,,,,,,,,,,,,,,,,,,,,,,,,,,,,,,,,,,,,,,,,,,,,,,,,,,,,,,,,,,,,,,,,,,,,,,,,,,
ro_simonero-ud-train,3747,0,1323,,,,,,,,,,,,,,459.0,,,,,,,,,,,,26.0,,,,,,,,,,,,,,,4.0,,,,,,,,,,,,,,,,,,,,,43.0,,,,,,,790.0,,,,,,,,,,,1.0,,,,,,,,,,,,,,,,,,,,,,,,
ro_simonero-ud-dev,443,0,168,,,,,,,,,,,,,,57.0,,,,,,,,,,,,,,,,,,,,,,,,,,,,,,,,,,,,,,,,,,,,,,,,6.0,,,,,,,105.0,,,,,,,,,,,,,,,,,,,,,,,,,,,,,,,,,,,
sq_tsa-ud-test,60,0,3,,,,,,,,,,,,,,3.0,,,,,,,,,,,,,,,,,,,,,,,,,,,,,,,,,,,,,,,,,,,,,,,,,,,,,,,,,,,,,,,,,,,,,,,,,,,,,,,,,,,,,,,,,,
pt_petrogold-ud-train,7170,0,445,,,,,,,,,,,,,,440.0,,,,,,,,,,,,,,,,,,,,,,,,,,,5.0,,,,,,,,,,,,,,,,,,,,,,,,,,,,,,,,,,,,,,,,,,,,,,,,,,,,,,,,,,,,,,,
pt_petrogold-ud-test,1039,0,74,,,,,,,,,,,,,,73.0,,,,,,,,,,,,,,,,,,,,,,,,,,,,,,,,,,,,,,,,,,,,,,,,1.0,,,,,,,,,,,,,,,,,,,,,,,,,,,,,,,,,,,,,,,,,,
pt_petrogold-ud-dev,737,0,46,,,,,,,,,,,,,,46.0,,,,,,,,,,,,,,,,,,,,,,,,,,,,,,,,,,,,,,,,,,,,,,,,,,,,,,,,,,,,,,,,,,,,,,,,,,,,,,,,,,,,,,,,,,
mr_ufal-ud-dev,46,0,3,,,,,,,,,,,,,,,,,,,,,,2.0,,,,,,,,,,,,,,,,,,,,,1.0,,,,,,,,,,,,,,,,,,,,,,,,,,,,,,,,,,,,,,,,,,,,,,,,,,,,,,,,,,,,,
mr_ufal-ud-test,47,0,8,,,,,,,,,,,,,,,,,,,,,,6.0,,,,,,,,,,,,,,,,,,,,,2.0,,,,,,,,,,,,,,,,,,,,,,,,,,,,,,,,,,,,,,,,,,,,,,,,,,,,,,,,,,,,,
mr_ufal-ud-train,373,0,39,,,,,,,,,,,,,,,,,,,,,,37.0,,,,,,,,,,,,,,,,,,,,,2.0,,,,,,,,,,,,,,,,,,,,,,,,,,,,,,,,,,,,,,,,,,,,,,,,,,,,,,,,,,,,,
pt_gsd-ud-dev,1204,0,140,,,,,,,,,,,,,,138.0,,,,,,,,,,,,,,,,,,,,,,,,,,,1.0,,,,,,,,,,,,,,,,,,,,,,,,,,,,,,1.0,,,,,,,,,,,,,,,,,,,,,,,,,,,,,,,,,
pt_gsd-ud-test,1200,0,155,,,,,,,,,,,,,,154.0,,,,,,,,,,,,,,,,,,,,,,,,,,,1.0,,,,,,,,,,,,,,,,,,,,,,,,,,,,,,,,,,,,,,,,,,,,,,,,,,,,,,,,,,,,,,,
pt_gsd-ud-train,9616,0,1195,,,,,,,,,,,,,,1175.0,,,,,,,,,,,,,,,,,,,,,,,,,,,13.0,,,,,,,,,,,,,,,,,,,,,2.0,,,,,,,,,2.0,,,,,,,,,3.0,,,,,,,,,,,,,,,,,,,,,,,,
si_stb-ud-test,100,0,8,,,,,,,,,,,,,,1.0,,,,,,,,5.0,,,,,,,,,,,,,,,,,,,,,,,,,,,,,,,,,,,,,,,,,,,,,,,,,,,,,,,,,,,,,,,,,,,,,,,,,,,,,,,2.0,,,
ro_tuecl-ud-test,210,0,73,,,,,,,,,,,,,,71.0,,,,,,,,,,,,,,,,,,,,,,,,,,,1.0,,,,,,,,,,,,,,,,,,,,,,,,,,,,,,,,,,,,,,,1.0,,,,,,,,,,,,,,,,,,,,,,,,
ar_padt-ud-dev,909,0,3,,,,,,,,,,,,,,,,,,,,1.0,,,,,,,,,,,,,,,,,,,,,,,,,,,,,,,,,,,,,,,,,,,,,,,,,,,,,,,1.0,,,,,,,,,,,,,,,,,1.0,,,,,,,,,,,,
ar_padt-ud-train,6075,0,20,,,,,,,,,,,,,,,,,,,,4.0,,,,,,,,,,,,,,,,,,,,,1.0,,,,,,,,,,,,,,,,,,,,,,,,,,,,,,2.0,,,,7.0,,,,1.0,1.0,,,2.0,,2.0,,,,,,,,,,,,,,,,,,,
ar_padt-ud-test,680,0,2,,,,,,,,,,,,,,,,,,,,,,,,,,,,,,,,,,,,,,,,,,,,,,,,,,,,,,,,,,,,,,,,,,,,,,,,,,,2.0,,,,,,,,,,,,,,,,,,,,,,,,,,,,,
lt_alksnis-ud-test,684,0,190,,20.0,4.0,18.0,,,,,,,,,,,,,,,,,1.0,,,,,,,,11.0,,,,,,,,,,,,52.0,,,,13.0,,,,,,,,,,,,,,,,,,,,,,,,,,,,,,,,,,,,,,,,,,,,,,,5.0,,,,,,,,,61.0,,5.0,
lt_alksnis-ud-dev,617,0,148,,13.0,1.0,24.0,,,,,,,,,,,,,,,,,,,,,,,,,13.0,,,,,,,,,,,,30.0,,,,16.0,,,,,,,,,,,,,,,,,,,,,,,,,,,,,,,,,,,,,,,,,,,,,,,2.0,,,,,,,,,47.0,,2.0,
lt_alksnis-ud-train,2341,0,511,,59.0,21.0,61.0,,,,,,,,,,,,,,,,,,,,,,,,,23.0,,,,,,,,,,,,108.0,,,,82.0,,,,,,,1.0,,,,,,,,,,,,,,,,,,,,,,,,,,,,,,,,,,,,,,,,11.0,,,,,,,,,132.0,,13.0,
vi_tuecl-ud-test,100,0,41,,,1.0,,,,,,,,,,,35.0,,,,,,,,2.0,,,,,,,,,,,,,1.0,,,,,,,,,,,,,,,,,,,,,,,1.0,,,,,,,,,,,,,,,,,,,,,,,,,1.0,,,,,,,,,,,,,,,,,,,,,
zh_beginner-ud-test,2295,0,427,,,,,,,,,,,,,,424.0,,,,,,,,,,,,,,,,,,,,,,,,,,,,,,,,,,,,,,,,,,,,,,,,,2.0,,,,,,,,,,,,,,,,,,,,,,,,,,,,,1.0,,,,,,,,,,,,
cu_proiel-ud-train,18327,0,3417,,7.0,,15.0,,,,,,,,,,3169.0,,,,,,2.0,,41.0,,,,,,,7.0,,,,,,,,,,,,19.0,,,,,,,,,,,,,,,,,,,4.0,,17.0,,,,,,,,,,,,,3.0,,,,,,,,,,,,,,,,,4.0,,,,,,,,,128.0,1.0,,
cu_proiel-ud-test,2096,0,407,,,,1.0,,,,,,,,,,381.0,,,,,,,,5.0,,,,,,,,,,,,,,,,,,,,,,,,,,,,,,,,,,,,,,,,1.0,,,,,,,,,,,,,1.0,,,,,,,,,,,,,,,,,,,,,,,,,,18.0,,,
cu_proiel-ud-dev,2205,0,310,,1.0,,1.0,,,,,,,,,,291.0,,,,,,,,5.0,,,,,,,,,,,,,,,,,,,,,,,,,,,,,,,,,,,,,,,,,,,,,,,,,,,,,1.0,,,,,,,,,,,,,,,,,,,,,,,,,,11.0,,,
olo_kkpp-ud-test,106,0,15,,,,,,,,,,,,,,,,,,,,,,14.0,,,,,,,,,,,,,,,,,,,,,,,,,,,,,,,,,,,,,,,,,,,,,,,,,,,,,,,,,,1.0,,,,,,,,,,,,,,,,,,,,,,,,
olo_kkpp-ud-train,19,0,3,,,,,,,,,,,,,,,,,,,,,,2.0,,,,,1.0,,,,,,,,,,,,,,,,,,,,,,,,,,,,,,,,,,,,,,,,,,,,,,,,,,,,,,,,,,,,,,,,,,,,,,,,,,,,,
hy_bsut-ud-train,1226,0,263,,9.0,6.0,10.0,,,,,,,,,,10.0,6.0,,,,,,,78.0,,,,,25.0,,6.0,,,,,,,,,1.0,,,17.0,,43.0,,1.0,,,,,,,,,,,6.0,,2.0,,,,10.0,,,,,,,,,,,,5.0,,,,,,1.0,,,1.0,,,,,,,,,4.0,,,,,,,,,20.0,,2.0,
hy_bsut-ud-test,595,0,155,,6.0,1.0,4.0,,,,,,,,,,4.0,1.0,,,,,,1.0,53.0,,,,,13.0,,3.0,,,,,,,,,1.0,,,12.0,,26.0,,1.0,,,,1.0,,,,,,,5.0,,,,,,,,,,,,,,,,,,1.0,1.0,,,,,1.0,,,,,,,,,,,,1.0,,,,,,,,,18.0,,1.0,
hy_bsut-ud-dev,479,0,173,,6.0,,9.0,,,,,,,,,,5.0,1.0,,,,,,1.0,71.0,,,,,13.0,,,,,,,,,,,1.0,,,16.0,,23.0,,2.0,,,,,,,,,,,4.0,,,,,,3.0,,,,,,,,,,,,,1.0,,,,,1.0,,,3.0,,,,,,,,,2.0,,,,,,,,,11.0,,,
mdf_jr-ud-test,454,0,121,,,,,,,,,,,,,,,,,,,,,,1.0,,109.0,,,,1.0,,,,,,,,,,,,,5.0,,3.0,,,,,,,,,,,,,,,1.0,,,,,,,,,,,,,,,,,,,,,,,,,,,,,,,,,,,,,,,,,,,1.0,,,
mdf_jr-ud-train,20,0,6,,,,,,,,,,,,,,,,,,,,,,,,5.0,,,,,,,,,,,,,,,,,,,1.0,,,,,,,,,,,,,,,,,,,,,,,,,,,,,,,,,,,,,,,,,,,,,,,,,,,,,,,,,,,,,
vep_vwt-ud-test,103,0,22,,,,,,,,,,,,,,,,,,,,,,22.0,,,,,,,,,,,,,,,,,,,,,,,,,,,,,,,,,,,,,,,,,,,,,,,,,,,,,,,,,,,,,,,,,,,,,,,,,,,,,,,,,,
la_llct-ud-dev,850,0,65,,,,,,,,,,,,,,,,,,63.0,,,,,,,,,,,,,,,,,,,,,,,,,,,,,,,,,,,,,,1.0,,,,,,,,,,,,,,,,,,,,,,,,1.0,,,,,,,,,,,,,,,,,,,,,,,,
la_llct-ud-test,884,0,60,,,,,,,,,,,,,,,,,,59.0,,,,,,,,,,,,,,,,,,,,,,,,,,,,,,,,,,,,,,,,,,,,,,,,,,,,,,,,,1.0,,,,,,,,,,,,,,,,,,,,,,,,,,,,,
la_llct-ud-train,7289,0,586,,,,,,,,,,,,,,4.0,8.0,,,511.0,,,,,,,,,7.0,,,,,,,,,,,,,,,,,,,,,,,,,,,,,18.0,,,,,,,,,,,,,1.0,,,,,,2.0,,,2.0,,20.0,,,,,13.0,,,,,,,,,,,,,,,,,,,
bor_bdt-ud-test,881,0,143,,2.0,,4.0,,,,,,,,,,11.0,,,,,,,,,,,,,,,7.0,,,,,,,,,,,,10.0,,10.0,,,,,,,,,22.0,,,,,,1.0,,,,,,,,,,,,,,,,,19.0,,,,,,,,1.0,,,,,,,,,13.0,,,,,,,,,42.0,,1.0,
ja_gsd-ud-dev,507,0,51,,,,,,,,,,,,,,,,,,,,,,41.0,,,,,,,,,,,,,4.0,,,,,,,,,,,,,,,,,,,,,,,,,,,6.0,,,,,,,,,,,,,,,,,,,,,,,,,,,,,,,,,,,,,,,,,,
ja_gsd-ud-train,7050,0,935,,,,,,,,,,,,,,,,,,,,,,744.0,,,,,,,,,,,,,109.0,,,,,,,,,,,,,,,,,,,,,,,,,,,75.0,,,,,,,,,2.0,,,,,,,,,,,,2.0,,,,,,,,,,,,,,,,,,3.0,,,
ja_gsd-ud-test,543,0,101,,,,,,,,,,,,,,,,,,,,,,87.0,,,,,,,,,,,,,5.0,,,,,,,,,,,,,,,,,,,,,,,,,,,6.0,,,,,,,,,,,,,,,,,,,,,,,,,,,,,,,,,,,,,,,3.0,,,
es_pud-ud-test,1000,0,128,,,,,,,,,,,,,,128.0,,,,,,,,,,,,,,,,,,,,,,,,,,,,,,,,,,,,,,,,,,,,,,,,,,,,,,,,,,,,,,,,,,,,,,,,,,,,,,,,,,,,,,,,,,
hsb_ufal-ud-test,623,0,66,,3.0,,5.0,,,,,,,,,,7.0,2.0,,,,,4.0,1.0,,,,,,1.0,,1.0,,,,,,,,,,,,11.0,,17.0,,,,,,,,,,,,,,,,,,,,,,,,,,,,,,,,,,,,,,,,,,,,,,,,1.0,,,,,,,,,,13.0,,,
hsb_ufal-ud-train,23,0,5,,1.0,,,,,,,,,,,,,,,,,,1.0,,,,,,,,,,,,,,,,,,,,,1.0,,,,,,,,,,,,,,,,,,,,,,,,,,,,,,,,,,,,,,,,,,,,,,,,,,,,,,,,,,,,2.0,,,
fi_tdt-ud-train,12217,0,1996,1.0,,,4.0,,,,,,,,,,1.0,,,,,,,,1921.0,,,,,,,2.0,,,,,,,,,,,,31.0,,,,,,,,,,,,,,,,,1.0,,,,,,,,,,,,,,,,,3.0,,,,,,,,,,,,,,,,2.0,2.0,,,,,,,,,28.0,,,
fi_tdt-ud-test,1555,0,244,,,,2.0,,,,,,,,,,,,,,,,,,234.0,,,,,,,,,,,,,,,,,,,4.0,,,,,,,,,,,,,,,,,,,,,,,,,,,,,,,,,,2.0,,,,,,,,,,,,,,,,,,,,,,,,,,2.0,,,
fi_tdt-ud-dev,1364,0,230,,,,1.0,,,,,,,,,,,,,,,,,,221.0,,,,,,,1.0,,,,,,,,,,,,5.0,,,,,,,,,,,,,,,,,,,,,,,,,,,,,,,,,,,,,,,,,,,,,,,,,,,,,,,,,,,,2.0,,,
id_gsd-ud-train,4482,0,464,,,,,,,,,,,,,,458.0,,,,,,,,,,,,,,,,,,,,,,,,,,,5.0,,,,,,,,,,,1.0,,,,,,,,,,,,,,,,,,,,,,,,,,,,,,,,,,,,,,,,,,,,,,,,,,,,
id_gsd-ud-test,557,0,44,,,,,,,,,,,,,,44.0,,,,,,,,,,,,,,,,,,,,,,,,,,,,,,,,,,,,,,,,,,,,,,,,,,,,,,,,,,,,,,,,,,,,,,,,,,,,,,,,,,,,,,,,,,
id_gsd-ud-dev,559,0,44,,,,,,,,,,,,,,43.0,,,,,,1.0,,,,,,,,,,,,,,,,,,,,,,,,,,,,,,,,,,,,,,,,,,,,,,,,,,,,,,,,,,,,,,,,,,,,,,,,,,,,,,,,,,,,
it_valico-ud-test,398,0,3,,,,,,,,,,,,,,,,,,,,,,,,,,,,,,,,,,,,,,,,,,,,,,,,,,,,,,,,,,3.0,,,,,,,,,,,,,,,,,,,,,,,,,,,,,,,,,,,,,,,,,,,,,,
sr_set-ud-test,520,0,61,,,,1.0,,,,,,,,,,28.0,,,,,,,,25.0,,,,,,,,,,,,,,,,,,,,,4.0,,,,,,,,,,,,,,,,,,,,,,,,,,,,,,,,,,,,,1.0,,,1.0,,,,,,,,,,,,,,,,,,1.0,,,
sr_set-ud-train,3328,0,486,,,,,,,,,,,,,,255.0,,,,,,,,162.0,,,,,,,1.0,,,,,,,,,,,,4.0,,55.0,,,,,,,,,,,,,,,4.0,,,,1.0,,,,,,,,,,,,,,,,,,,,,,,,,,,,,2.0,,,,,,,,,,2.0,,,
sr_set-ud-dev,536,0,86,,,,1.0,,,,,,,,,,46.0,,,,,,,,20.0,,,,,1.0,,,,,,,,,,,,,,,,11.0,,,,,,,,,,,,,,,3.0,,,,,,,,,,,,,,,,,,,,,,1.0,,,,,,,,,,,,,,,,,,,,,3.0,,,
ar_pud-ud-test,1000,0,162,,,,,,,,,,,,,,162.0,,,,,,,,,,,,,,,,,,,,,,,,,,,,,,,,,,,,,,,,,,,,,,,,,,,,,,,,,,,,,,,,,,,,,,,,,,,,,,,,,,,,,,,,,,
fa_perdt-ud-test,1455,0,240,,30.0,,14.0,,,,,,,,,,,,,,,,,1.0,38.0,,,,,,,12.0,,,,,,,,,,,,38.0,,10.0,,1.0,,,,,,,,,,,,,,,,,,,,,,,,,,,,,,,,,,,,,,,,,,,,,,,,,,,,,,,,96.0,,,
fa_perdt-ud-train,26196,0,3997,,395.0,,319.0,,,,,,,,,,,,,,,,,1.0,485.0,,,,1.0,,,316.0,,,,,,,,,,,,686.0,,229.0,,12.0,,,,,,,,,,,,,,,,,,,,,,,,,,10.0,,,,,,,,,,,,9.0,,,,,,,,,,,,,,,,,,1533.0,,1.0,
fa_perdt-ud-dev,1456,0,222,,19.0,,13.0,,,,,,,,,,,,,,,,,,32.0,,,,,,,22.0,,,,,,,,,,,,44.0,,8.0,,1.0,,,,,,,,,,,,,,,,,,,,,,,,,,1.0,,,,,,,,,,,,,,,,,,,,,,,,,,,,,,82.0,,,
gv_cadhan-ud-test,1164,0,86,,,,,,,,,,,,,,,,,,,,,,,,,,,,,,,,,,,,,,,,,,,1.0,,,,,,,,,,,,,,,,,,,,,,,,,,85.0,,,,,,,,,,,,,,,,,,,,,,,,,,,,,,,,,,,
gv_cadhan-ud-train,1172,0,91,,,,,,,,,,,,,,,,,,,,,,,,,,,,,,,,,,,,,,,,,,,1.0,,,,,,,,,,,,,,,,,,,,,,,,,,90.0,,,,,,,,,,,,,,,,,,,,,,,,,,,,,,,,,,,
myv_jr-ud-test,921,0,289,,,2.0,,,,,,,,,,,,,,,,,,,,,259.0,,,,,,,,,,,,,,,,,6.0,,,,,,,,,,,,,,,,,2.0,,,,3.0,,,,,,,,,,,,,,,,,,,,,,,,,,,,,,5.0,,,,,,,,,12.0,,,
myv_jr-ud-train,1217,0,256,,,,,,,,,,,,,,,,,,,,,1.0,,,227.0,,,,,2.0,,,,,,,,,,,,4.0,,,,,,,,,,,,,,,,,3.0,,,,,,,,,,,,,,,,,1.0,,,,,,,,,,,,,,,,,2.0,,,,,,,,,16.0,,,
quc_iu-ud-test,1435,0,308,,,,1.0,,,,,,,,,,,,,,146.0,,,,148.0,,,,,,,,,,,,,,,,,,,2.0,,,,,,,,,,,1.0,,,,,,6.0,,,,,,,,,,,,,,,,,,,,,,,,,,,,,,,,,,,,,,,,,,,4.0,,,
tr_framenet-ud-test,205,0,23,,,,,,,,,,,,,,,,,,,,,,,,,,,,,,,,,,,,,,,,,3.0,,,,,,,,,,,,,,,,,,,,,,,,,,,,,,,,,,,,,,,,,,,,,,,,,,,6.0,,,,,,,,,14.0,,,
tr_framenet-ud-train,2288,0,187,,1.0,,18.0,,,,,,,,,,,,,,,,,,,,,,,,,3.0,,,,,,,,,,,,8.0,,,,,,,,,,,,,,,,,,,,,,,,,,,,,,,,,,,,,,,,,,1.0,,,,,,,,,32.0,,,,,,,,,124.0,,,
tr_framenet-ud-dev,205,0,24,,,,3.0,,,,,,,,,,,,,,,,,,,,,,,,,1.0,,,,,,,,,,,,1.0,,,,,,,,,,,,,,,,,,,,,,,,,,,,,,,,,,,,,,,,,,1.0,,,,,,,,,5.0,,,,,,,,,13.0,,,
id_pud-ud-test,1000,0,176,,,,,,,,,,,,,,176.0,,,,,,,,,,,,,,,,,,,,,,,,,,,,,,,,,,,,,,,,,,,,,,,,,,,,,,,,,,,,,,,,,,,,,,,,,,,,,,,,,,,,,,,,,,
bho_bhtb-ud-test,357,0,8,,,,,,,,,,,,,,8.0,,,,,,,,,,,,,,,,,,,,,,,,,,,,,,,,,,,,,,,,,,,,,,,,,,,,,,,,,,,,,,,,,,,,,,,,,,,,,,,,,,,,,,,,,,
gun_thomas-ud-test,98,0,14,,,,,,,,,,,,,,,,,,,,,,,,,,,,,,,,,,,,,,,,,4.0,,,,,,,,,,,,,,,,,,,,,,,,,,,2.0,,,,,,,,,,,,1.0,,,,,,,,,,,,,,,,,,,,,7.0,,,
fr_pud-ud-test,1000,0,231,,,,,,,,,,,,,,221.0,,,,,,,,,,,,,,,,,,,,,,,,,,,,,,,,,,,,,,,,,,8.0,,,,,,,,,,,,,,,,,,,,,,,,2.0,,,,,,,,,,,,,,,,,,,,,,,,
it_pud-ud-test,1000,0,117,,,,,,,,,,,,,,117.0,,,,,,,,,,,,,,,,,,,,,,,,,,,,,,,,,,,,,,,,,,,,,,,,,,,,,,,,,,,,,,,,,,,,,,,,,,,,,,,,,,,,,,,,,,
kfm_aha-ud-test,10,0,2,,,,,,,,,,,,,,,,,,,,,,,,,,,,,,,,,,,,,,,,,,,,,,,,,,,,,,,,,,,,,,,,,,,,,,,,,,,,,,,,,,,,,,,,,,,,,,,,,,,,,2.0,,,
fr_fqb-ud-test,2289,0,51,,,,,,,,,,,,,,51.0,,,,,,,,,,,,,,,,,,,,,,,,,,,,,,,,,,,,,,,,,,,,,,,,,,,,,,,,,,,,,,,,,,,,,,,,,,,,,,,,,,,,,,,,,,
bm_crb-ud-test,1026,0,212,,1.0,,5.0,,,,,,,,,,,,,,,,,,176.0,,,,,,,1.0,,,,,,,,,,,,,,,,,,,,,,,,,,,,,,,,,,,,,,,,,,,,,,,,,,,,,,,,,,,,,,,12.0,,,11.0,,,,,,6.0,,,
ky_ktmu-ud-train,80,0,4,,,,,,,,,,,,,,,,,,,,2.0,,,,,,,,,,,,,,,,,,,,,,,,,,,,,,,,,,,,,,,,,,,,,,,,,,,,,,,,,,,,,,,,,,,,,,,,,,,,,,,,,2.0,,,
ky_ktmu-ud-test,701,0,79,,2.0,,15.0,,,,,,,,,,1.0,,,,,,8.0,,,,,,,,,16.0,,,,,,2.0,,,,,,1.0,,,,,,,,,,,,,,,,,,,,,,,,,,,,,,10.0,,,,,,,,,,,,1.0,,,,,,,,,,,,,,,,,,23.0,,,
la_proiel-ud-test,1260,0,230,,,,,,,,,,,,,,227.0,,,,,,,,,,,,,,,,,,,,,,,,,,,1.0,,,,,,,,,,,,,,,,,,,,,1.0,,,,,,,,,,,,,,,,,,,,,,,,,,,,,,,,,,,,,,,1.0,,,
la_proiel-ud-dev,1233,0,218,,,,,,,,,,,,,,216.0,,,,,,,,,,,,,,,,,,,,,,,,,,,2.0,,,,,,,,,,,,,,,,,,,,,,,,,,,,,,,,,,,,,,,,,,,,,,,,,,,,,,,,,,,,,,,
la_proiel-ud-train,16196,0,3176,,,,,,,,,,,,,,3145.0,,,,,,,,,,,,,,,,,,,,,,,,,,,10.0,,,,,,,,,,,,,,,,,,,,,5.0,,,,,,,,,,,,,,,,,,,,,,,,,,,,,,1.0,,,,,,,,,11.0,4.0,,
kpv_ikdp-ud-test,214,0,37,,1.0,,,,,,,,,,,,3.0,,,,,,,,1.0,,25.0,,,,,,,,,,,,,,,,,1.0,,,,,,,,,,,,,,,,,,,,,,,,,,,,,,,,,,,,,,,2.0,,,,,,,,,,,,,,,,,,,,3.0,1.0,,,
kpv_lattice-ud-test,643,0,188,,,,1.0,,,,,,,,,,1.0,,1.0,2.0,,3.0,6.0,,,,142.0,,,2.0,1.0,,,,,,,,,,,,,3.0,,,,1.0,,,,,,,,,,,6.0,,,,,,,,,,,,,,,,,1.0,,6.0,2.0,,,,2.0,,,4.0,,,,1.0,,,,,1.0,,,,,,,,,2.0,,,
kpv_lattice-ud-train,20,0,6,,,,,,,,,,,,,,,,,,,,,,,,4.0,,,,2.0,,,,,,,,,,,,,,,,,,,,,,,,,,,,,,,,,,,,,,,,,,,,,,,,,,,,,,,,,,,,,,,,,,,,,,,,,,,,
tt_nmctt-ud-test,148,0,9,,1.0,,1.0,,,,,,,,,,,,,,,,,,2.0,,,,,,,1.0,,,,,,,,,,,,1.0,,,,,,,,,,,,,,,,,,,,,,,,,,,,,,,,,,,,,,,,,,,,,,,,,,,,,,,,,,,,3.0,,,
mpu_tudet-ud-test,37,0,3,,,,,,,,,,,,,,,,,,,,,,,,,,,,,,,,,,,,,,,,,,,,,,,,,,,,,,,,,,,,,,,,,,,,,,,,,,,,,,,,,,,,,,,,,,,,3.0,,,,,,,,,,,,
abq_atb-ud-test,98,0,25,,,,3.0,,,,,,,,,,,,,,,,,,,,,,,,,,,,,,,,,,,,,8.0,,,,,,,,,,,,,,,,,,,,,,,,,,,,,,,,,,,,,,,,,,,,,,,,,,,1.0,,,,,,,,,13.0,,,
tr_gb-ud-test,2880,0,620,,7.0,,52.0,,,,,,,,,,,,,,,,,,56.0,,,,,2.0,,25.0,,,,,,1.0,,,,,,28.0,,17.0,,7.0,,4.0,,,,,,,,,27.0,,2.0,,,,2.0,,,,,,,,,1.0,,,,7.0,,,,,,,,,,,,,,,,,13.0,,,,,,,,,365.0,,4.0,
br_keb-ud-test,884,0,97,,,,,,,,,,,,,,88.0,,,,,,,,9.0,,,,,,,,,,,,,,,,,,,,,,,,,,,,,,,,,,,,,,,,,,,,,,,,,,,,,,,,,,,,,,,,,,,,,,,,,,,,,,,,,,
fr_gsd-ud-test,416,0,142,,,,,,,,,,,,,,140.0,,,,,,,,,,,,,,,,,,,,,,,,,,,,,,,,,,,,,,,,,,,,,,,,,,,,,,,,,,,,,,,,,,,,,,,,,,,,,,1.0,,,,,,,,,1.0,,,
fr_gsd-ud-train,14450,0,2827,,,,,,,,,,,,,,2797.0,,,,,,,,,,,,,,,,,,,,,,,,,,,13.0,,,,,,,,,,,,,,,4.0,,2.0,,,,4.0,,,,,,,,,2.0,,,,1.0,,,,,1.0,,,,,1.0,,,1.0,,,1.0,,,,,,,,,,,,,
fr_gsd-ud-dev,1476,0,257,,,,,,,,,,,,,,253.0,,,,,,,,,,,,,,,,,,,,,,,,,,,1.0,,,,,,,,,,,,,,,,,,,,,2.0,,,,,,,,,,,,,,,,,,1.0,,,,,,,,,,,,,,,,,,,,,,,,
sv_lines-ud-dev,1032,0,20,,,,,,,,,,,,,,20.0,,,,,,,,,,,,,,,,,,,,,,,,,,,,,,,,,,,,,,,,,,,,,,,,,,,,,,,,,,,,,,,,,,,,,,,,,,,,,,,,,,,,,,,,,,
sv_lines-ud-train,3176,0,66,,,,,,,,,,,,,,63.0,,,,,,,,,,,,,,,,,,,,,,,,,,,3.0,,,,,,,,,,,,,,,,,,,,,,,,,,,,,,,,,,,,,,,,,,,,,,,,,,,,,,,,,,,,,,,
sv_lines-ud-test,1035,0,29,,,,,,,,,,,,,,26.0,,,,,,,,,,,,,,,1.0,,,,,,,,,,,,1.0,,,,,,,,,,,,,,,,,,,,,,,,,,,,,,,,,,,,,,,,,,,,,,,,,,,,,,,,,,,,1.0,,,
grc_proiel-ud-test,1047,0,221,,,,,,,,,,,,,,218.0,,,,,,,,,,,,,,,,,,,,,,,,,,,,,,,,,,,,,,,,,,,,,,,,1.0,,,,,,,,,,,,,,,,,,,,,,,,,,,,,1.0,,,,,,,,,,,1.0,,
grc_proiel-ud-train,15016,0,3224,,,,,,,,,,,,,,3165.0,,,,,,,,,,,,,,,,,,,,,,,,,,,12.0,,,,,,,,,,,,,,,,,,,,,16.0,,,,,,,,,,,,,2.0,,,,,1.0,,,,,,,,,,,3.0,,,,,,,,,,17.0,7.0,1.0,
grc_proiel-ud-dev,1019,0,193,,,,,,,,,,,,,,185.0,,,,,,,,,,,,,,,,,,,,,,,,,,,2.0,,,,,,,,,,,,,,,,,,,,,5.0,,,,,,,,,,,,,,,,,,,,,,,,,,,,,,,,,,,,,,,1.0,,,
zh_gsd-ud-dev,500,0,44,,,1.0,4.0,,,,,,,,,,22.0,,,,,,,,3.0,,,,,,,,,,,,,,,,,,,,,,,,,,,,,,,,,,,,,,,,,,,,,,,,,,,,,,,,,,,,,,,,,,,,,,5.0,,,,,,,,,7.0,,2.0,
zh_gsd-ud-test,500,0,61,,,1.0,2.0,,,,,,,,,,26.0,,,,,,,,12.0,,,,,,,6.0,,,,,,,,,,,,1.0,,,,,,,,,,,,,,,,,,,1.0,,,,,,,,,,,,,,,,,,,,,,,,,,,,,,,,2.0,,,,,,,,,6.0,,4.0,
zh_gsd-ud-train,3997,0,466,,2.0,14.0,38.0,,,,,,,,,,196.0,,,,,,1.0,2.0,71.0,,,,,,,29.0,,,,,,2.0,,,,,,3.0,,24.0,,2.0,,,,,,,,,,,,,,,,,,,,,,,,,,,,,,,,,,,1.0,,,,,,,,,,,,29.0,,,,,,,,,35.0,,17.0,
en_gum-ud-train,9521,0,1686,1.0,5.0,4.0,12.0,,,,,,,,1.0,,1216.0,,,,,,90.0,5.0,,,,,,,,12.0,,,,,,2.0,,,,,,47.0,,,,,,,,,,,,,,,121.0,,43.0,,,,,1.0,,,,,,,,5.0,,,,12.0,,,,,16.0,,,6.0,,,,,,,,,8.0,,,,,,,,,68.0,,11.0,
en_gum-ud-test,1285,0,200,,1.0,1.0,1.0,,,,,,,,,,146.0,,,,,,11.0,,,,,,,,,,,,,,,,,,,,,6.0,,,,,,,,,,,,,,,22.0,,4.0,,,,,,,,,,,,,,,,,3.0,,,,,1.0,,,,,,,,,,,,,,,,,,,,,4.0,,,
en_gum-ud-dev,1341,0,293,,,1.0,2.0,,,,,,,,,,209.0,,,,,,9.0,,,,,,,,,,,,,,,,,,,,,5.0,,,,,,,,,,,,,,,30.0,,8.0,,,,,,,,,,,,,1.0,,,,2.0,,,,,,,,2.0,,,,,,,,2.0,1.0,,,,,,,,1.0,15.0,,5.0,
it_isdt-ud-train,13121,0,12,,,,,,,,,,,,,,,,,,,,,,,,,,,,,,,,,,,,,,,,,,,,,,,,,,,,,,,,,,11.0,,,,,,,,,,,,,,,,,,,,,,,,,,,,,,,,,,,,,,,,,,,1.0,,,
it_isdt-ud-dev,564,0,3,,,,,,,,,,,,,,,,,,,,,,,,,,,,,,,,,,,,,,,,,,,,,,,,,,,,,,,,,,3.0,,,,,,,,,,,,,,,,,,,,,,,,,,,,,,,,,,,,,,,,,,,,,,
ru_taiga-ud-train,16045,0,3572,,4.0,13.0,19.0,,,,,,,,,,3085.0,,,,,,,3.0,,,,,,79.0,,14.0,,,,,,,,,,,,120.0,,,,5.0,,,,,,,1.0,,,,,,,,,,19.0,,,,,,,1.0,,,,,,,,,,,,,,1.0,,,,,,,,1.0,46.0,,,,,,,,,161.0,,,
ru_taiga-ud-dev,946,0,183,,1.0,,1.0,,,,,,,,,,157.0,,,,,,,,,,,,,4.0,,2.0,,,,,,,,,,,,4.0,,,,,,,,,,,,,,,,,,,,,,,,,,,,,,,,,,,,,,,,,,1.0,,,,,,,,,8.0,,,,,,,,,5.0,,,
ru_taiga-ud-test,881,0,202,,,,,,,,,,,,,,157.0,,,,,,,1.0,,,,,,16.0,,,,,,,,,,,,,,8.0,,,,,,,,,,,,,,,,,,,,,1.0,2.0,,,,,,,,,,,,,,,,,,,,,,,,,,,,,7.0,,,,,,,,,10.0,,,
tpn_tudet-ud-test,581,0,92,,,,1.0,,,,,,,,,,8.0,,,,,,,1.0,,,,,,,,,,,,,,,,,,,,2.0,,,,,,,,,,,8.0,,,,,,15.0,,,,,,,,,,,,,2.0,,,,1.0,,,,,,,,1.0,,,,,,,,,14.0,,,,,,,,,38.0,,1.0,
fi_pud-ud-test,1000,0,124,,,,,,,,,,,,,,,,,,,,,,121.0,,,,,,,,,,,,,,,,,,,3.0,,,,,,,,,,,,,,,,,,,,,,,,,,,,,,,,,,,,,,,,,,,,,,,,,,,,,,,,,,,,,,,
ja_bccwj-ud-train,40801,0,6087,,2.0,,4.0,,,,,,,,,,,,,,,,,,4786.0,,,,,,,,,,,,,604.0,,,,,,,,,,,,,,,,,,,,,,,,,,,630.0,,,,,,,,,11.0,,,,,,,,,2.0,,,26.0,,,,,,,,,,,,,,,,,,22.0,,,
ja_bccwj-ud-test,7881,0,1341,,,,1.0,,,,,,,,,,,,,,,,,,1104.0,,,,,,,,,,,,,109.0,,,,,,,,,,,,,,,,,,,,,,,,,,,105.0,,,,,,,,,4.0,,,,,,,,,,,,13.0,,,,,,,,,,,,,,,,,,5.0,,,
ja_bccwj-ud-dev,8427,0,1432,,,,1.0,,,,,,,,,,,,,,,,,,1165.0,,,,,,,,,,,,,107.0,,,,,,,,,,,,,,,,,,,,,,,,,,,143.0,,,,,,,,,7.0,,,,,,,,,,,,5.0,,,,,,,,,,,,,,,,,,4.0,,,
fr_rhapsodie-ud-train,1288,0,292,,,,,,,,,,,,,,235.0,,,,,,,,,,,,,,,,,,,,,,,,,,,11.0,,,,,,,,,,,,,,,,,19.0,,,,,,,,,,,,,,,,,,,,,,2.0,,,,,,,,1.0,,,,,,,,,,,,4.0,20.0,,,
fr_rhapsodie-ud-dev,1081,0,216,,,,,,,,,,,,,,159.0,,,,,,,,,,,,,,,,,,,,,,,,,,,13.0,,,,,,,,,,,,,,,2.0,,12.0,,,,,,,,,,,,,,,,,1.0,,,,,,,,,,,,,,,,,,,,,,,,,,29.0,,,
fr_rhapsodie-ud-test,840,0,233,,,,,,,,,,,,,,210.0,,,,,,,,,,,,,,,,,,,,,,,,,,,1.0,,,,,,,,,,,1.0,,,,,,3.0,,,,,,,,,,,,,,,,,,,,,,,,,,,,,,,,,,,,,,,,,,1.0,17.0,,,
fr_parisstories-ud-dev,692,0,23,,,,,,,,,,,,,,21.0,,,,,,,,,,,,,,,,,,,,,,,,,,,1.0,,,,,,,,,,,,,,,,,,,,,,,,,,,,,,,,,,,,,,,,,,,,,,,,,,,,,,,,,,,,1.0,,,
fr_parisstories-ud-train,1387,0,104,,,,,,,,,,,,,,100.0,,,,,,,,,,,,,,,,,,,,,,,,,,,,,,,,,,,,,,,,,,,,,,,,,,,,,,,,,,,,,,,,,,3.0,,,,,,,,,,,,,,,,,,,,1.0,,,,
fr_parisstories-ud-test,697,0,42,,,,,,,,,,,,,,37.0,,,,,,,,,,,,,,,,,,,,,,,,,,,1.0,,,,,,,,,,,,,,,,,3.0,,,,,,,,,,,,,,,,,,,,,,,,,,,,,,,,,,,,,,,,,,,1.0,,,
ga_idt-ud-train,4005,0,1184,,5.0,53.0,62.0,,,,,,,,,,216.0,,,,,,,1.0,,,,,1.0,,,87.0,,,,,,,,,,,,51.0,,228.0,,,1.0,10.0,,,,,,,,,,,,,,,,,,,,,1.0,2.0,176.0,,,,,31.0,,,,,8.0,,,3.0,,,,,,,,1.0,22.0,,,,,,,,,225.0,,,
ga_idt-ud-test,454,0,156,,,4.0,6.0,,,,,,,,,,37.0,,,,,,,,,,,,,,,9.0,,,,,,,,,,,,5.0,,29.0,,,,2.0,,,,,,,,,,,,,1.0,,,,,,,,,,17.0,,,,,1.0,,,,,1.0,,,,,,,,,,,,12.0,,,,,,,,,30.0,,2.0,
ga_idt-ud-dev,451,0,163,,2.0,4.0,11.0,,,,,,,,,,32.0,,,,,,,,,,,,,,,12.0,,,,,,,,,,,,4.0,,34.0,,,,3.0,,,,,,,,,,,,,,,,,,,,,,,24.0,,,,,1.0,,,,,,,,2.0,,,,,,,,,6.0,,,,,,,,,28.0,,,
ro_art-ud-test,50,0,20,,,,,,,,,,,,,,20.0,,,,,,,,,,,,,,,,,,,,,,,,,,,,,,,,,,,,,,,,,,,,,,,,,,,,,,,,,,,,,,,,,,,,,,,,,,,,,,,,,,,,,,,,,,
ceb_gja-ud-test,188,0,31,,,,,,,,,,,,,,24.0,,,,,,,,,,,,,,,1.0,,,,,,,,,,,,,,,,,,,,,,,,,,,,,,,,,,,,,,,,,,,,,,,,,,,,,,,,,,,,,,,,,,,,,,,,6.0,,,
cs_cltt-ud-dev,316,0,113,,1.0,8.0,7.0,,,,,,,,,,3.0,,,,,,25.0,,,,,2.0,,,,1.0,,,,,,,,,,,,13.0,,20.0,,,,,,,,,,,,,,,,,,,,,,,,,,,,5.0,,,,,,,,,1.0,,,,,1.0,,,,,,,3.0,,,,,,,,,23.0,,,
cs_cltt-ud-train,467,0,170,,4.0,19.0,8.0,,,,,,,,,,2.0,,,,,,58.0,,,,,15.0,,,,,,,,,,,,,,,,27.0,,19.0,,,,,,,,,1.0,,,,,,,,,,,,,,,,,,,,,,,,,,,,,,,,,,,,,,,,,,,,,,,,,16.0,,1.0,
cs_cltt-ud-test,338,0,171,,6.0,12.0,22.0,,,,,,,,,,2.0,,,,,,22.0,,1.0,,,8.0,,,,2.0,,,,,,,,,,,,41.0,,17.0,,,,,,,,,1.0,,,,,,,,,,,,,,,,,,,,,,,1.0,,,,,1.0,,,1.0,,2.0,,,,,,,2.0,,,,,,,,,30.0,,,
tl_trg-ud-test,128,0,11,,,,,,,,,,,,,,6.0,,,,,,,,2.0,,,,,,,,,,,,,,,,,,,,,,,,,,,,,,,,,,,,,,,,,,,,,,,,,,,,,,,,,,,,,,,,,,,,,,,,,,,,,,,3.0,,,
soj_aha-ud-test,8,0,2,,,,,,,,,,,,,,,,,,,,,,,,,,,,,,,,,,,,,,,,,,,,,,,,,,,,,,,,,,,,,,,,,,,,,,,,,,,,,,,,,,,,,,,,,,,,,,,,,,,,,2.0,,,
hy_armtdp-ud-train,1974,0,693,,20.0,5.0,43.0,,,,,,,,,,19.0,,,,,,,1.0,234.0,,,,,33.0,,7.0,,,,,,,,2.0,,1.0,,76.0,,103.0,,14.0,,,,1.0,,,,,,,18.0,1.0,3.0,,,,,,,,,1.0,,,,,,,,15.0,,,,,2.0,,,1.0,,,,,,,,1.0,13.0,,,,,,,,,71.0,,8.0,
hy_armtdp-ud-dev,249,0,104,,7.0,,4.0,,,,,,,,,,11.0,,,,,,,1.0,30.0,,,,,5.0,,3.0,,,,,,,,,,,,7.0,,13.0,,,,,,,,,,,,,3.0,,2.0,,,,1.0,,,,,,,,,,,,1.0,4.0,,,,,,,,,,,,,,,,1.0,1.0,,,,,,,,,9.0,,1.0,
hy_armtdp-ud-test,277,0,73,,,2.0,4.0,,,,,,,,,,8.0,1.0,,,,,,,26.0,,,,,,,,,,,,,,,,1.0,,,12.0,,10.0,,,,,,,,,,,,,,,,,,,,,,,,,,,,,,,,,,,,,,,,,,,,,,,,,2.0,,,,,,,,,7.0,,,
mk_mtb-ud-test,155,0,40,,,,,,,,,,,,,,39.0,,,,,,,,,,,,,1.0,,,,,,,,,,,,,,,,,,,,,,,,,,,,,,,,,,,,,,,,,,,,,,,,,,,,,,,,,,,,,,,,,,,,,,,,,,,,,
ota_boun-ud-train,114,0,28,,3.0,,,,,,,,,,,,,,,,,,,,3.0,,,,,,,1.0,,,,,,4.0,,5.0,2.0,,,4.0,,,,,,,,,,,,,,,,,,,,,,,,,,,,,,,,,,,,,,,,,,,,,,,,,,,,,,,,,,,,5.0,,1.0,
ota_boun-ud-test,400,0,72,,6.0,,4.0,,,,,,,,,,,,,,,,1.0,,12.0,,,,,,,,,,,,,3.0,,16.0,5.0,,,4.0,,1.0,,1.0,,,,,,,,,,,,,,,,,,1.0,,,,,,,,,,,,,,,,,,,,,,,,,,,,,2.0,,,,,,,,,15.0,,1.0,
et_edt-ud-dev,3128,0,613,,,,3.0,,,,,,,,,,55.0,,,,,,,,427.0,,,,,30.0,,2.0,,,,,,,,,,,,6.0,,82.0,,2.0,,,,,,,,,,,,,,,,,,,,,,,,,,,,,,,,,,,,,,,,,,,,,,2.0,,,,,,,,,,4.0,,,
et_edt-ud-train,24615,0,4620,2.0,2.0,6.0,22.0,,,,,,,,,,419.0,,,,,,,,3255.0,,,,,210.0,,10.0,,,,,,,,,,,,50.0,,533.0,,,,1.0,,,,,,,,,,,1.0,,,,1.0,,,,,,,1.0,,1.0,,,,,,,,,,,,,,,,,,,,10.0,8.0,,,,,,,,,88.0,,,
et_edt-ud-test,3214,0,730,,,,4.0,,,,,,,,,,72.0,,,,,,,,517.0,,,,,34.0,,2.0,,,,,,,,,,,,9.0,,78.0,,,,,,,,,,,,,,,,,,,,,,,,,,,,,,,,,,,,,,,,,,,,,,,,3.0,,,,,,,,,,11.0,,,
id_csui-ud-test,374,0,48,,,,,,,,,,,,,,46.0,,,,,,,,,,,,,,,,,,,,,,,,,,,2.0,,,,,,,,,,,,,,,,,,,,,,,,,,,,,,,,,,,,,,,,,,,,,,,,,,,,,,,,,,,,,,,
id_csui-ud-train,656,0,73,,,,,,,,,,,,,,73.0,,,,,,,,,,,,,,,,,,,,,,,,,,,,,,,,,,,,,,,,,,,,,,,,,,,,,,,,,,,,,,,,,,,,,,,,,,,,,,,,,,,,,,,,,,
ru_syntagrus-ud-train,69630,0,6104,,3.0,17.0,24.0,,,,,,,,,,4931.0,,,,,,,,,,,,212.0,302.0,,34.0,,,,,,,,,,,,99.0,,,,,,,,,,,,,,,,,,,,,193.0,,,,,,,,,1.0,,,,,,,,,,,,6.0,,,,,,,,2.0,55.0,,,,,,,,,225.0,,,
ru_syntagrus-ud-dev,8906,0,583,,,1.0,2.0,,,,,,,,,,454.0,,,,,,,,,,,,22.0,46.0,,4.0,,,,,,,,,,,,5.0,,,,,,,,,,,,,,,,,,,,,24.0,,,,,,,,,,,,,,,,,,,,,1.0,,,,,,,,,2.0,,,,,,,,,22.0,,,
ru_syntagrus-ud-test,8800,0,703,,2.0,1.0,3.0,,,,,,,,,,561.0,,,,,,,,,,,,22.0,39.0,,5.0,,,,,,,,,,,,8.0,,,,1.0,,,,,,,,,,,,,,,,,27.0,,,,,,,,,,,,,,,,,,,,,1.0,,,,,,,,1.0,6.0,,,,,,,,,25.0,,1.0,
grc_ptnk-ud-train,727,0,199,,,,2.0,,,,,,,,,,185.0,,,,,,,,,,,,,4.0,,3.0,,,,,,,,,,,,1.0,,,,,,,,,,,,,,,,,1.0,,,,,,,,,,,,,,,,,,,,,,,,,2.0,,,,,,,,,1.0,,,,,,,,,,,,
grc_ptnk-ud-dev,439,0,83,,,1.0,,,,,,,,,,,79.0,,,,,,,,,,,,,1.0,,1.0,,,,,,,,,,,,1.0,,,,,,,,,,,,,,,,,,,,,,,,,,,,,,,,,,,,,,,,,,,,,,,,,,,,,,,,,,,,,,,
grc_ptnk-ud-test,410,0,87,,,,2.0,,,,,,,,,,77.0,,,,,,,,,,,,,6.0,,2.0,,,,,,,,,,,,,,,,,,,,,,,,,,,,,,,,,,,,,,,,,,,,,,,,,,,,,,,,,,,,,,,,,,,,,,,,,,,
sv_pud-ud-test,1000,0,104,,,,,,,,,,,,,,104.0,,,,,,,,,,,,,,,,,,,,,,,,,,,,,,,,,,,,,,,,,,,,,,,,,,,,,,,,,,,,,,,,,,,,,,,,,,,,,,,,,,,,,,,,,,
th_pud-ud-test,1000,0,205,,,,,,,,,,,,,,205.0,,,,,,,,,,,,,,,,,,,,,,,,,,,,,,,,,,,,,,,,,,,,,,,,,,,,,,,,,,,,,,,,,,,,,,,,,,,,,,,,,,,,,,,,,,
ht_autogramm-ud-test,144,0,35,,,,,,,,,,,,,,30.0,,,,,,,,,,,,,,,,,,,,,,,,,,,,,,,,,,,,,,,,,,5.0,,,,,,,,,,,,,,,,,,,,,,,,,,,,,,,,,,,,,,,,,,,,,,,,
sjo_xdt-ud-test,810,0,213,,4.0,5.0,40.0,,,,,,,,,,28.0,,,,,,,,,,,,2.0,,,6.0,,,,,,,,,,,,13.0,,,,6.0,,,,,,,,,,,,,,,,,,,,,,,,,,,,,,,,,,,1.0,,,10.0,,,,,,,1.0,,8.0,,,,,,,,,87.0,,2.0,
zh_pud-ud-test,1000,0,148,,,4.0,5.0,,,,,,,,,,65.0,,,,,,,1.0,31.0,,,,,,,4.0,,,,,,,,,,,,1.0,,4.0,,1.0,,,,,,,4.0,,,,,,,,,,,,,,,,,,,,,,,,,,,,,,,,,,,,,,,,,,,,,,,,,24.0,,4.0,
ja_gsdluw-ud-train,7050,0,738,,,,,,,,,,,,,,,,,,,,,,735.0,,,,,,,,,,,,,,,,,,,,,,,,,,,,,,,,,,,,,,,,1.0,,,,,,,,,,,,,,,,,,,,,1.0,,,,,,,,,,,,,,,,,,1.0,,,
ja_gsdluw-ud-dev,507,0,41,,,,,,,,,,,,,,,,,,,,,,41.0,,,,,,,,,,,,,,,,,,,,,,,,,,,,,,,,,,,,,,,,,,,,,,,,,,,,,,,,,,,,,,,,,,,,,,,,,,,,,,,,,,
ja_gsdluw-ud-test,543,0,87,,,,,,,,,,,,,,,,,,,,,,86.0,,,,,,,,,,,,,,,,,,,,,,,,,,,,,,,,,,,,,,,,,,,,,,,,,,,,,,,,,,,,,,,,,,,,,,,,,,,,,,,1.0,,,
pt_bosque-ud-dev,1172,0,183,,,,,,,,,,,,,,182.0,,,,,,,,,,,,,,,,,,,,,,,,,,,,,,,,,,,,,,,,,,,,,,,,1.0,,,,,,,,,,,,,,,,,,,,,,,,,,,,,,,,,,,,,,,,,,
pt_bosque-ud-test,1167,0,181,,,,,,,,,,,,,,178.0,,,,,,,,,,,,,,,,,,,,,,,,,,,,,,,,,,,,,,,,,,,,1.0,,,,2.0,,,,,,,,,,,,,,,,,,,,,,,,,,,,,,,,,,,,,,,,,,
pt_bosque-ud-train,7018,0,1003,,,,,,,,,,,,,,996.0,,,,,,,,,,,,,,,,,,,,,,,,,,,,,,,,,,,,,,,,,,,,4.0,,,,3.0,,,,,,,,,,,,,,,,,,,,,,,,,,,,,,,,,,,,,,,,,,
ltg_cairo-ud-test,20,0,4,,,,,,,,,,,,,,,,,,,,,,,,,,,,,,,,,,,,,,,,,1.0,,,,,,,,,,,,,,,,,,,,,,,,,,,,,,,,,,,,,,,,,,,,,,,,,,,,,,,,,,,,3.0,,,
ru_poetry-ud-test,728,0,160,,,,3.0,,,,,,,,,,121.0,,,,,,,,,,,,,9.0,,1.0,,,,,,,,,,,,9.0,,,,,,,,,,,,,,,,,,,,,,,,,,,,,,,,,,,,,,,,,,1.0,,,,,,,,,5.0,,4.0,,,,,,,7.0,,,
ru_poetry-ud-dev,789,0,201,,,,3.0,,,,,,,,,,166.0,,,,,,,,,,,,,4.0,,1.0,,,,,,,,,,,,11.0,,,,,,,,,,,,,,,,,,,,,,,,,,,,,,,,,,,,,,,,,,,,,,,,,,,2.0,,6.0,,,,,,,8.0,,,
ru_poetry-ud-train,3569,0,705,,,4.0,3.0,,,,,,,,,,572.0,,,,,,,,,,,,,51.0,,1.0,,,,,,,,,,,,23.0,,,,1.0,,,,,,,,,,,,,,,,,1.0,,,,,,,,,,,,,,,,,,,,,3.0,,,,,,,,,8.0,,6.0,,,,,,,32.0,,,
fro_profiterole-ud-dev,2085,0,470,,,,,,,,,,,,,,430.0,,,,,,,,,,,,,,,,,,,,,,,,,,,1.0,,,,,,,,,,,,,,,,,,,,2.0,,,,,,,,,,,,,,,,,,,27.0,3.0,7.0,,,,,,,,,,,,,,,,,,,,,,
fro_profiterole-ud-train,15503,0,3632,,,,,,,,,,,,,,3461.0,,,,,,,,,,,,,4.0,,,,,,,,,,,,,,1.0,,,,,,,,,,,,,,,,,1.0,,,2.0,14.0,,,,,2.0,,,,1.0,,,,,,,,,117.0,3.0,22.0,1.0,,,,,,,,,,,,,,,,,,3.0,,,
fro_profiterole-ud-test,2177,0,474,,,,,,,,,,,,,,455.0,,,,,,,,,,,,,,,,,,,,,,,,,,,1.0,,,,,,,,,,,,,,,,,,,,,,,,,,,,,,,,,,,,,,,13.0,2.0,3.0,,,,,,,,,,,,,,,,,,,,,,
zh_hk-ud-test,1004,0,66,,3.0,,11.0,,,,,,,,,,7.0,,,,,,,,15.0,,,,,,,3.0,,,,,,,,,,,,9.0,,,,,,,,,,,,,,,,,,,,,,,,,,,,,,,,,,,,,,,,,,,,,,,,,,,1.0,,,,,,,,,17.0,,,
myu_tudet-ud-test,158,0,15,,,,1.0,,,,,,,,,,6.0,,,,,,,,,,,,,,,,,,,,,,,,,,,,,,,,,,,,,,,,,,,,7.0,,,,,,,,,,,,,1.0,,,,,,,,,,,,,,,,,,,,,,,,,,,,,,,,,
ja_bccwjluw-ud-dev,8427,0,1152,,,,,,,,,,,,,,,,,,,,,,1149.0,,,,,,,,,,,,,,,,,,,,,,,,,,,,,,,,,,,,,,,,,,,,,,,,,,,,,,,,,,,,,3.0,,,,,,,,,,,,,,,,,,,,,
ja_bccwjluw-ud-test,7881,0,1095,,,,,,,,,,,,,,,,,,,,,,1092.0,,,,,,,,,,,,,,,,,,,,,,,,,,,,,,,,,,,,,,,,,,,,,,,,,1.0,,,,,,,,,,,,1.0,,,,,,,,,,,,,,,,,,1.0,,,
ja_bccwjluw-ud-train,40801,0,4749,,,,,,,,,,,,,,,,,,,,,,4740.0,,,,,,,,,,,,,,,,,,,,,,,,,,,,,,,,,,,,,,,,,,,,,,,,,3.0,,,,,,,,,,,,2.0,,,,,,,,,,,,,,,,,,4.0,,,
koi_uh-ud-train,34,0,5,,,,,,,,,,,,,,,,,,,,,,,,5.0,,,,,,,,,,,,,,,,,,,,,,,,,,,,,,,,,,,,,,,,,,,,,,,,,,,,,,,,,,,,,,,,,,,,,,,,,,,,,,,,
koi_uh-ud-test,94,0,24,,,,,,,,,,,,,,1.0,,,,,,,,1.0,,19.0,,,,,,,,,,,,,,,,,,,,,,,,,,,,,,,,,,1.0,,,,1.0,,,,,,,,,,,,,,,,,,,,,,,,,,,,,,,,,,,,,,,1.0,,,
cs_fictree-ud-dev,1309,0,309,3.0,6.0,13.0,27.0,,,,,,,,,,14.0,,,,,,15.0,1.0,3.0,,,2.0,,,,23.0,,,,,,,,,,,,53.0,,30.0,,2.0,,,,1.0,,,1.0,,,,,,,,,,,,,,,,,,,,,,,,,,,,,,,,,,,,,,,1.0,2.0,,,,,,,,,108.0,,4.0,
cs_fictree-ud-train,10160,0,2728,16.0,49.0,85.0,224.0,,,,,,,,,,83.0,,,,,,146.0,5.0,35.0,,,3.0,,,,201.0,,,,,,,,,,,,593.0,,258.0,,38.0,,,,1.0,,,27.0,,,,,,,,,,,,,,,,,,,7.0,,,,2.0,,,1.0,,7.0,,,6.0,,9.0,,,,,,6.0,3.0,,,,,,,,,901.0,,22.0,
cs_fictree-ud-test,1291,0,363,2.0,3.0,16.0,27.0,,,,,,,,,,8.0,,,,,,24.0,,4.0,,,1.0,,,,38.0,,,,,,,,,,,,70.0,,34.0,,5.0,,,,,,,2.0,,,,,,,,,,,,,,,,,,,,,,,,,,,,2.0,,,3.0,,1.0,,,,,,1.0,1.0,,,,,,,,,118.0,,3.0,
la_udante-ud-train,926,0,779,,,3.0,12.0,1.0,,2.0,,,15.0,,,,13.0,1.0,,,431.0,,29.0,,,,,,,76.0,,4.0,,,,1.0,,,,,,,,30.0,3.0,,,4.0,,,,,,2.0,,,,,26.0,,1.0,,,,,,,,,,,49.0,,2.0,,,,17.0,,,6.0,,15.0,,,7.0,,4.0,,,,,,10.0,,,,,,,,,,9.0,,6.0,
la_udante-ud-test,419,0,316,,,2.0,3.0,,,,,,2.0,,,,12.0,1.0,,,112.0,1.0,14.0,,,,,,,66.0,,,,,,,,,,,,,,12.0,1.0,,,,,,,,,,,,,,18.0,,,,,,11.0,,,,,,,26.0,,2.0,,,,18.0,,,1.0,,8.0,,,1.0,,1.0,,,,,,2.0,,,,,,,,,,,,2.0,
la_udante-ud-dev,376,0,310,,5.0,3.0,6.0,,,1.0,,,10.0,,,,15.0,,,,118.0,,23.0,,,,,,,33.0,,,,,,1.0,,,,,,,,12.0,1.0,,,2.0,,,,,,,,,,,10.0,,2.0,,,,2.0,,,,,,,27.0,,4.0,,,,7.0,,,5.0,,4.0,,,3.0,4.0,,,,,,,2.0,,,,,,1.0,,,,5.0,,4.0,
qaf_arabizi-ud-train,1003,0,410,,,1.0,2.0,,,,,,,,,,198.0,,,,,,1.0,,,,,,15.0,2.0,,14.0,,,,,,,,,,,,8.0,,,,,,,,,,,,,,,1.0,,,,,,,,,,,,,,,2.0,,,,8.0,,,,,13.0,,,2.0,,,,,,,,,73.0,,,,,,,,,54.0,,16.0,
qaf_arabizi-ud-test,145,0,54,,,,,,,,,,,,,,24.0,,,,,,,,,,,,4.0,,,,,,,,,,,,,,,,,,,,,,,,,,,,,,,,,,,,,,,,,,,,,1.0,,,,,,,,,1.0,,,1.0,,,,,,,,,13.0,,,,,,,,,8.0,,2.0,
qaf_arabizi-ud-dev,139,0,75,,,2.0,1.0,,,,,,,,,,26.0,,,,,,,,,,,,4.0,,,3.0,,,,,,,,,,,,2.0,,,,,,,,,,,,,,,,,,,,,,,,,,1.0,,1.0,,1.0,,,,1.0,,,,,2.0,,,,,,,,,,,,11.0,,,,,,,,,17.0,,3.0,
zh_cfl-ud-test,451,0,28,,2.0,,2.0,,,,,,,,,,9.0,,,,,,,,3.0,,,,,,,1.0,,,,,,,,,,,1.0,3.0,,,,,,,,,,,1.0,,,,,,,,,,,,,,,,,,,,,,,,,,,,,,,,,,,,,,,,2.0,,,,,,,,,4.0,,,
hyw_armtdp-ud-test,680,0,149,,2.0,,10.0,,,,,,,,,,3.0,1.0,,,,,,,63.0,,,,,6.0,,1.0,,,,,,,,,,,,12.0,,28.0,,,,,,,,,,,,,1.0,,,,,,2.0,,,,,1.0,,,,,,,,3.0,,,,,,,,1.0,,,,,,,,1.0,1.0,,,,,,,,,12.0,,1.0,
hyw_armtdp-ud-dev,694,0,160,,3.0,2.0,11.0,,,,,,,,,,5.0,,,,,,,,61.0,,,,,2.0,,3.0,,,,,,,,,,,,13.0,,20.0,,,,,,,,,,,,,1.0,,,,,,1.0,,,,,,,,,,,,,2.0,,,,,,,,3.0,,,,,,,,,4.0,,,,,,,,,23.0,,6.0,
hyw_armtdp-ud-train,5282,0,1118,,25.0,16.0,41.0,,,,,,,,,,56.0,7.0,,,,,1.0,,432.0,3.0,,,,19.0,,21.0,,,,,,,,,2.0,1.0,,104.0,,179.0,,6.0,,,,1.0,,,,,,,27.0,,1.0,,,,8.0,1.0,,,,,,,,,,,3.0,6.0,,,,,3.0,,,8.0,,,,,,,,1.0,10.0,,,,,,,,,126.0,,10.0,
pcm_nsc-ud-dev,990,0,205,,,,1.0,,,,,,,,,,7.0,,,,,,,,183.0,,,,,,,,,,,,,,,,,,,,,,,,,,,,,,,,,,,,,,,,,,,,,,,,,,,,,,,,,,,,,,,,,,,,,,3.0,,,,,,,,7.0,4.0,,,
pcm_nsc-ud-train,7279,0,1566,,,2.0,5.0,,,,,,,,,,58.0,,,,,,1.0,,1300.0,,,,,1.0,,12.0,,,,,,,,,16.0,,,5.0,,,,,,,,,,,,,,,22.0,,10.0,,,,,,,,,,,,,,,,,,,,,,1.0,,,,,,,,,,,,21.0,14.0,,,,,,,25.0,73.0,,,
pcm_nsc-ud-test,972,0,220,,,,,,,,,,,,,,13.0,,,,,,,,169.0,,,,,,,,,,,,,,,,8.0,,,1.0,,,,,,,,,,,,,,,,,2.0,,,,,,,,,,,,,,,,,,,,,,,,,,,,,,,,,,2.0,4.0,,,,,,,4.0,17.0,,,
ro_rrt-ud-test,729,0,112,,,,,,,,,,,,,,108.0,,,,,,1.0,,,,,,,,,,,,,,,,,,,,,1.0,,,,,,,,,,,,,,,,,,,,,1.0,,,,,,,,,,,,,,,,,,,,,,,,,,,,,1.0,,,,,,,,,,,,,
ro_rrt-ud-train,8043,0,1395,,,,1.0,,,,,,,,,,1367.0,,,,,,1.0,,,,,,,,,,,,,,,,,,,,,10.0,,,,,,,,,,,,,,,,,,,,,,,,,,,,6.0,,,,,,,,,,,2.0,,,1.0,,,,,,,,,,,,,,,,,,7.0,,,
ro_rrt-ud-dev,752,0,123,,,,,,,,,,,,,,120.0,,,,,,,,,,,,,,1.0,,,,,,,,,,,,,1.0,,,,,,,,,,,,,,,,,,,,,,,,,,,,1.0,,,,,,,,,,,,,,,,,,,,,,,,,,,,,,,,,,,
sme_giella-ud-train,2257,0,281,,,,,,,,,,,,,,,,,,,,,,,,281.0,,,,,,,,,,,,,,,,,,,,,,,,,,,,,,,,,,,,,,,,,,,,,,,,,,,,,,,,,,,,,,,,,,,,,,,,,,,,,,,,
sme_giella-ud-test,865,0,149,,,,,,,,,,,,,,,,,,,,,,,,149.0,,,,,,,,,,,,,,,,,,,,,,,,,,,,,,,,,,,,,,,,,,,,,,,,,,,,,,,,,,,,,,,,,,,,,,,,,,,,,,,,
ha_southernautogramm-ud-test,1918,0,331,,,1.0,3.0,,1.0,,,,,,,,198.0,,,,,,,,71.0,,,,1.0,,,,,,,,,1.0,,,,,,1.0,,6.0,,,,,,,,,1.0,,,,,,9.0,,,,,,,,,,,,,,,,,,,,,,,,,,,,,,,,,,,,,,,,,,5.0,33.0,,,
ca_ancora-ud-dev,1709,0,309,,,,,,,,,,,,,,301.0,,,,,,,,,,,,,1.0,,,,,,,,,,,,,,6.0,,,,,,,,,,,,,,,,,,,,,1.0,,,,,,,,,,,,,,,,,,,,,,,,,,,,,,,,,,,,,,,,,,
ca_ancora-ud-test,1846,0,287,,,,,,,,,,,,,,281.0,,,,,,,,,,,,,,,,,,,,,,,,,,,5.0,,,,,,,,,,,,,,,,,,,,,,,,,,,,,,,,,,,,,,,1.0,,,,,,,,,,,,,,,,,,,,,,,,
ca_ancora-ud-train,13123,0,2242,,,,,,,,,,,,,,2183.0,,,,,,,,,,,,,1.0,,,,,,,,,,,,,,41.0,,,,,,,,,,,,,,,,,,,,,3.0,,,,,,,,,,,,,2.0,,,,,2.0,,,,,,,,,,,,,,,,,,,,,10.0,,,
gd_arcosg-ud-test,545,0,152,,,,,,,,,,,,,,1.0,,,,,,,,,,,,,,,,,,,,,,,,,,,,,11.0,,,,,,,,,,,,,,,,,,,,,,,,,,,136.0,,,,,3.0,,,,,1.0,,,,,,,,,,,,,,,,,,,,,,,,
gd_arcosg-ud-train,3541,0,877,,,,,,,,,,,,,,5.0,,,,,,,,,,,,,,,1.0,,,,,,,,,,,,,,107.0,,,,,,,,,,,,,,,,,,,,,,,,,,,714.0,,,,,26.0,,1.0,,,11.0,,,7.0,,,,,,,1.0,,,,,,,,,,2.0,1.0,,,1.0
gd_arcosg-ud-dev,655,0,143,,,,,,,,,,,,,,,,,,,,,,,,,,,,,,,,,,,,,,,,,,,10.0,,,,,,,,,,,,,,,,,,,,,,,,,,,128.0,,,,,1.0,,,,,2.0,,,2.0,,,,,,,,,,,,,,,,,,,,,
got_proiel-ud-dev,985,0,233,,,,,,,,,,,,,,233.0,,,,,,,,,,,,,,,,,,,,,,,,,,,,,,,,,,,,,,,,,,,,,,,,,,,,,,,,,,,,,,,,,,,,,,,,,,,,,,,,,,,,,,,,,,
got_proiel-ud-train,3387,0,835,,,,,,,,,,,,,,828.0,,,,,,,,,,,,,,,1.0,,,,,,,,,,,,1.0,,,,,,,,,,,,,,,,,,,,,1.0,,,,,,,,,,,,,,,,,,,,,,,,,,,,,,,,,,,,,,,3.0,,1.0,
got_proiel-ud-test,1029,0,204,,,,,,,,,,,,,,200.0,,,,,,,,,,,,,,,,,,,,,,,,,,,,,,,,,,,,,,,,,,,,,,,,1.0,,,,,,,,,,,,,,,,,,,,,,,,,,,,,,,,,,,,,,,3.0,,,
nhi_itml-ud-test,909,0,173,,,,1.0,,,,,,,,,,156.0,,,,4.0,,,,,,,,,,,,,,,,,,,,,,,1.0,,,,,,,,,,,,,,,,,1.0,,1.0,,2.0,,,,,,,,,,,,,,,,,,2.0,,,,,,,,,,,,4.0,,,,,,,,,1.0,,,
sl_sst-ud-train,4558,0,1652,,5.0,,20.0,,,,,,,,,,487.0,,,,,,,,150.0,,,,2.0,6.0,,15.0,,,,,,,,,,,,43.0,,96.0,,3.0,,,,,,,,,,,,,552.0,1.0,,,62.0,,,,,,,3.0,,1.0,,,,,,,,,2.0,,,1.0,,,,,,,,3.0,61.0,,9.0,,,,3.0,,23.0,104.0,,,
sl_sst-ud-test,1041,0,416,,3.0,,3.0,,,,,,,,,,103.0,,,,,,,,29.0,,,,,,,2.0,,,,,,,,,,,,7.0,,16.0,,,,,,,,,,,,,,,179.0,,,,11.0,,,,,,,,,,,,,,,,,,,,,,,,,,,,,,12.0,,4.0,,,,,,2.0,45.0,,,
sl_sst-ud-dev,505,0,196,,1.0,,2.0,,,,,,,,,,49.0,,,,,,,,24.0,,,,,4.0,3.0,2.0,,,,,,,,,,,,10.0,,12.0,,1.0,,,,,,,,,,,,,42.0,,,,20.0,,,,,,,,,,,,,,,,,,,,,,,,,,,,,,5.0,,2.0,,,,,,4.0,15.0,,,
de_gsd-ud-train,13814,0,875,,,,,,,,,,,,,,857.0,,,,,,,,,,,,,11.0,,,,,,,,1.0,,,,,,1.0,,,,,,,,,,,,,,,,,,,,,,,,,,,,,,2.0,,,,1.0,,,,,,,,1.0,,,,,,,,,1.0,,,,,,,,,,,,
de_gsd-ud-dev,799,0,95,,,,,,,,,,,,,,95.0,,,,,,,,,,,,,,,,,,,,,,,,,,,,,,,,,,,,,,,,,,,,,,,,,,,,,,,,,,,,,,,,,,,,,,,,,,,,,,,,,,,,,,,,,,
de_gsd-ud-test,977,0,132,,,,,,,,,,,,,,127.0,,,,,,,,,,,,,,,,,,,,,,,,,,,1.0,,,,,,,,,,,1.0,,,,,,,,,,,,,,,,,,,,,,,,,,,,,,,1.0,,,,,,,,,,,,,,,,,,2.0,,,
xnr_kdtb-ud-test,288,0,24,,,,,,,,,,,,,,21.0,,,,,,,,,,,,,,,,,,,,,1.0,,,,,,,,,,,,,,,,,2.0,,,,,,,,,,,,,,,,,,,,,,,,,,,,,,,,,,,,,,,,,,,,,,,,,,,,
arr_tudet-ud-test,674,0,59,,,,,,,,,,,,,,56.0,,,,,,,,,,,,,,,,,,,,2.0,,,,,,,,,,,,,,,,,,,,,,,,1.0,,,,,,,,,,,,,,,,,,,,,,,,,,,,,,,,,,,,,,,,,,,,,,
aln_gps-ud-test,966,0,148,,,,,,,,,,,,,,141.0,,,,,,,,,,,,,,,,,,,,,,,,,,,,,,,,,,,,,,,,,,,,1.0,,,,,,,,,,,,,,,,,,,,,,,,,,,,,,,,,,,,,,,,,,6.0,,,,
ja_pud-ud-test,1000,0,180,,,,,,,,,,,,,,,,,,,,,,117.0,,,,,,,,,,,,,27.0,,,,,,,,,,,,,,,,,,,,,,,,,,,33.0,,,,,,,,,,,,,,,,,,,,,3.0,,,,,,,,,,,,,,,,,,,,,
it_twittiro-ud-train,1138,0,1,,,,,,,,,,,,,,,,,,,,,,,,,,,,,,,,,,,,,,,,,,,,,,,,,,,,,,,,,,1.0,,,,,,,,,,,,,,,,,,,,,,,,,,,,,,,,,,,,,,,,,,,,,,
kk_ktb-ud-test,1047,0,117,,4.0,4.0,13.0,,,,,,,,,,,,,,,,,,19.0,,,,,,,3.0,,,,,,,,,,,,9.0,,16.0,,2.0,,,,,,,,,,,,,,,,,,,,,,,,,,,,,,,,,,,,,,,,,,,,,,,8.0,,,,,,,,,39.0,,,
kk_ktb-ud-train,31,0,13,,,1.0,1.0,,,,,,,,,,,,,,,,,,,,,,,,,2.0,,,,,,,,,,,,1.0,,2.0,,1.0,,,,,,,,,,,,,,,,,,,,,,,,,,,,,,,,,,,,,,,,,,,,,,,1.0,,,,,,,,,4.0,,,
he_htb-ud-train,5168,0,1147,,1.0,,1.0,,,,,,,,,,866.0,,,,,,,,,,,,,,,,,,,,,,,,,,,3.0,,269.0,,,,,,,,,1.0,,,,,,,,,,3.0,,,,,,,,,,,,,,,,,,,,,,,,,,,,,,,,,,,,,,,3.0,,,
he_htb-ud-dev,484,0,120,,,,,,,,,,,,,,91.0,,,,,,,,,,,,,,,,,,,,,,,,,,,,,24.0,,,,,,,,,,,,,,,,,,,3.0,,,,,,,,,,,,,,,,,,,,,,,,,,,,,,1.0,,,,,,,,,1.0,,,
he_htb-ud-test,491,0,77,,,,,,,,,,,,,,61.0,,,,,,,,,,,,,,,,,,,,,,,,,,,1.0,,15.0,,,,,,,,,,,,,,,,,,,,,,,,,,,,,,,,,,,,,,,,,,,,,,,,,,,,,,,,,,,,,
ha_northernautogramm-ud-test,400,0,71,,,,,,,,,,,,,,24.0,,,,,,,,23.0,,,,,,,,,,,,,,,,,,,4.0,,1.0,,,,,,,,,9.0,,,,,,,,,,,,,,,,,,,,,,,,,,,,,,,,,,,,,,,,1.0,,,,,,,,,9.0,,,
cs_pdt-ud-test,10146,0,2380,8.0,63.0,125.0,116.0,,,,,,,,,,76.0,,,,,,333.0,20.0,47.0,,,43.0,4.0,,,151.0,,,,,,,,,,,,327.0,,325.0,,23.0,,,,3.0,,,15.0,,,,,,,,,,,,,,,,,,,9.0,,,,14.0,,,,,14.0,,,9.0,,17.0,,,,,,2.0,9.0,,,,,,,,,612.0,,15.0,
cs_pdt-ud-dev,9270,0,2203,8.0,43.0,117.0,109.0,,,,,,,,,,65.0,1.0,,,,,332.0,13.0,34.0,,,52.0,2.0,,,128.0,,,,,,,,,,,,302.0,,295.0,,22.0,,,,4.0,,,13.0,,,,,,,,,,,,,,,1.0,,,,15.0,,,,7.0,,,2.0,,12.0,,,10.0,,12.0,,,,,,4.0,7.0,,,,,,,,,579.0,,14.0,
cs_pdt-ud-train,68491,0,16422,68.0,408.0,800.0,787.0,,,,,,,,,,565.0,1.0,,,,,2516.0,79.0,278.0,,,342.0,16.0,1.0,,1030.0,,,,,,,,,,,,2019.0,,2147.0,,202.0,,,,26.0,,,91.0,,,,,,,,,,1.0,,,,,1.0,,,,122.0,,,,85.0,,,6.0,,128.0,,,75.0,,132.0,,,,,,10.0,73.0,,,,,,,,,4299.0,,114.0,
gl_pud-ud-test,1000,0,118,,,,,,,,,,,,,,117.0,,,,,,,,,,,,,,,,,,,,,,,,,,,,,,,,,,,,,,,,,,,,,,,,1.0,,,,,,,,,,,,,,,,,,,,,,,,,,,,,,,,,,,,,,,,,,
gn_oldtudet-ud-test,59,0,3,,,,,,,,,,,,,,1.0,,,,,,,,,,,,,,,,,,,,,,,,,,,,,,,,,,,,,,,,,,,,,,,,,,,,,,,,,,,,,,,,,,,,,,,,,,,,,,,,,,,,,,,2.0,,,
en_pronouns-ud-test,285,0,30,,,,,,,,,,,,,,30.0,,,,,,,,,,,,,,,,,,,,,,,,,,,,,,,,,,,,,,,,,,,,,,,,,,,,,,,,,,,,,,,,,,,,,,,,,,,,,,,,,,,,,,,,,,
ta_mwtt-ud-test,534,0,37,,,1.0,3.0,,,,,,,,,,,,,,,,,,5.0,,2.0,,,,,,,,,,,,,3.0,,,,,,,,,,,,,,,,,,,,,,,,,,,,,,,,,,,,,,,,,,,,,,,,,,,,,,,,,,,,,,,,23.0,,,
ota_dudu-ud-test,85,0,12,,1.0,,2.0,,,,,,,,,,,,,,,,,,,,,,,,,1.0,,,,,,,,,,,,1.0,,,,1.0,,,,,,,,,,,,,,,,,,,,,,,,,,,,,,,,,,,1.0,,,,,,,,,,,,,,,,,,,,,5.0,,,
ug_udt-ud-test,900,0,42,,3.0,,2.0,,,,,,,,,,,,,,,,,,2.0,,,,,,,8.0,,,,,,,,,,,,,,8.0,,,,,,,,,,,,,,,4.0,,,,,1.0,,,,,,,,,,,,,,,,,,,,,,,,,,,,,2.0,,,,,,,,,12.0,,,
ug_udt-ud-dev,900,0,50,,7.0,,3.0,,,,,,,,,,,,,,,,1.0,1.0,4.0,,,,,,,4.0,,,,,,1.0,,,,,,,,9.0,,,,,,,,,,,,,,,3.0,,,,,,,,,,,,,,,,,,,,,,,,,,,,,,,,,,1.0,,,,,,,,,16.0,,,
ug_udt-ud-train,1656,0,101,,6.0,,12.0,,,,,,,,,,,,,,,,3.0,,5.0,,,,,,,2.0,,,,,,1.0,,,,,,2.0,,24.0,,1.0,,,,,,,,,,,,,1.0,,,,,,,,,,,,,,,,,,,,,,1.0,,,,,,,,,,,,4.0,,,,,,,,,38.0,,1.0,
ur_udtb-ud-train,4043,0,665,,,,1.0,,,,,,,,,,611.0,,,,,,,,,,,,,,,,,,,,,1.0,,,,,,,,,,,,,,,,,,,,,,,,,,,,,,,,,,2.0,,7.0,,,,1.0,,,,,2.0,,,39.0,,,,,,,,,,,,,,,,,,1.0,,,
ur_udtb-ud-dev,552,0,69,,,,,,,,,,,,,,66.0,,,,,,,,,,,,,,,,,,,,,,,,,,,1.0,,,,,,,,,,,,,,,,,,,,,,,,,,,,,,,,,,,,,,,,,,2.0,,,,,,,,,,,,,,,,,,,,,
ur_udtb-ud-test,535,0,85,,,,,,,,,,,,,,78.0,,,,,,,,,,,,,,,,,,,,,,,,,,,,,,,,,,,,,,,,,,,,,,2.0,,,,,,,,,,,,,,,,,,,,,,,5.0,,,,,,,,,,,,,,,,,,,,,
lzh_kyoto-ud-dev,6102,0,951,,7.0,,,,,,,,,,,,810.0,,,,,,31.0,,,,,,,,,8.0,,,,,,,,,,,,14.0,,,,,,,,,,,,,,,,,,,,,,,,,1.0,,,,,,,,,,,,,,1.0,,,,,,,,,,,,1.0,,,,,,,,,78.0,,,
lzh_kyoto-ud-train,74609,0,12481,,90.0,,54.0,,,,,,,,,,10355.0,,,,,,382.0,,,,,,,,,140.0,,,,,,,,,,,,150.0,,,,35.0,,,1.0,,,,,,,,,,,,,,,,,,14.0,,,,,,,,,4.0,,,,,12.0,,,1.0,,,,,,,,,128.0,,,,,,,,,1106.0,,9.0,
lzh_kyoto-ud-test,5528,0,973,,6.0,,7.0,,,,,,,,,,819.0,,,,,,18.0,,,,,,,,,5.0,,,,,,,,,,,,14.0,,,,1.0,,,,,,,,,,,,,,,,,,,,,1.0,,,,,,,,,2.0,,,,,,,,1.0,,,,,,,,,5.0,,,,,,,,,94.0,,,
lv_lvtb-ud-test,2412,0,690,12.0,22.0,,49.0,,,,,,,,,,,,,,,,27.0,,53.0,,,32.0,,34.0,,51.0,,,,,,,,,,,,96.0,,57.0,,5.0,,,,,,,7.0,,,,,,51.0,,,,3.0,,,,,,,,,,,,,,,,,,,,,,,,,,,,,,1.0,,,,,,,,1.0,173.0,,16.0,
lv_lvtb-ud-train,14358,0,3757,12.0,153.0,,303.0,,,,,,,,,,,,,,,,169.0,,277.0,,,207.0,,190.0,,268.0,,,,,,1.0,,,,,,532.0,,493.0,,29.0,,,,1.0,,,39.0,,,,,,194.0,,,,14.0,1.0,,,,3.0,,,,,,,,5.0,,,,,4.0,,,4.0,,,,,,,,3.0,17.0,,,,,,,,,770.0,,68.0,
lv_lvtb-ud-dev,2080,0,622,1.0,28.0,,52.0,,,,,,,,,,,,,,,,19.0,,34.0,,,33.0,,36.0,,53.0,,,,,,,,,,,,109.0,,55.0,,3.0,,,,1.0,,,4.0,,,,,,37.0,,,,,,,,,1.0,,,,,,,,,,,,,,,,,,,,,,,,,3.0,,,,,,,,,136.0,,17.0,
ta_ttb-ud-train,400,0,21,,1.0,,5.0,,,,,,,,,,,,,,,,7.0,,6.0,,,,1.0,,,,,,,,,,,,,,,,,,,,,,,,,,,,,,,,,,,,,,,,,,,,,,,,,,,,,,,,,,,,,,,,,,,,,,,,,,,1.0,,,
ta_ttb-ud-dev,80,0,5,,2.0,,,,,,,,,,,,,,,,,,1.0,,2.0,,,,,,,,,,,,,,,,,,,,,,,,,,,,,,,,,,,,,,,,,,,,,,,,,,,,,,,,,,,,,,,,,,,,,,,,,,,,,,,,,,
ta_ttb-ud-test,120,0,9,,1.0,,4.0,,,,,,,,,,,,,,,,,,3.0,,,,1.0,,,,,,,,,,,,,,,,,,,,,,,,,,,,,,,,,,,,,,,,,,,,,,,,,,,,,,,,,,,,,,,,,,,,,,,,,,,,,,
sga_dipwbg-ud-test,34,0,20,,,,1.0,,,,,,,,,,7.0,,,,,,,,,,,,,,,,,,,,,,,,,,,,,1.0,,,,,,,,,,,,,,,,,,,,,,,,,,5.0,,,,,,4.0,,,,,,,,1.0,,,,,,,,,,,,,,,,,,,,1.0,
ko_pud-ud-test,1000,0,7,,,,,,,,,,,,,,7.0,,,,,,,,,,,,,,,,,,,,,,,,,,,,,,,,,,,,,,,,,,,,,,,,,,,,,,,,,,,,,,,,,,,,,,,,,,,,,,,,,,,,,,,,,,
ru_pud-ud-test,1000,0,134,,,,,,,,,,,,,,132.0,,,,,,,,,,,,,,,,,,,,,,,,,,,,,,,,,,,,,,,,,,,,,,,,2.0,,,,,,,,,,,,,,,,,,,,,,,,,,,,,,,,,,,,,,,,,,
la_ittb-ud-dev,2101,0,918,,1.0,,3.0,,,,,,,,,,1.0,,,,711.0,,,,,,,,,34.0,,1.0,,,,,,,,,,,,7.0,,,,,,,,,,,,,,,65.0,,,,,,,,,,,,,1.0,,,,,,49.0,,,16.0,,11.0,,,8.0,1.0,3.0,,,,,,3.0,,,,,,,,,,3.0,,,
la_ittb-ud-test,2101,0,770,,,1.0,1.0,,,,,,,,,,,,,,647.0,,,,,,,,,14.0,,,,,,,,,,,,,,3.0,,,,2.0,,,,,,,,,,,29.0,,,,,,,,,,,,,,,1.0,,,,38.0,,,3.0,,12.0,,,5.0,1.0,5.0,,,,,,3.0,,,,,,,,,,5.0,,,
la_ittb-ud-train,22775,0,9398,,,6.0,18.0,,,,,,,,1.0,,8.0,,,,7636.0,,,,,,,,,459.0,,5.0,,,,,,,,,,,,69.0,,,,4.0,,,,,1.0,,,,,,387.0,,,,,,,,,,,,,208.0,,9.0,,,,280.0,,,55.0,,70.0,,,35.0,2.0,53.0,,,,,,38.0,2.0,,,,,,,,,50.0,,2.0,
it_vit-ud-train,8277,0,28,,,,,,,,,,,,,,5.0,,,,,,,,,,,,,,,1.0,,,,,,,,,,,,4.0,,,,,,,,,,,,,,,,,10.0,,,,,,,,,,,,,1.0,,,,,,,,,1.0,,,2.0,,,,,,,,1.0,1.0,,,,,,,,,2.0,,,
it_vit-ud-test,1067,0,10,,,,,,,,,,,,,,1.0,,,,,,,,,,,,,,,,,,,,,,,,,,,,,,,,,,,,,,,,,,,,6.0,,,,,,,,,,,,,,,,,,,,,,,,,,,,,,,,,1.0,,,,,,,,,,2.0,,,
it_vit-ud-dev,743,0,1,,,,,,,,,,,,,,,,,,,,,,,,,,,,,,,,,,,,,,,,,1.0,,,,,,,,,,,,,,,,,,,,,,,,,,,,,,,,,,,,,,,,,,,,,,,,,,,,,,,,,,,,,,,
qtd_sagt-ud-test,805,0,204,,4.0,,5.0,,,,,,,,,,96.0,,,,,,,,,,,,,,,7.0,,,,,,,,,,,,23.0,,,,1.0,,,,,,,,,,,,,,,,,,,,,,,,,,,,,,,,,,,,,,,,,,,,,,,18.0,,3.0,,,,,2.0,1.0,39.0,,5.0,
qtd_sagt-ud-dev,801,0,161,,3.0,,7.0,,,,,,,,,,83.0,,,,,,,,,,,,,,,7.0,,,,,,,,,,,,26.0,,,,,,,,,,,,,,,,,,,,,,,,,,,,,,,,,,,,,,,,,,,,,,,,,,,11.0,,1.0,,,,,1.0,1.0,17.0,,4.0,
qtd_sagt-ud-train,578,0,144,,1.0,,10.0,,,,,,,,,,60.0,,,,,,,,,,,,,,,4.0,,,,,,,,,,,,31.0,,,,1.0,,,,,,,,,,,,,,,,,,,,,,,,,,,,,,,,,,,,,,,,,,,,,,,6.0,,2.0,,,,,1.0,1.0,24.0,,3.0,
ga_cadhan-ud-test,193,0,109,,,2.0,4.0,,,,,,,,,,34.0,,,,,,,,,,,,,,,1.0,,,,,,,,,,,,6.0,,22.0,,,,1.0,,,,,,,,,,,,,,,,,,,,,,,17.0,,,,,,,,,,,,,,,,,,,,,,6.0,,,,,,,,,16.0,,,
krl_kkpp-ud-test,228,0,5,,,,,,,,,,,,,,,,,,,,,,,,,,,5.0,,,,,,,,,,,,,,,,,,,,,,,,,,,,,,,,,,,,,,,,,,,,,,,,,,,,,,,,,,,,,,,,,,,,,,,,,,,,,
pl_pud-ud-test,1000,0,129,,5.0,,,,,,,,,,,,,,,,121.0,,,,,,,,,,,,,,,,,,,,,,,2.0,,,,,,,,,,,,,,,,,,,,,,,,,,,,,,,,,,,,,,,,,,,,,,,,,,,,,,,,,,,,,,,1.0
orv_torot-ud-test,2955,0,511,,1.0,,,,,,,,,,,,501.0,,,,,,,1.0,2.0,,,,,,,,,,,,,,,,,,,,,,,,,,,,,,,,,,,,,,,,1.0,,,,,,,,,,,,,,,,,,,,,,,,,,,,,,,,,,,,,,,5.0,,,
orv_torot-ud-dev,3061,0,529,,1.0,,1.0,,,,,,,,,,519.0,,,,,,,,1.0,,,,,,,1.0,,,,,,,,,,,,,,,,,,,,,,,,,,,,,,,,,2.0,,,,,,,,,,,,,,,,,,,,,,,,,,,,,,2.0,,,,,,,,,1.0,1.0,,
orv_torot-ud-train,20480,0,2816,,3.0,,2.0,,,,,,,,,,2737.0,,,,,,,,5.0,,,,,,,1.0,,,,,,,,,,,,10.0,,,,,,,,,,,,,,,,,,,,,7.0,,,,,,,,,,,,,,,,,,,,,,,,,,,,,1.0,1.0,,,,,,,,,47.0,2.0,,
cs_cac-ud-dev,603,0,87,,1.0,4.0,3.0,,,,,,,,,,3.0,,,,,,21.0,,,,,1.0,,,,1.0,,,,,,,,,,,,17.0,,10.0,,,,,,,,,,,,,,,,,,,,,,,,,,,,3.0,,,,,,,,,1.0,,,1.0,,,,,,,,,1.0,,,,,,,,,19.0,,1.0,
cs_cac-ud-train,23478,0,5581,34.0,117.0,277.0,325.0,,,,,,,,,,356.0,,,,,,850.0,17.0,58.0,,,131.0,3.0,,,151.0,,,,,,,,,,,,837.0,,815.0,,75.0,,,,11.0,,,14.0,,,,,,,,,,,,,,,,,,,36.0,,,,28.0,,,8.0,,44.0,,,24.0,,32.0,,,,,,2.0,18.0,,,,,,,,,1275.0,,43.0,
cs_cac-ud-test,628,0,167,2.0,5.0,12.0,15.0,,,,,,,,,,7.0,,,,,,18.0,,1.0,,,3.0,,1.0,,5.0,,,,,,,,,,,,26.0,,16.0,,,,,,,,,,,,,,,,,,,1.0,,,,,,,,,,,,,1.0,,,,,1.0,,,,,1.0,,,,,,,,,,,,,,,,51.0,,1.0,
yrl_complin-ud-test,1470,0,232,,,,,,,,,,,,,,221.0,,,,,,,,,,,,,,,5.0,,,,,,,,,,,,,,,,,,,,,,,,,,,,,,,,,,,,,,,,,,,,,,,,,,,,,,,,,,,,,,,1.0,,,,,,,,,5.0,,,
eu_bdt-ud-train,5396,0,847,,,,,,,,,,,,,,817.0,,,,,,,,,,,,,14.0,,,,,,,,6.0,,,,,,,,,,,,,,,,,2.0,,,,,,5.0,,,,,,,,,,,,,,,,,,,,,,2.0,,,,,,,,,,,1.0,,,,,,,,,,,,,
eu_bdt-ud-test,1799,0,275,,,,,,,,,,,,,,269.0,,,,,,,,,,,,,6.0,,,,,,,,,,,,,,,,,,,,,,,,,,,,,,,,,,,,,,,,,,,,,,,,,,,,,,,,,,,,,,,,,,,,,,,,,,,,,
eu_bdt-ud-dev,1798,0,276,,,,,,,,,,,,,,268.0,,,,,,,,,,,,,,,,,,,,,3.0,,,,,,,,,,,,,,,,,,,,,,,3.0,,,,,,,,,,,,,,,,,,,,,,1.0,,,,,,,,,,,1.0,,,,,,,,,,,,,
fi_ftb-ud-dev,1875,0,344,,,,4.0,,,,,,,,,,,,,,,,,,320.0,,,,,,,2.0,,,,,,,,,,,,9.0,,,,1.0,,,,,,,,,,,,,,,,,,,,,,,,,,,,,,,,,,,,,,,,,,,,,,,,,,,,,,,,8.0,,,
fi_ftb-ud-train,14981,0,2495,,,,11.0,,,,,,,,,,9.0,,,,,,,,2311.0,,,,,,,6.0,,,,,,,,,,,,106.0,,,,2.0,,,,,,,,,,,,,,,,,,,,,,,,,,1.0,,,,,,,,,,,,,,,,,,,,2.0,,,,,,,,,,47.0,,,
fi_ftb-ud-test,1867,0,299,,,,,,,,,,,,,,,,,,,,,,275.0,,,,,,,,,,,,,,,,,,,13.0,,,,,,,,,,,,,,,,,,,,,2.0,,,,,,,1.0,,,,,,,,,,,,,,,,,,,,,,,,,,,,,,,,8.0,,,
hbo_ptnk-ud-train,730,0,151,,,,2.0,,,,,,,,,,145.0,,,,,,,,,,,,,,,3.0,,,,,,,,,,,,,,,,,,,,,,,,,,,,,,,,,,,,,,,,,,,,,,,,,,,,,,,,,,,,,,,1.0,,,,,,,,,,,,
hbo_ptnk-ud-test,410,0,66,,,,2.0,,,,,,,,,,60.0,,,,,,,,,,,,,,,3.0,,,,,,,,,,,,,,,,,,,,,,,,,,,,,,,,,,,,,,,,,,,,,,,,,,,,,,,,,,,,,,,,,,,,,,,,1.0,,,
hbo_ptnk-ud-dev,439,0,60,,,,1.0,,,,,,,,,,58.0,,,,,,,,,,,,,,,1.0,,,,,,,,,,,,,,,,,,,,,,,,,,,,,,,,,,,,,,,,,,,,,,,,,,,,,,,,,,,,,,,,,,,,,,,,,,,
en_gentle-ud-test,1334,0,190,,1.0,1.0,1.0,,,,,,,,,,101.0,,,,,,22.0,,,,,,,,,,,,,,,,,,,,,15.0,,,,,,,,,,,,,,,35.0,,,,,,,,,,,,,,,,,,,,,,,,4.0,,,,,,,,,,,,2.0,,,,,,,,1.0,5.0,,2.0,
it_parlamint-ud-test,375,0,1,,,,,,,,,,,,,,,,,,,,,,,,,,,,,,,,,,,,,,,,,,,,,,,,,,,,,,,,,,1.0,,,,,,,,,,,,,,,,,,,,,,,,,,,,,,,,,,,,,,,,,,,,,,
am_att-ud-test,1074,0,54,,,,,,,,,,,,,,54.0,,,,,,,,,,,,,,,,,,,,,,,,,,,,,,,,,,,,,,,,,,,,,,,,,,,,,,,,,,,,,,,,,,,,,,,,,,,,,,,,,,,,,,,,,,
eme_tudet-ud-test,913,0,116,,,,4.0,,,,,,,,,,4.0,,,,,,,,,,,,,,,1.0,,,,,,,,,,,,,,6.0,,,,,,,,,14.0,,,,,,,,,,,,,,,,,,,,,,,1.0,,,,,,,,7.0,,,,,,,,,9.0,,,,,,,,,70.0,,,
pl_lfg-ud-test,1727,0,251,,1.0,,,,,,,,,,,,250.0,,,,,,,,,,,,,,,,,,,,,,,,,,,,,,,,,,,,,,,,,,,,,,,,,,,,,,,,,,,,,,,,,,,,,,,,,,,,,,,,,,,,,,,,,,
pl_lfg-ud-train,13774,0,2140,,10.0,,,,,,,,,,,,2125.0,,,,,,,,,,,,,,,,,,,,,,,,,,,,,,,,,,,,,,,,,,,,,,,,,,,,,,,,,,,,,,,,,,1.0,,,1.0,,,,,,,,,,,,,,,,,,2.0,,1.0,
pl_lfg-ud-dev,1745,0,268,,1.0,,,,,,,,,,,,267.0,,,,,,,,,,,,,,,,,,,,,,,,,,,,,,,,,,,,,,,,,,,,,,,,,,,,,,,,,,,,,,,,,,,,,,,,,,,,,,,,,,,,,,,,,,
fr_partut-ud-dev,107,0,17,,,,,,,,,,,,,,17.0,,,,,,,,,,,,,,,,,,,,,,,,,,,,,,,,,,,,,,,,,,,,,,,,,,,,,,,,,,,,,,,,,,,,,,,,,,,,,,,,,,,,,,,,,,
fr_partut-ud-test,110,0,30,,,,,,,,,,,,,,30.0,,,,,,,,,,,,,,,,,,,,,,,,,,,,,,,,,,,,,,,,,,,,,,,,,,,,,,,,,,,,,,,,,,,,,,,,,,,,,,,,,,,,,,,,,,
fr_partut-ud-train,803,0,268,,,,,,,,,,,,,,268.0,,,,,,,,,,,,,,,,,,,,,,,,,,,,,,,,,,,,,,,,,,,,,,,,,,,,,,,,,,,,,,,,,,,,,,,,,,,,,,,,,,,,,,,,,,
tr_tourism-ud-train,15473,0,1735,,3.0,,3.0,,,,,,,,,,,,,,,,1.0,,,,,,,,,1.0,,,,,,1.0,,,,,,10.0,,,,1.0,,,,,,,,,,,,,,,,,1.0,,,,,,,,,,,,,,,,,,3.0,,,1.0,,,,,,,,,153.0,,,,,,,,,1557.0,,,
tr_tourism-ud-dev,2166,0,262,,,,1.0,,,,,,,,,,,,,,,,,,,,,,,,,,,,,,,,,,,,,2.0,,,,,,,,,,,,,,,,,,,,,,,,,,,,,,,,,,1.0,,,,,,,,,,,,,,,,,35.0,,,,,,,,,223.0,,,
tr_tourism-ud-test,2191,0,202,,,,1.0,,,,,,,,,,,,,,,,,,,,,,,,,1.0,,,,,,,,,,,,3.0,,,,,,,,,,,,,,,,,,,,,,,,,,,,,,,,,,,,,,,,,,,,,,,,,,,13.0,,,,,,,,,184.0,,,
jv_csui-ud-test,1000,0,159,,,,,,,,,,,,,,159.0,,,,,,,,,,,,,,,,,,,,,,,,,,,,,,,,,,,,,,,,,,,,,,,,,,,,,,,,,,,,,,,,,,,,,,,,,,,,,,,,,,,,,,,,,,
ab_abnc-ud-test,263,0,83,,,2.0,5.0,,,,5.0,10.0,,5.0,,,,,,,,,,,,,,,,,,,2.0,2.0,7.0,,,,,,,,,13.0,,,,,,,,,,,,,,,,,,,,,,,,,,,,,,,,,,1.0,,,,,,,,,,,,,,,,,1.0,,,,,,,,,29.0,,1.0,
cs_poetry-ud-test,297,0,68,,1.0,4.0,7.0,,,,,,,,,,1.0,,,,,,10.0,,,,,,,,,4.0,,,,,,,,,,,,15.0,,5.0,,,,,,,,,1.0,,,,,,,,,,1.0,,,,,,,,,,,,,,,,,,1.0,,,1.0,,,,,,,,,8.0,,,,,,,,,8.0,1.0,,
ru_gsd-ud-test,601,0,48,,,,,,,,,,,,,,48.0,,,,,,,,,,,,,,,,,,,,,,,,,,,,,,,,,,,,,,,,,,,,,,,,,,,,,,,,,,,,,,,,,,,,,,,,,,,,,,,,,,,,,,,,,,
ru_gsd-ud-dev,579,0,53,,,,,,,,,,,,,,53.0,,,,,,,,,,,,,,,,,,,,,,,,,,,,,,,,,,,,,,,,,,,,,,,,,,,,,,,,,,,,,,,,,,,,,,,,,,,,,,,,,,,,,,,,,,
ru_gsd-ud-train,3850,0,331,,,,,,,,,,,,,,331.0,,,,,,,,,,,,,,,,,,,,,,,,,,,,,,,,,,,,,,,,,,,,,,,,,,,,,,,,,,,,,,,,,,,,,,,,,,,,,,,,,,,,,,,,,,
aqz_tudet-ud-test,343,0,30,,,,,,,,,,,,,,29.0,,,,,,,,,,,,,,,,,,,,,,,,,,,,,,,,,,,,,,,,,,,,,,,,,,,,,,,,,,,,,1.0,,,,,,,,,,,,,,,,,,,,,,,,,,,,,
en_pud-ud-test,1000,0,90,,,,,,,,,,,,,,90.0,,,,,,,,,,,,,,,,,,,,,,,,,,,,,,,,,,,,,,,,,,,,,,,,,,,,,,,,,,,,,,,,,,,,,,,,,,,,,,,,,,,,,,,,,,
tr_imst-ud-train,3435,0,769,,60.0,,59.0,,,,,,,,,,,,,,,,,,1.0,,,,,,,42.0,,,,,,90.0,,40.0,5.0,,,88.0,,45.0,,,,,,,,,,,,,,,,,,,,1.0,,,,,,,,25.0,,,13.0,10.0,,,,,27.0,,,,,,,,,,,,5.0,,,,,,,,,258.0,,,
tr_imst-ud-dev,1100,0,230,,17.0,,21.0,,,,,,,,,,,,,,,,1.0,,,,,,,,,6.0,,,,,,17.0,,5.0,,,,33.0,,13.0,,1.0,,,,,,,,,,,,,,,,,,,,,,,,,,6.0,,,1.0,,,,,,5.0,,,,,,,,,,,,2.0,,,,,,,,,102.0,,,
tr_imst-ud-test,1100,0,236,,14.0,,19.0,,,,,,,,,,,,,,,,,,,,,,,,,17.0,,,,,,24.0,,12.0,1.0,,,29.0,,14.0,,1.0,,,,,,,,,,,,,,,,,,,,,,,,,,6.0,,,3.0,2.0,,,,,7.0,,,,,,,,,,,,1.0,,,,,,,,,86.0,,,
fr_sequoia-ud-test,456,0,112,,,,,,,,,,,,,,108.0,,,,,,,,,,,,,,,,,,,,,,,,,,,,,,,,,,,,,,,,,,3.0,,,,,,,,,,,,,,,,,,,,,,,,,,,,,,,,,,,,,,,,,,,,,1.0,,,
fr_sequoia-ud-train,2231,0,594,,,,,,,,,,,,,,551.0,,,,,,,,,,,,,,,,,,,,,,,,,,,6.0,,,,,,,,,,,,,,,32.0,,,,,,3.0,,,,,,,1.0,,,,,,,,,,,,,,,,,,,,,,,,,,,,,,,,1.0,,,
fr_sequoia-ud-dev,412,0,97,,,,,,,,,,,,,,89.0,,,,,,,,,,,,,,,,,,,,,,,,,,,3.0,,,,,,,,,,,,,,,4.0,,,,,,1.0,,,,,,,,,,,,,,,,,,,,,,,,,,,,,,,,,,,,,,,,,,
lv_cairo-ud-test,20,0,7,,,,,,,,,,,,,,,,,,,,,,,,,,,2.0,,,,,,,,,,,,,,1.0,,,,,,,,,,,,,,,,,1.0,,,,,,,,,,,,,,,,,,,,,,,,,,,,,,,,,,,,,,,,,,,3.0,,,
bg_btb-ud-train,8907,0,1158,,,,,,,,,,,,,,1132.0,,,,,,,,,,,,,3.0,,,,,,,,,,,,,,2.0,,,,,,,,,,,,,,,,,5.0,,,,2.0,,,,,,,,,,,,,,,,,,,,,,,,,,,,,,,,,,,,,,,14.0,,,
bg_btb-ud-test,1116,0,142,,,,,,,,,,,,,,139.0,,,,,,,,,,,,,,,,,,,,,,,,,,,,,,,,,,,,,,,,,,,,,,,,3.0,,,,,,,,,,,,,,,,,,,,,,,,,,,,,,,,,,,,,,,,,,
bg_btb-ud-dev,1115,0,152,,,,,,,,,,,,,,151.0,,,,,,,,,,,,,,,,,,,,,,,,,,,,,,,,,,,,,,,,,,,,,,,,1.0,,,,,,,,,,,,,,,,,,,,,,,,,,,,,,,,,,,,,,,,,,
tn_popapolelo-ud-test,20,0,6,,,,,,,,,,,,,,6.0,,,,,,,,,,,,,,,,,,,,,,,,,,,,,,,,,,,,,,,,,,,,,,,,,,,,,,,,,,,,,,,,,,,,,,,,,,,,,,,,,,,,,,,,,,
bej_nsc-ud-test,380,0,41,,,3.0,,,,,,,,,,,29.0,,,,,,,,6.0,,,,,,,1.0,,,,,,,,,,,,,,,,,,,,,,,,,2.0,,,,,,,,,,,,,,,,,,,,,,,,,,,,,,,,,,,,,,,,,,,,,,,,,,
es_coser-ud-test,539,0,166,,,,1.0,,,,,,,,,,148.0,,,,,,,,,,,,,,,,,,,,,,,,,,,3.0,,,,,,,,,,,,,,,,,5.0,,,,,,,,,,,,,,,,,,,,,,,,,,,,,,,,,,1.0,,,,,,,,2.0,6.0,,,
tr_boun-ud-dev,979,0,203,,18.0,,18.0,,,,,,,,,,,,,,,,1.0,,,,,,,,,19.0,,,,,,7.0,,13.0,6.0,,,34.0,,17.0,,1.0,,,,,,,,,,,,,,,,,,2.0,,,,,,,,2.0,,,,,,,,,5.0,,,2.0,,,,,,,,,1.0,,,,,,,,,57.0,,,
tr_boun-ud-test,979,0,194,,21.0,,18.0,,,,,,,,,,,,,,,,1.0,,1.0,,,,,,,16.0,,,,,,8.0,,7.0,5.0,,,28.0,,9.0,,6.0,,,,,,,,,,,,,1.0,,,,,,,,,,,,,2.0,,,,5.0,,,,,1.0,,,,,,,,,,,,4.0,,,,,,,,,61.0,,,
tr_boun-ud-train,7803,0,1450,,153.0,,97.0,,,,,,,,,,,,,,,,10.0,2.0,52.0,,,,,,,84.0,,,,,,106.0,,88.0,32.0,,,203.0,,38.0,,31.0,,,,,,,,,,,,,6.0,,4.0,,,2.0,,,,,,,,9.0,,,25.0,14.0,,,,,26.0,,,15.0,,,,,,,,,15.0,,,,,,,,,437.0,,1.0,
tr_penn-ud-dev,622,0,31,,,,,,,,,,,,,,,,,,,,,,,,,,,,,4.0,,,,,,,,,,,,1.0,,,,,,,,,,,,,,,,,,,,,,,,,,,,,,,,,,,,,,,1.0,,,,,,,,,,,,,,,,,,,,,25.0,,,
tr_penn-ud-test,924,0,75,,,,3.0,,,,,,,,,,,,,,,,,,,,,,,,,1.0,,,,,,,,,,,,2.0,,,,,,,,,,,,,,,,,,,,,,,,,,,,,,2.0,,,,,,,,,,,,,,,,,,,,,3.0,,,,,,,,,64.0,,,
tr_penn-ud-train,14850,0,1178,,10.0,,50.0,,,,,,,,,,,,,,,,3.0,3.0,,,,,,,,54.0,,,,,,,,,,,,87.0,,,,1.0,,,,,,,,,,,,,,,,,1.0,,,,,1.0,1.0,,,9.0,,,,1.0,,,,,2.0,,,,,,,,,,,,54.0,,,,,,,,,899.0,,2.0,
