Treebank,Number of Sentences,Failures,Total,_,acl,acl:attr,acl:dpct,acl:relcl,advcl,advcl:caus,advcl:ccomp,advcl:cleft,advcl:cmp,advcl:cond,advcl:dpct,advcl:manner,advcl:relcl,advmod,advmod:emph,amod,amod:att,appos,appos:trans,aux,case,cc,ccomp,ccomp:obj,ccomp:obl,ccomp:pred,ccomp:relcl,ccomp:reported,ccomp:speech,clf,compound,compound:lvc,compound:nn,compound:redup,conj,conj:expl,cop,csubj,csubj:cleft,csubj:cop,csubj:outer,csubj:pass,csubj:relcl,dep,dep:comp,dep:conj,det,det:poss,discourse,dislocated,dislocated:nsubj,dislocated:subj,expl,expl:pv,expl:subj,fixed,flat,flat:foreign,flat:name,iobj,list,mark,nmod,nmod:appos,nmod:att,nmod:npmod,nmod:obj,nmod:part,nmod:poss,nmod:tmod,nsubj,nsubj:caus,nsubj:cop,nsubj:lfoc,nsubj:outer,nsubj:pass,nummod,nummod:gov,obj,obl,obl:agent,obl:arg,obl:cmpr,obl:float,obl:lmod,obl:mod,obl:pmod,obl:prep,obl:smod,obl:tmod,orphan,parataxis,parataxis:conj,parataxis:discourse,parataxis:obj,parataxis:parenth,parataxis:restart,parataxis:trans,reparandum,root,vocative,xcomp,xcomp:pred,xcomp:result
sl_ssj-ud-test,1282,0,61,,,,,,,,,,,,,,,,,,,,,,,,1.0,,,,,,,,,,,,1.0,,,,,,,,,,,,,,,,,,,,,,,,,,,,1.0,,,,,,,,49.0,,,,,,,,1.0,,,,,,,,,,,,,2.0,,,,,,,,5.0,,1.0,,
sl_ssj-ud-dev,1250,0,74,,,,,,,,,,,,,,,,,,,,,,,,1.0,,,,,,,,,,,,2.0,,,,,,,,,,,,,,,,,,,,,,,,,,,,3.0,,,,,,,,61.0,,,,,,,,2.0,,,,,,,,,,,,,2.0,,,,,,,,1.0,1.0,1.0,,
sl_ssj-ud-train,10903,0,659,,1.0,,,,2.0,,,,,,,,,1.0,,,,1.0,,,,,4.0,,,,,,,,,,,,13.0,,,,,,,,,,,,2.0,,1.0,1.0,,,,,,2.0,,,,,,,12.0,,,,,,,,547.0,,,,,,,,6.0,17.0,,,,,,,,,,,12.0,11.0,,,,,,,,20.0,3.0,3.0,,
xcl_caval-ud-train,3185,0,1749,,6.0,,,,7.0,,,,,,,,,,,,,24.0,,,,,40.0,,,,,,,,,,,,17.0,,8.0,5.0,,,,,,,,,1.0,,,1.0,,,,,,,,,,,,,21.0,,,,,,,,1542.0,24.0,,,,32.0,,,1.0,,,,,,,,,,,,7.0,1.0,,,,,,,,10.0,2.0,,,
xcl_caval-ud-dev,411,0,284,,,,,,1.0,,,,,,,,,,,,,4.0,,,,,4.0,,,,,,,,,,,,2.0,,2.0,1.0,,,,,,,,,,,,,,,,,,,,,,,,,8.0,,,,,,,,252.0,,,,,4.0,,,,,,,,,,,,,,,,,,,,,,,,5.0,1.0,,,
xcl_caval-ud-test,550,0,326,,,,,,2.0,,,,,,,,,,,,,3.0,,,,,6.0,,,,,,,,,,,,4.0,,,1.0,,,,,,,,,,,,,,,,,,,,,,,,,3.0,,,,,,,,297.0,4.0,,,,1.0,,,,,,,,,,,,,,,,,,,,,,,,4.0,1.0,,,
hu_szeged-ud-dev,441,0,148,,,,,,,,,,,,,,,,,,23.0,,,,,,,1.0,1.0,,,,,,,,,,2.0,,,,,,,,,,,,11.0,,,,,,,,,,,,,,,,2.0,,12.0,,,,,,69.0,,,,,,,,,17.0,,,,,,,,,,,,1.0,,,,,,,,9.0,,,,
hu_szeged-ud-test,449,0,154,,,,,,1.0,,,,,,,,,,,,23.0,,,,,,,2.0,,,,,,,,,,,2.0,,,,,,,,,,,,5.0,,,,,,,,,,,,,,,,,,14.0,,,,,,88.0,,,,,,,,1.0,16.0,,,,,,,,,,,,,,,,,,,,2.0,,,,
hu_szeged-ud-train,910,0,335,,,,,,4.0,,,,,,,,,,,,38.0,,,,,,1.0,2.0,,1.0,,,,,,,,,5.0,,,1.0,,,,,,,,,8.0,,,,,,,,,,,,,,,,3.0,,27.0,,,,,,200.0,,,,,,,,1.0,35.0,,,,,,,,,,,1.0,,,,,,,,,7.0,,1.0,,
no_bokmaal-ud-dev,2409,0,1121,,,,,,,,,,,,,,,,,,,1.0,,,,,,,,,,,,,,,,,4.0,,,,,,,,,,,,,,,3.0,,,,,,,,,1.0,,,,5.0,,,,,,,,1097.0,,,,1.0,,,,3.0,4.0,,,,,,,,,,,,,,,,,,,,2.0,,,,
no_bokmaal-ud-test,1939,0,1000,,,,,,,,,,,,,,,,,,,1.0,,,,,1.0,,,,,,,,,,,,1.0,,,,,,,,,,,,,,,3.0,,,,,,,,,,,,,1.0,,,,,,,,989.0,,,,,,,,1.0,1.0,,,,,,,,,,,,,,,,,,,,2.0,,,,
no_bokmaal-ud-train,15696,0,7408,,,,,,,,,,,,,,,,,,,5.0,,,,,1.0,,,,,,,,4.0,,,,21.0,,,,,,,,,,,,5.0,,,7.0,,,,,,,,,6.0,,,,10.0,,,,,,,,7291.0,,,,,,,,11.0,17.0,,,,,,,,,,,,3.0,,,,,,,1.0,25.0,,1.0,,
el_gud-ud-train,1071,0,177,,,,,,,,,,,,,,,,,,,1.0,,,,,,,,,,,,,,,,,4.0,,,,,,,,,,,,3.0,,,1.0,,,,,,,,,,,,,3.0,,,,,,,,130.0,,,,,4.0,,,22.0,5.0,,,,,,,,,,,,,,,,,,,,2.0,1.0,1.0,,
el_gud-ud-test,736,0,110,,,,,,,,,,,,,,,,,,,,,,,,1.0,,,,,,,,,,,,1.0,,,,,,,,,,,,1.0,,,,,,,,,,,,,,,,,,,,,,,,79.0,,,,,4.0,,,16.0,4.0,,,,,,,,,,,,,,,,,,,,4.0,,,,
tr_pud-ud-test,1000,0,74,,,,,,,,,,,,,,,,,,,,,,,,,,,,,,,,,,,,,,,,,,,,,,,,,,,,,,,,,,,,,,,,,,,,,,,,73.0,,,,,,,,,,,,,,,,,,,,,,,,,,,,,1.0,,,,
es_gsd-ud-test,426,0,7,,,,,,,,,,,,,,,,,,,,,,,,,,,,,,,,,,,,1.0,,,,,,,,,,,,,,,,,,,,,,,,,,,,,,,,,,,,6.0,,,,,,,,,,,,,,,,,,,,,,,,,,,,,,,,,
es_gsd-ud-dev,1400,0,8,,,,,,,,,,,,,,,,,,,,,,,,,,,,,,,,,,,,,,,,,,,,,,,,,,,,,,,,,,,,,,,,1.0,,,,,,,,7.0,,,,,,,,,,,,,,,,,,,,,,,,,,,,,,,,,
es_gsd-ud-train,14187,0,84,,,,,,,,,,,,,,,,,,,,,,,,,,,,,,,,,,,,7.0,,,,,,,,,,,,1.0,,,,,,,,,,,,,,,,3.0,,,,,,,,72.0,,,,,,,,1.0,,,,,,,,,,,,,,,,,,,,,,,,,
fi_ood-ud-test,2122,0,357,,,,,,1.0,,,,,,,,,,,,,1.0,,,,,1.0,,,,,,,,,,,,4.0,,,,,,,,,,,,94.0,,,,,,,,,,,,,,,,,,,,,,,,160.0,,54.0,,,,,,26.0,3.0,,,,,,,,,,,1.0,1.0,,,,,,,,11.0,,,,
de_hdt-ud-test,18459,0,5311,,,,,,,,,,,,,,,,,,,2.0,,,,,1.0,,,,,,,,,,,,8.0,,,1.0,,,,,,,,,,,,,,,306.0,,,,,,,,,,,,,,,,,,4592.0,,,,,390.0,,,1.0,4.0,,,,,,,,,,,,,,,,,,,,6.0,,,,
de_hdt-ud-train,153035,0,47433,,32.0,,,,2.0,,,,,,,,,,,,,50.0,,,,,27.0,,,,,,,,,,,,132.0,,,5.0,,,,,,,,,,,,,,,2490.0,,,,,,,,,,1.0,,,,,,,,40656.0,,,,,3800.0,,,6.0,103.0,,,,,,,,,,,,11.0,,,,,,,,105.0,1.0,12.0,,
de_hdt-ud-dev,18434,0,5144,,1.0,,,,1.0,,,,,,,,,,,,,2.0,,,,,1.0,,,,,,,,,,,,13.0,,,,,,,,,,,,,,,,,,305.0,,,,,,,,,,,,,,,,,,4336.0,,,,,465.0,,,2.0,5.0,,,,,,,,,,,,1.0,,,,,,,,11.0,,1.0,,
sga_dipsgg-ud-test,64,0,87,,1.0,,,,,,,,,,,,,1.0,,3.0,,,,,,,,,,,,,,,,,,,4.0,,,,,,,,,,,,15.0,,,1.0,,,,,,,,,,,,,,,,,,,,,17.0,,,,,,,,3.0,1.0,,,,,,,,,,,,,,,,,,,,41.0,,,,
pt_porttinari-ud-train,5893,0,1389,,,,,1.0,4.0,,,,,,,,,,,,,3.0,,,,,1.0,,,,,,1.0,,,,,,3.0,,,1.0,,,,,,,,,,,,1.0,,,483.0,,,,,,,,,,94.0,,,,,,,,675.0,,,,,21.0,,,3.0,84.0,4.0,,,,,,,,,,1.0,1.0,,,,,,,,7.0,,1.0,,
pt_porttinari-ud-test,1683,0,413,,1.0,,,1.0,1.0,,,,,,,,,,,,,,,,,,,,,,,,,,,,,,2.0,,,,,,,,,,,,,,,1.0,,,149.0,,,,,,,,,,33.0,,,,,,,,183.0,,,,,10.0,,,2.0,23.0,1.0,,,,,,,,,,,,,,,,,,,6.0,,,,
pt_porttinari-ud-dev,842,0,210,,,,,,,,,,,,,,,,,,,2.0,,,,,,,,,,,1.0,,,,,,2.0,,,,,,,,,,,,,,,,,,71.0,,,,,,,,,,17.0,,,,,,,,95.0,,,,,3.0,,,1.0,17.0,,,,,,,,,,,,1.0,,,,,,,,,,,,
sv_talbanken-ud-dev,504,0,256,,,,,,1.0,,,,,,,,,,,,,,,,,,,,,,,,,,,,,,,,,,,,,,,,,,1.0,,,,,,,,,,,,,,,,,,,,,,,,244.0,,,,,9.0,,,,,,,,,,,,,,,,,,,,,,,,1.0,,,,
sv_talbanken-ud-test,1219,0,384,,1.0,,,,1.0,,,,,,,,,,,,,,,,,,,,,,,,,,,,,,2.0,,,,,,,,,,,,2.0,,,,,,,,,,,,,,,,,,,,,,,,369.0,,,,,9.0,,,,,,,,,,,,,,,,,,,,,,,,,,,,
sv_talbanken-ud-train,4303,0,1247,,2.0,,,2.0,1.0,,,,,,,,,,,,,1.0,,,,,,,,,,,,,,,,,7.0,,,,,,,,,,,,2.0,,,,,,,,,2.0,,,,,,,2.0,,,,,,,,1185.0,,,,,38.0,,,,1.0,,,,,,,,,,,,1.0,,,,,,,,3.0,,,,
ar_nyuad-ud-train,15789,0,2292,,1.0,,,,,,,,,,,,,,,,,,,,,,,,,,,,,,,,,,,,,,,,,,,34.0,,,,,,,,,,,,,,,,1.0,,,723.0,,,,,,1.0,,1482.0,,,,,,,,40.0,,,,,,,,,,,,,,,,,,,,,10.0,,,,
ar_nyuad-ud-dev,1986,0,287,,,,,,,,,,,,,,,,,,,,,,,,,,,,,,,,,,,,,,,,,,,,,4.0,,,,,,,,,,,,,,,,,,,99.0,,,,,,,,176.0,,,,,,,,7.0,,,,,,,,,,,,,,,,,,,,,1.0,,,,
ar_nyuad-ud-test,1963,0,286,,,,,,,,,,,,,,,,,,,,,,,,,,,,,,,,,,,,,,,,,,,,,6.0,,,,,,,,,,,,,,,,,,,104.0,,,,,,,,169.0,,,,,,,,6.0,,,,,,,,,,,,,,,,,,,,,1.0,,,,
pl_pdb-ud-test,2215,0,215,,,,,,,,,,,,,,,,,,,,,,,,,,,,,,,,,,,,6.0,,,,,,,,,,,,,,,,,,,,,,,,,,,,,,,,,,,,191.0,,,,,7.0,,,,,,,2.0,,,,,,,,,,,,4.0,,,,,5.0,,,,
pl_pdb-ud-train,17722,0,1923,,,,,,7.0,,,,,,,,,,,,,,,,,,6.0,1.0,,,,,,,,,,,36.0,,,,,,,,,1.0,,,,,,,,,,,,,,,,5.0,,,6.0,,,,,,,,1699.0,,,,,55.0,,,3.0,7.0,,,36.0,,,,,,,,1.0,,,,27.0,,,,,32.0,,1.0,,
pl_pdb-ud-dev,2215,0,222,,,,,1.0,1.0,,,,,,,,,,,,,,,,,,,,,,,,,,,,,,4.0,,,,,,,,,,,,,,,,,,,,,,,,,1.0,,,2.0,,,,,,,,192.0,,,,,11.0,,,,,,,3.0,,,,,,,,1.0,,,,2.0,,,,,4.0,,,,
sah_yktdt-ud-test,299,0,70,,,,,,,,,,,,,,,,,1.0,,,,,,,,,,,,,,,,,,,1.0,,,,,,,,,,,,,,,,,,,,,,,,,,,,15.0,,,,,,,,52.0,,,,,,,,,,,,,,,,,,,,,,,,,,,,,,1.0,,,
uk_iu-ud-dev,673,0,198,,1.0,,,,,,,,,,,,,,,,,1.0,,,,,1.0,,,,,,,,,,,,1.0,,,,,,,,,,,,,,1.0,,,,8.0,,,,,,,,,,,,,,,,,,181.0,,,,,,,,,,,,,,,,,,,,,2.0,,,,,,,,1.0,,,1.0,
uk_iu-ud-train,5521,0,2012,,2.0,,,,4.0,,,,,,,,,3.0,,,,3.0,,,,,3.0,,,,,,,,,,,,16.0,,,,,,,,,,,,,,2.0,,,,77.0,,,1.0,,,,,,,,,,,,,,,1869.0,,,,,,,,1.0,,,,,,,,,,,,,5.0,,,,,,,1.0,25.0,,,,
uk_iu-ud-test,898,0,253,,,,,,1.0,,,,,,,,,,,,,1.0,,,1.0,,,,,,,,,,,,,,2.0,,,,,,,,,,,,,,,,,,13.0,,,,,,,,,,,,,,,,,,230.0,,,,,,,,,,,,,,,,,,,,,2.0,,,,,,,,3.0,,,,
sa_vedic-ud-test,2709,0,1132,,21.0,,,2.0,1.0,1.0,13.0,,,1.0,1.0,1.0,,,,2.0,,,,,,,26.0,,,,,,,,,,,,16.0,,,1.0,,,,,,,,,222.0,,10.0,,,,,,,,54.0,,,,,,,,,,,,,,711.0,,,,,,,,,1.0,,,,,,,,,,,6.0,2.0,,,,,,,,39.0,,1.0,,
sa_vedic-ud-train,21477,0,8938,,71.0,1.0,3.0,59.0,33.0,1.0,57.0,,,3.0,18.0,2.0,,,,36.0,,1.0,,,,,99.0,,,,,,,,,,,,140.0,,,25.0,,,,,,,,,1747.0,,99.0,4.0,,,,,,2.0,415.0,,,,,,1.0,7.0,,,,,,,5795.0,,,,,,,,5.0,2.0,,,,,,,,,,,39.0,32.0,,,,,,,,219.0,,9.0,,13.0
sa_vedic-ud-dev,2996,0,1552,,22.0,,1.0,13.0,6.0,,9.0,,,,,1.0,,,,5.0,,,,,,,9.0,,,,,,,,,,,,27.0,,,1.0,,,,,,,,,319.0,,56.0,2.0,,,,,,,54.0,,,,,,1.0,1.0,,,,,,,955.0,,,,,,,,2.0,,,,,,,,,,,,9.0,9.0,,,,,,,,47.0,,2.0,,1.0
bn_bru-ud-test,56,0,20,,,,,,,,,,,,,,,,,,,,,,,,,,,,,,,,,,,,,,,,,,,,,,,,,,,,,,,,,,,,,,,,,,,,,,,,20.0,,,,,,,,,,,,,,,,,,,,,,,,,,,,,,,,,
hi_hdtb-ud-train,13306,0,4032,,8.0,,,1.0,7.0,,,,,,,,,,,3.0,,,,,,,,,,,,,,,37.0,,,,9.0,,,,,,,,,16.0,,,377.0,,,2.0,,,,,,,,,,5.0,,,498.0,,,,,,,,1588.0,,,,,30.0,,,346.0,1040.0,,,,,,,,,,,,,,,,,,,,46.0,,19.0,,
hi_hdtb-ud-dev,1659,0,485,,,,,1.0,1.0,,,,,,,,,,,2.0,,,,,,,,,,,,,,,2.0,,,,,,,,,,,,,5.0,,,32.0,,,,,,,,,,,,,,,,67.0,,,,,,,,192.0,,,,,4.0,,,38.0,133.0,,,,,,,,,,,,,,,,,,,,6.0,,2.0,,
hi_hdtb-ud-test,1684,0,479,,3.0,,,,2.0,,,,,,,,,,,,,,,,,,,,,,,,,,2.0,,,,,,,,,,,,,3.0,,,33.0,,,2.0,,,,,,,,,,1.0,,,79.0,,,,,,,,174.0,,,,,1.0,,,31.0,140.0,,,,,,,,,,,,,,,,,,,,7.0,,1.0,,
es_ancora-ud-train,14287,0,132,,,,,,,,,,,,,,,,,,,2.0,,,,,,,,,,,,,,,,,10.0,,,,,,,,,,,,1.0,,,,,,,,,,,,,,,,1.0,,,,,,,,113.0,,,,,,,,2.0,1.0,,,,,,,,,,,,,,,,,,,,2.0,,,,
es_ancora-ud-test,1721,0,17,,,,,,,,,,,,,,,,,,,,,,,,,,,,,,,,,,,,,,,,,,,,,,,,,,,,,,,,,,,,,,,,,,,,,,,,15.0,,,,,,,,,2.0,,,,,,,,,,,,,,,,,,,,,,,,
es_ancora-ud-dev,1654,0,11,,,,,,,,,,,,,,,,,,,,,,,,,,,,,,,,,,,,,,,,,,,,,,,,,,,,,,,,,,,,,,,,,,,,,,,,9.0,,,,,,,,,2.0,,,,,,,,,,,,,,,,,,,,,,,,
kmr_mg-ud-train,20,0,3,,,,,,,,,,,,,,,,,,,,,,,,,,,,,,,,,,,,,,,,,,,,,,,,,,,,,,,,,,,,,,,,,,,,,,,,2.0,,,,,,,,,,,,,,,,,,,,,,,,,,,,,1.0,,,,
kmr_mg-ud-test,734,0,180,,,,,,,,,,,,,,,,,,,1.0,,,,,1.0,,,,,,,,,,,,,,,,,,,,,,,,,,,,,,,,,,,,,,,,,,,,,,,,149.0,,,,,,,,25.0,,,,,,,,,,,,,,,,,,,,,4.0,,,,
no_nynorsk-ud-dev,1890,0,869,,,,,,,,,,,,,,,,,,,,,,,,,,,,,,,,,,,,,,,,,,,,,,,,1.0,,,2.0,,,,,,,,,3.0,1.0,,,2.0,,,,,,,,844.0,,,,,12.0,,,1.0,1.0,,,,,,,,,,,,,,,,,,,,2.0,,,,
no_nynorsk-ud-test,1511,0,520,,,,,,,,,,,,,,,,,,,1.0,,,,,1.0,,,,,,,,1.0,,,,9.0,,,,,,,,,,,,,,,,,,,,,,,,,,,,,,,,,,,,502.0,,,,,3.0,,,,2.0,,,,,,,,,,,,,,,,,,,,,,1.0,,
no_nynorsk-ud-train,14174,0,5660,,,,,,,,,,,,,,,,,,,17.0,,,,,7.0,,,,,,,,1.0,,,,11.0,,,,,,,,,,,,8.0,,,11.0,,,,,,,,,4.0,3.0,,,11.0,,,,,,,,5468.0,,,,1.0,83.0,,,13.0,11.0,,,,,,,,,,,,,,,,,,,,10.0,,1.0,,
hr_set-ud-dev,960,0,100,,1.0,,,,,,,,,,,,,,,1.0,,,,,,,1.0,,,,,,,,,,,,2.0,,,,,,,,,,,,1.0,,,,,,,,,2.0,,,,,,,,,,,,,,,86.0,,,,,,,,4.0,1.0,,,,,,,,,,,,1.0,,,,,,,,,,,,
hr_set-ud-train,6914,0,717,,,,,,,,,,,,,,,,,1.0,,,,,,,4.0,,,,,,,,,,,,12.0,,,,,,,,,,,,2.0,,1.0,,,,,,,10.0,,,,1.0,,,2.0,,,,,,,,641.0,,,,,,,,23.0,9.0,,,,,,,,,,,,1.0,,,,,,,,10.0,,,,
hr_set-ud-test,1136,0,89,,,,,,,,,,,,,,,,,,,1.0,,,,,,,,,,,,,,,,,1.0,,,,,,,,,,,,,,,,,,,,,1.0,,,,,,,2.0,,,,,,,,76.0,,,,,,,,4.0,2.0,,,,,,,,,,,,,,,,,,,,2.0,,,,
orv_rnc-ud-dev,943,0,165,,,,,2.0,,,,,,,,,,,,,,,,,,,,,,,,,,,,,,,3.0,,,,,,,,,,,,21.0,,,1.0,,,,,,1.0,,,,,,,,,,,,,,,127.0,,,,1.0,7.0,,,,,,,,,,,,,,,,,,,,,,,,2.0,,,,
orv_rnc-ud-train,1868,0,498,,1.0,,,1.0,,,,,,,,,,,,,,,,,,,2.0,,,,,,,,,,,,10.0,,,,,,,,,,,,13.0,,,1.0,,,,,,,,,,,,3.0,1.0,,,,,,,,438.0,,,,,22.0,,,2.0,1.0,,,,,,,,,,,,2.0,,,,,,,1.0,,,,,
orv_rnc-ud-test,717,0,347,,1.0,,,,4.0,,,,,,,,,,,1.0,,,,,,1.0,,,,,,,,,,,,,3.0,,,,,,,,,,,,15.0,,,2.0,,,,,,1.0,,,,,,,2.0,,,,,,,,296.0,,,,,13.0,,,6.0,,,,,,,,,,,,,,,,,,,,,2.0,,,,
cpg_tuecl-ud-test,350,0,88,,,,,,,,,,,,,,,,,4.0,,,,,,,,,,,,,,,,,,,,,,,,,,,,,,,3.0,,1.0,4.0,,,2.0,,,,,,,,,,5.0,,,,,,,,60.0,,,,,,,,2.0,,,,,,,,,,,,,,,,,,,,,7.0,,,,
la_circse-ud-test,1263,0,198,,1.0,,,1.0,,,,,2.0,,,,,,,,,,,,,1.0,,,,,,,,,,,,,2.0,,,,,,,,,,,,41.0,,,,,,,,,,,,,,,,,,,,,,,,136.0,,,,,6.0,,,1.0,,,,,,,,,,,,1.0,1.0,,,,,,,,5.0,,,,
is_pud-ud-test,1000,0,598,,,,,2.0,,,,,,,,,,1.0,,,,1.0,,,,,1.0,,,,,,,,,,,,4.0,,,,,,,,,,,,90.0,,,1.0,,,27.0,,,,,,,,,,3.0,,,,,,5.0,,446.0,,,,,,,,5.0,2.0,,,,,,,,,,,,1.0,,,,,,,,7.0,,2.0,,
grc_perseus-ud-dev,1137,0,220,,,,,,,,,,,,,,,,,,,,,,,,,,,,,,,,,,,,5.0,,,,,,,,,,,,,,,,,,,,,,,,,,,,,,,,,,,,197.0,,,,,,,,1.0,,,,,,,,,,,,,,,,,,,,,4.0,,13.0,,
grc_perseus-ud-train,11476,0,3041,,2.0,,,,4.0,,,,,,,,,,,,,5.0,,,,,,,,,,,,,,,,,20.0,,,,,,,,,,,,,,,,,,,,,,,,,,,,152.0,,,,,,,,2748.0,,,,,,,,16.0,23.0,,,,,,,,,,,,,,,,,,,,26.0,18.0,27.0,,
grc_perseus-ud-test,1306,0,241,,1.0,,,,1.0,,,,,,,,,,,,,,,,,,,,,,,,,,,,,,3.0,,,,,,,,,,,,,,,,,,,,,,,,,,,,16.0,,,,,,,,193.0,,,,,,,,3.0,,,,,,,,,,,,,,,,,,,,,6.0,,18.0,,
aii_as-ud-test,57,0,7,,,,,,,,,,,,,,,,,,,,,,,,,,,,,,,,,,,,,,,,,,,,,,,,,,,,,,,,,,,,,,,,,,,,,,,,7.0,,,,,,,,,,,,,,,,,,,,,,,,,,,,,,,,,
qpm_philotis-ud-train,980,0,211,,,,,,,,,,,,,,,,,,,,,,,,2.0,,,,,,,,,,,,2.0,,,,,,,,,,,,1.0,,1.0,1.0,,,2.0,,,1.0,,,,1.0,,,,,,,,,,,194.0,,,,,,,,1.0,,,,,,,,,,,,2.0,,,,,,,,,2.0,1.0,,,
qpm_philotis-ud-dev,635,0,109,,,,,,,,,,,,,,,,,,,,,,,,,,,,,,,,,,,,,,,,,,,,,32.0,,,,,,,,,,,,,,,,,,,,,,,,,,,76.0,,,,,,,,,,,,,,,,,,,,,,,,,,,,,1.0,,,,
qpm_philotis-ud-test,635,0,131,,,,,,,,,,,,,,,,,1.0,,,,,,,1.0,,,,,,,,,,,,,,,,,,,,,,,,,,,2.0,,,1.0,,,1.0,,,,,,,2.0,,,,,,,,121.0,,,,,,,,2.0,,,,,,,,,,,,,,,,,,,,,,,,,
tr_atis-ud-dev,572,0,1584,,7.0,,,,,,,,,,,,,,,37.0,,,,,6.0,,5.0,,,,,,,,81.0,,,,56.0,,,7.0,,,,,,,,,,,1.0,,,,,,,,94.0,,,,,,597.0,,,,,,23.0,88.0,159.0,,,,,,,,172.0,98.0,1.0,,,,,,,,,28.0,,,,,,,,,,65.0,,59.0,,
tr_atis-ud-train,4274,0,12680,,3.0,,,,1.0,,,,,,,,,,,169.0,,,,,33.0,,17.0,,,,,,,,904.0,,,,427.0,,,42.0,,,,,,1.0,,,,,22.0,1.0,,,,,,3.0,852.0,,,,8.0,,4971.0,,,,,,41.0,669.0,1304.0,,,,,21.0,3.0,,1486.0,741.0,2.0,,,,,,,,,157.0,,8.0,,,,,,,,451.0,,343.0,,
tr_atis-ud-test,586,0,1748,,4.0,,,,,,,,,,,,,,,18.0,,,,,4.0,,1.0,,,,,,,,79.0,,,,66.0,,,6.0,,,,,,,,,,,4.0,1.0,,,,,,,115.0,,,,,,716.0,,,,,,6.0,113.0,193.0,,,,,,,,194.0,61.0,,,,,,,,,,25.0,,2.0,,,,,,,,94.0,,46.0,,
pt_pud-ud-test,1000,0,203,,,,,,,,,,,,,,,,,,,,,,,,,,,,,,,,,,,,1.0,,,,,,,,,,,,,,,,,,,,,,,,,,,,,,,,,,,,192.0,,,,,10.0,,,,,,,,,,,,,,,,,,,,,,,,,,,,
hi_pud-ud-test,1000,0,424,,,,,1.0,,,,,,,,,,,,1.0,,,,,,,,,,,,,,,4.0,,,,,,,,,,,,,1.0,,,2.0,,,,,,,,,,,,,4.0,,,,,,,,,175.0,,214.0,,,,,,,,9.0,13.0,,,,,,,,,,,,,,,,,,,,,,,,
la_perseus-ud-test,939,0,178,,,,,1.0,2.0,,,,,,,,,,,,,,,,,,,,,,,,,,,,,,,,,,,,,,,,,,1.0,,,,,,,,,,,,,,,,1.0,,,,,,,,158.0,,,,,8.0,,,2.0,,,,,,,,,,,,,,,,,,,,,5.0,,,,
la_perseus-ud-train,1334,0,286,,,,,,2.0,,,,,,,,,,,,,2.0,,,,,,,,,,,,,,,,,2.0,,,,,,,,,,,,3.0,,,,,,,,,,,,,,,,2.0,,,,,,,,250.0,,,,2.0,18.0,,,3.0,,,,,,,,,,,,,,,,,,,,,1.0,1.0,,,
tr_kenet-ud-dev,1646,0,3692,,50.0,,,,41.0,,,,,,,,,,,67.0,,3.0,,13.0,4.0,,20.0,,,,,,,3.0,623.0,,,,143.0,,,41.0,,,,,,,,,,,10.0,1.0,,,,,,,49.0,,,4.0,,,622.0,,,,,,,,854.0,,,,,,4.0,,652.0,253.0,,,,,,,,,,,,39.0,,,,,,,,113.0,22.0,61.0,,
tr_kenet-ud-test,1643,0,3834,,58.0,,,,55.0,,,,,,,,,,,79.0,,1.0,,8.0,9.0,,31.0,,,,,,,3.0,907.0,,,,126.0,,,7.0,,,,,,,,,,,18.0,,,,,,,,36.0,,,,35.0,,577.0,,,,,,,,778.0,,,,,,8.0,,556.0,306.0,,,,,,,,,,,,36.0,,,,,,,1.0,84.0,29.0,86.0,,
tr_kenet-ud-train,15398,0,31196,,263.0,,,,312.0,,,,,,,,,,,861.0,,43.0,,136.0,31.0,,170.0,,,,,,,3.0,2813.0,,,,1718.0,,,255.0,,,,,,8.0,,,,,62.0,14.0,,,,,,10.0,293.0,,,24.0,97.0,,7091.0,,,,,,,,7555.0,,,,,,54.0,,4112.0,1966.0,,,,,,,,,,,3.0,230.0,,,,,,,4.0,2504.0,134.0,430.0,,
sms_giellagas-ud-test,230,0,193,,1.0,,,,1.0,,,,,,,,,,,,,,,,,,,,,,,,,,,,,,6.0,,,,,,,,,1.0,,,22.0,,1.0,1.0,,,4.0,,,,,,,,,,,,,,,,,,135.0,,13.0,,,,,,3.0,1.0,,,,,,,,,,,,,,,,,,,2.0,1.0,1.0,,,
sms_giellagas-ud-train,20,0,6,,,,,,,,,,,,,,,,,,,,,,,,,,,,,,,,,,,,,,,,,,,,,,,,,,,,,,,,,,,,,,,,,,,,,,,,6.0,,,,,,,,,,,,,,,,,,,,,,,,,,,,,,,,,
sk_snk-ud-dev,1060,0,18,,,,,,,,,,,,,,,,,,,,,,,,,,,,,,,,,,,,,,,,,,,,,1.0,,,,,,,,,,,,,,,,,,,,,,,,,,,17.0,,,,,,,,,,,,,,,,,,,,,,,,,,,,,,,,,
sk_snk-ud-test,1061,0,12,,,,,,,,,,,,,,,,,,,,,,,,,,,,,,,,,,,,,,,,,,,,,,,,,,,,,,,,,,,,,,,,,,,,,,,,12.0,,,,,,,,,,,,,,,,,,,,,,,,,,,,,,,,,
sk_snk-ud-train,8483,0,614,,2.0,,,,1.0,,,,,,,,,,,,,2.0,,,,,12.0,,,,,,,,,,,,11.0,,,,,,,,,24.0,,,,,,,,,,,,1.0,,,,,,,9.0,,,,,,,,514.0,,,,,8.0,,,5.0,,,,,,,,,,,,,,,,,,,,,24.0,,1.0,,
lt_hse-ud-train,153,0,54,,,,,,,,,,,,,,,,,,,,,,,,,,,,,,,,,,,,,,,,,,,,,,,,,,,,,,,,,2.0,,,,,,,,,,,,,,,51.0,,,,,,,,,,,,,,,,,,,,,,,,,,,,,1.0,,,,
lt_hse-ud-test,55,0,20,,,,,,,,,,,,,,,,,,,,,,,,,,,,,,,,,,,,,,,,,,,,,,,,,,,,,,,,,,,,,,,,1.0,,,,,,,,18.0,,,,,,,,,,,,,,,,,,,,,1.0,,,,,,,,,,,,
lt_hse-ud-dev,55,0,14,,,,,,,,,,,,,,,,,,,,,,,,,,,,,,,,,,,,,,,,,,,,,,,,,,,,,,,,,,,,,,,,,,,,,,,,13.0,,,,,,,,,,,,,,,,,,,,,1.0,,,,,,,,,,,,
ky_tuecl-ud-test,145,0,1,,,,,,,,,,,,,,,,,,,,,,,,,,,,,,,,,,,,,,,,,,,,,,,,,,,,,,,,,,,,,,,,,,,,,,,,1.0,,,,,,,,,,,,,,,,,,,,,,,,,,,,,,,,,
hit_hittb-ud-test,136,0,33,,,,,,,,,,,,,,,,,,,,,,,,,,,,,,,,,,,,,,,,,,,,,,,,,,,,,,,,,,,,,,,,7.0,,,,,,,,25.0,,,,,,,,,,,,,,,,,,,,,,,,,,,,,1.0,,,,
sa_ufal-ud-test,230,0,77,,,,,,,,,,,,,,,,,,,,,,,,,,,,,,,,,,,,1.0,,,,,,,,,,,,3.0,,,,,,,,,,,,,,,,,,,,,,,,56.0,,4.0,,,8.0,,,,3.0,,,,,,,,,,,,,,,,,,,,1.0,1.0,,,
be_hse-ud-train,22853,0,5062,,8.0,,,1.0,3.0,,,,,,,,,3.0,,,,14.0,,,2.0,,24.0,,,,,,,,,,,,35.0,,,2.0,,,,,,,,,,,,1.0,,,1.0,,,8.0,,,,,1.0,3.0,1.0,,,,,,,,4687.0,,,,1.0,109.0,,,,9.0,,,,,,,,,,,,13.0,,,,,,,,134.0,,2.0,,
be_hse-ud-dev,1301,0,230,,,,,,,,,,,,,,,1.0,,,,,,,,,,,,,,,,,,,,,2.0,,,,,,,,,,,,,,,,,,,,,,,,,,,,,,,,,,,,215.0,,,,,6.0,,,,1.0,,,,,,,,,,,,,,,,,,,,5.0,,,,
be_hse-ud-test,1077,0,193,,,,,,,,,,,,,,,,,,,,,,,,,,,,,,,,,,,,1.0,,,,,,,,,,,,,,,,,,,,,1.0,,,,,,,,,,,,,,,180.0,,,,,9.0,,,,,,,,,,,,,,,,,,,,,,,,2.0,,,,
et_ewt-ud-train,5444,0,2397,,2.0,,,1.0,19.0,,,,,,,,,,,1.0,,,,,,,5.0,,,,,,,,,,,,38.0,,,1.0,,,,,,10.0,,,9.0,,,,,,,,,1.0,,,,,,,97.0,,,,,,,,1520.0,,518.0,,,,,,115.0,9.0,,,,,,,,,,,2.0,6.0,,,,,,,,43.0,,,,
et_ewt-ud-test,913,0,436,,1.0,,,,,,,,,,,,,,,,,,,,,,2.0,,,,,,,,,,,,5.0,,,,,,,,,3.0,,,,,,,,,,,,,,,,,,,10.0,,,,,,,,298.0,,89.0,,,,,,17.0,3.0,,,,,,,,,,,,,,,,,,,,8.0,,,,
et_ewt-ud-dev,833,0,348,,,,,,1.0,,,,,,,,,,,,,1.0,,,,,,,,,,,,,,,,,4.0,,,,,,,,,,,,,,,,,,,,,,,,,,,,13.0,,,,,,,,228.0,,71.0,,,,,,22.0,1.0,,,,,,,,,,,,,,,,,,,,7.0,,,,
yo_ytb-ud-test,318,0,549,,,,,,,,,,,,,,,,,,,,,,,,,,,,,,,,,,,,1.0,,,,,,,,,,,,,,1.0,,,,130.0,,,,,,,,,,21.0,,,,,,,,373.0,,,,,,,,12.0,11.0,,,,,,,,,,,,,,,,,,,,,,,,
wo_wtb-ud-dev,449,0,350,,,,,,,,,,,,,,,,,,,,,,,,,,,,,,,,,,,,,,,,,,,,,,,,,,,,,,,,,,,,,,,,,,,,,,,,350.0,,,,,,,,,,,,,,,,,,,,,,,,,,,,,,,,,
wo_wtb-ud-test,470,0,319,,,,,,,,,,,,,,,,,,,,,,,,,,,,,,,,,,,,,,,,,,,,,,,,,,,,,,,,,,,,,,,,,,,,,,,,319.0,,,,,,,,,,,,,,,,,,,,,,,,,,,,,,,,,
wo_wtb-ud-train,1188,0,823,,,,,,,,,,,,,,,,,,,,,,,,,,,,,,,,,,,,,,,,,,,,,,,,,,,,,,,,,,,,,,,,,,,,,,,,822.0,,,,,,,,1.0,,,,,,,,,,,,,,,,,,,,,,,,,
cs_pud-ud-test,1000,0,56,,,,,,,,,,,,,,,,,,,,,,,,,,,,,,,,,,,,,,,,,,,,,,,,,,,,,,,,,,,,,,,,1.0,,,,,,,,50.0,,,,,2.0,,,1.0,,,,,,,,,,,,1.0,,,,,,,,,1.0,,,,
orv_ruthenian-ud-test,390,0,145,,,,,1.0,,,,,,,,,,,,,,,,,,1.0,,,,,,,,,,,,,,,,,,,,,,,,,2.0,,,,,,,,,,,,,,,,,,,,,,,,131.0,,,,1.0,4.0,,,,,,,,,,,,,,,,,,,,,,,,5.0,,,,
orv_ruthenian-ud-train,2789,0,1042,,1.0,,,,1.0,,,,,,,,,,,,,4.0,,,,6.0,,,,,,,,,,,,,12.0,,,,,,,,,1.0,,,19.0,,,,,,1.0,,,2.0,,,,1.0,,3.0,,,,,,,,,950.0,,,,3.0,24.0,,,,2.0,,,,,,,,,,,,1.0,,,,,,,1.0,10.0,,,,
orv_ruthenian-ud-dev,344,0,146,,,,,,,,,,,,,,,,,,,,,,,,,,,,,,,,,,,,1.0,,,,,,,,,,,,1.0,,,,,,,,,,,,,,,,1.0,,,,,,,,138.0,,,,,3.0,,,,,,,,,,,,,,,,,,,,,,,1.0,1.0,,,,
ml_ufal-ud-test,218,0,40,,,,,1.0,,,,,,,,,,,,,,,,,,,,,,,,,,,,,,,,,,,,,,,,,,,3.0,,,,,,,,,,,,,,,,,,,,,,,,33.0,,,,,,,,2.0,,,,,,,,,,,,,,,,,,,,,1.0,,,,
apu_ufpa-ud-test,161,0,76,,,,,,,,,,,,,,,,,,,,,,,,,,,,,,,,,,,,,,,,,,,,,,,,18.0,,,,,,,,,,,,,1.0,,,1.0,,,,,,1.0,,51.0,,,,,,,,1.0,2.0,,,,,,,,,,,,,,,,,,,,1.0,,,,
en_gumreddit-ud-train,686,0,606,,,,,,,,,,,,,,,,,,,,,,,,,,,,,,,,,,,,2.0,,,,,,,,,4.0,,,,,,,,,21.0,,,,,,,,,,,,,,,,,,558.0,,,,2.0,19.0,,,,,,,,,,,,,,,,,,,,,,,,,,,,
en_gumreddit-ud-test,105,0,69,,,,,,,,,,,,,,,,,,,,,,,,,,,,,,,,,,,,,,,,,,,,,,,,,,,,,,4.0,,,,,,,,,,,,,,,,,,63.0,,,,,2.0,,,,,,,,,,,,,,,,,,,,,,,,,,,,
en_gumreddit-ud-dev,104,0,83,,,,,,,,,,,,,,,,,,,,,,,,,,,,,,,,,,,,,,,,,,,,,,,,,,,,,,,,,,,,,,,,,,,,,,,,82.0,,,,,1.0,,,,,,,,,,,,,,,,,,,,,,,,,,,,
de_pud-ud-test,1000,0,664,,,,,,1.0,,,,,,,,,,,,,,,,,,,,,,,,,,,,,,2.0,,,,,,,,,,,,,,,,,,90.0,,,,,,,,,,,,,,,,,,518.0,,,,,50.0,,,,1.0,,,,,,,,,,,,,,,,,,,,2.0,,,,
gl_treegal-ud-train,600,0,19,,,,,,,,,,,,,,,,,,,,,,,,,,,,,,,,,,,,2.0,,,,,,,,,,,,,,,,,,,,,,,,,,,,,,,,,,,,17.0,,,,,,,,,,,,,,,,,,,,,,,,,,,,,,,,,
gl_treegal-ud-test,400,0,8,,,,,,,,,,,,,,,,,,,,,,,,,,,,,,,,,,,,,,,,,,,,,,,,,,,,,,,,,,,,,,,,,,,,,,,,8.0,,,,,,,,,,,,,,,,,,,,,,,,,,,,,,,,,
ro_nonstandard-ud-test,1052,0,74,,,,,,,,,,,,,,,,,,,,,,,,,,,,,,,,,,,,,,,,,,,,,,,,,,,,,,,,,,,,,1.0,,,1.0,,,,,,,,63.0,,,,,5.0,,,1.0,1.0,,,,,,,2.0,,,,,,,,,,,,,,,,,
ro_nonstandard-ud-dev,1052,0,71,,,,,,,,,,,,,,,,,,,,,,,,,,,,,,,,,,,,,,,,,,,,,,,,,,,,,,,,,,,,,,,,,,,,,,,,64.0,,,,,2.0,,,,1.0,,,,,,,3.0,,,,,1.0,,,,,,,,,,,,
ro_nonstandard-ud-train,24121,0,2087,,2.0,,,,1.0,,,,,,,,,,,,,17.0,,,,,2.0,,,,,,,,,,,,33.0,,,,,,,,,,,,,,,,,,16.0,5.0,,,,,,14.0,,,72.0,,,,,,,4.0,1524.0,,,,,6.0,,,32.0,223.0,3.0,,,,,,121.0,,,,3.0,2.0,,,,,,,,6.0,1.0,,,
ro_simonero-ud-test,491,0,219,,,,,,1.0,,,,,,,,,,,,,4.0,,,,,,,,,,,,,,,,,4.0,,,,,,,,,,,,8.0,,,,,,2.0,,,30.0,,,,,,,11.0,,,,,,,,111.0,,,,,11.0,,,2.0,31.0,,,,,,,,,,,,1.0,,,,,,,,,,3.0,,
ro_simonero-ud-train,3747,0,2080,,6.0,,,,5.0,,,,,,,,,8.0,,5.0,,18.0,,,,,1.0,,,,,,,,,,,,58.0,,,1.0,,,,,,,,,42.0,,,,,,7.0,,,311.0,,,,,,,71.0,,,,,,,,1093.0,,,,,93.0,,,49.0,260.0,10.0,,,,,,8.0,,,,,,,,,,,,,33.0,,1.0,,
ro_simonero-ud-dev,443,0,204,,,,,,1.0,,,,,,,,,,,,,,,,,,,,,,,,,,,,,,7.0,,,,,,,,,1.0,,,1.0,,,,,,2.0,,,45.0,,,,,,,7.0,,,,,,,,110.0,,,,,5.0,,,1.0,23.0,,,,,,,1.0,,,,,,,,,,,,,,,,,
sq_tsa-ud-test,60,0,21,,,,,,,,,,,,,,,,,,,,,,,,,,,,,,,,,,,,1.0,,,,,,,,,,,,11.0,,,,,,,,,,,,,,,,,,,,,,,,8.0,,,,,,,,,,,,,,,,,,,,,,,,,,,,,1.0,,,,
pt_petrogold-ud-train,7170,0,63,,1.0,,,,,,,,,,,,,,,,,1.0,,,,,,,,,,,,,,,,,3.0,,,,,,,,,,,,,,,,,,,,,,,,,,,,,,,,,,,,41.0,,,,,14.0,,,,2.0,,,,,,,,,,,,,,,,,,,,1.0,,,,
pt_petrogold-ud-test,1039,0,24,,,,,,2.0,,,,,,,,,,,,,,,,,,1.0,,,,,,,,,,,,1.0,,,,,,,,,,,,,,,,,,,,,,,,,,,,2.0,,,,,,,,15.0,,,,,3.0,,,,,,,,,,,,,,,,,,,,,,,,,,,,
pt_petrogold-ud-dev,737,0,10,,,,,,,,,,,,,,,,,,,,,,,,,,,,,,,,,,,,1.0,,,,,,,,,,,,,,,,,,,,,,,,,,,,1.0,,,,,,,,5.0,,,,,1.0,,,1.0,,,,,,,,,,,,,,,,,,,,,1.0,,,,
mr_ufal-ud-dev,46,0,11,,,,,,,,,,,,,,,,,,,,,,,,,,,,,,,,,,,,1.0,,,,,,,,,,,,,,1.0,,,,,,,,,,,,,,,,,,,,,,8.0,,,,,,,,,,,,,,,,,,,,,,,,,,,,,1.0,,,,
mr_ufal-ud-test,47,0,15,,,,,,,,,,,,,,,,,,,,,,,,,,,,,,,,,,,,,,,,,,,,,,,,,,1.0,,,,,,,,,,,,,,,,,,,,,,14.0,,,,,,,,,,,,,,,,,,,,,,,,,,,,,,,,,
mr_ufal-ud-train,373,0,123,,,,,,,,,,,,,,,,,,,,,,,,,,,,,,,,,,,,,,,,,,,,,,,,1.0,,,,,,,,,,,,,,,,,,,,,,,,115.0,,,,,,,,2.0,,,,,,,,,,,,,1.0,,,,,,,,4.0,,,,
pt_gsd-ud-dev,1204,0,11,,,,,,,,,,,,,,,,,,,,,,,,,,,,,,,,,,,,,,,,,,,,,,,,,,,,,,,,,,,,,,,,1.0,,,,,,,,10.0,,,,,,,,,,,,,,,,,,,,,,,,,,,,,,,,,
pt_gsd-ud-test,1200,0,15,,,,,,,,,,,,,,,,,,,,,,,,,,,,,,,,,,,,,,,,,,,,,,,,,,,,,,,,,,,,,,,,,,,,,,,,15.0,,,,,,,,,,,,,,,,,,,,,,,,,,,,,,,,,
pt_gsd-ud-train,9616,0,145,,,,,,,,,,,,,,,,,,,,,,,,,,,,,,,,,,,,,,,,,,,,,,,,,,,,,,,,,,,,,,,,,,,,,,,,128.0,,,,,5.0,,,3.0,7.0,,,,,,,,,,,,,,,,,,,,2.0,,,,
si_stb-ud-test,100,0,19,,,,,,,,,,,,,,,,,,,,,,,,,,,,,,,,,,,,,,,,,,,,,,,,1.0,,,,,,,,,,,,,,,,,,,,,,,,15.0,,,,,,,,3.0,,,,,,,,,,,,,,,,,,,,,,,,,
ro_tuecl-ud-test,210,0,17,,,,,,,,,,,,,,,,,,,,,,,,,,,,,,,,,,,,,,,,,,,,,,,,,,,,,,,,,,,,,,,,,,,,,,,,17.0,,,,,,,,,,,,,,,,,,,,,,,,,,,,,,,,,
ar_padt-ud-dev,909,0,80,,,,,,,,,,,,,,,,,,,,,,,,,,,,,,,,,,,,1.0,,,,,,,,,,,,,,,,,,,,,,,,,,,,17.0,,,,,,,,56.0,,,,,,,,,6.0,,,,,,,,,,,,,,,,,,,,,,,,
ar_padt-ud-train,6075,0,700,,,,,,,,,,,,,,,,,,,1.0,,,,,,,,,,,,,,,,,7.0,,,,,,,,,1.0,,,,,,1.0,,,,,,,,,,,,,198.0,,,,,,,,370.0,,,,,2.0,,,2.0,115.0,,1.0,,,,,,,,,,1.0,,,,,,,,1.0,,,,
ar_padt-ud-test,680,0,83,,,,,,,,,,,,,,,,,,,,,,,,,,,,,,,,,,,,,,,,,,,,,,,,,,,,,,,,,,,,,,,,18.0,,,,,,,,55.0,,,,,,,,1.0,9.0,,,,,,,,,,,,,,,,,,,,,,,,
lt_alksnis-ud-test,684,0,137,,,,,,,,,,,,,,,,,,,,,,,,,,,,,,,,,,,,6.0,,,,,,,,,1.0,,,,,,,,,,,,,,,,,,,11.0,,,,,,,,107.0,,,,,2.0,,,1.0,3.0,,,,,,,,,,,,,,,,,,,,6.0,,,,
lt_alksnis-ud-dev,617,0,93,,,,,,,,,,,,,,,,,,,,,,,,,,,,,,,,,,,,2.0,,,1.0,,,,,,,,,,,,,,,,,,,,,,,,,15.0,,,,,,,,73.0,,,,,2.0,,,,,,,,,,,,,,,,,,,,,,,,,,,,
lt_alksnis-ud-train,2341,0,477,,,,,1.0,,,,,,,,,,,,,,4.0,,,,,1.0,,,,,,,,,,,,11.0,,,,,,,,,,,,,,,,,,,,,,,,,1.0,,,73.0,,,,,,,,348.0,,,,,16.0,,,6.0,8.0,,,,,,,,,,,,,,,,,,,,7.0,,1.0,,
cu_proiel-ud-train,18327,0,4033,,26.0,,,,10.0,,,,9.0,,,,,,,,,12.0,,,,,30.0,,,,,,,,,,,,61.0,,,1.0,,,,,,,,,34.0,,,6.0,,,,,,22.0,,,,,,,4.0,,,,,,,,3407.0,,,,12.0,107.0,,,4.0,2.0,,2.0,,,,,,,,,3.0,15.0,,,,,,,,204.0,5.0,57.0,,
cu_proiel-ud-test,2096,0,464,,1.0,,,,2.0,,,,2.0,,,,,,,,,2.0,,,,,3.0,,,,,,,,,,,,10.0,,,,,,,,,,,,2.0,,,,,,,,,3.0,,,,,,,,,,,,,,,396.0,,,,1.0,22.0,,,1.0,,,,,,,,,,,,1.0,1.0,,,,,,,,15.0,,2.0,,
cu_proiel-ud-dev,2205,0,422,,,,,,1.0,,,,,,,,,,,,,3.0,,,,,4.0,,,,,,,,,,,,8.0,,,,,,,,,,,,2.0,,,,,,,,,1.0,,,,,,,,,,,,,,,364.0,,,,1.0,12.0,,,3.0,,,1.0,,,,,,,,,,,,,,,,,,19.0,,3.0,,
olo_kkpp-ud-test,106,0,36,,,,,,,,,,,,,,,,,,,,,,,,,,,,,,,,,,,,3.0,,,,,,,,,,,,6.0,,,,,,,,,1.0,,,,,,,,,,,,,,,22.0,,3.0,,,,,,1.0,,,,,,,,,,,,,,,,,,,,,,,,,
olo_kkpp-ud-train,19,0,9,,,,,,,,,,,,,,,,,,,,,,,,,,,,,,,,,,,,,,,,,,,,,,,,1.0,,,,,,,,,,,,,,,,,,,,,,,,7.0,,1.0,,,,,,,,,,,,,,,,,,,,,,,,,,,,,,,
hy_bsut-ud-train,1226,0,328,,,,,4.0,3.0,,,,,,,,,,,,,2.0,,,,,1.0,,,,,,,,,,,1.0,13.0,,,,,,,,,,,,,1.0,,,,,,,,2.0,,,,,,,,,,1.0,,,,,254.0,,,,,8.0,,,22.0,3.0,,,,,,,,,,,,1.0,,,,,,,,9.0,,3.0,,
hy_bsut-ud-test,595,0,196,,1.0,,,,,,,,,,,,,,,,,2.0,,,,,3.0,,,,,,,,,,,,4.0,,,,,,,,,,,,,,1.0,,,,,,,2.0,,,,,,,,,,,,,,,150.0,,,,,5.0,,,18.0,1.0,,,,,,,,,,,1.0,1.0,,,,,,,,6.0,,1.0,,
hy_bsut-ud-dev,479,0,151,,2.0,,,3.0,,,,,,,,,,,,,,,,,,,1.0,,,,,,,,,,,,3.0,,,,,,,,,,,,,1.0,,,,,,,,2.0,,,,,,,,,,,,,,,118.0,,,,,6.0,,,12.0,2.0,,,,,,,,,,,,,,,,,,,,1.0,,,,
mdf_jr-ud-test,454,0,116,,,,,,,,,,,,,,,,,,,,,,,,,,,,,,,,,,,,1.0,,,,,,,,,,,,24.0,,,1.0,,,,,,,,,,,,,,,,,,,,,76.0,,6.0,,,,,,6.0,,,,,,,,,,,,,,,,,,,,,2.0,,,,
mdf_jr-ud-train,20,0,8,,,,,,,,,,,,,,,,,,,1.0,,,,,,,,,,,,,,,,,,,,,,,,,,,,,,,,,,,,,,,,,,,,,,,,,,,,,7.0,,,,,,,,,,,,,,,,,,,,,,,,,,,,,,,,,
vep_vwt-ud-test,103,0,90,,,,,,,,,,,,,,,,,,,,,,,,,,,,,,,,,,,,,,,,,,,,,,,,2.0,,,,,,,,,,,,,,,,29.0,,,,,,,,46.0,,13.0,,,,,,,,,,,,,,,,,,,,,,,,,,,,,,,
la_llct-ud-dev,850,0,827,,,,,,,,,,,,,,,,55.0,,,,,,,11.0,,,,,,,,,,,,,,,,,,,,,,,,,466.0,,,,1.0,,,,,,,,,,,,,,,,,,,,253.0,,,,,36.0,,,2.0,1.0,,,,,,,,,,,,,,,,,,,2.0,,,,,
la_llct-ud-test,884,0,781,,,,,,,,,,,,,,,,62.0,,,,,,,1.0,,,,,,,,,,,,,3.0,,,,,,,,,,,,483.0,,,,,,,,,,,,,,,,,,,,,,,,190.0,,,,,37.0,,,1.0,,,,,,,,,,,,,,,,,,,,4.0,,,,,
la_llct-ud-train,7289,0,5866,,2.0,,,1.0,1.0,,,,,,,,,,240.0,,,,,,,62.0,,,,,,,,,,,,,13.0,,,,,,,,,,,,3351.0,,,2.0,8.0,,,,,,,,,2.0,,,2.0,,,,,,,,1802.0,,,,,329.0,,,22.0,4.0,,1.0,,,,,,,,,1.0,1.0,,,,,,,20.0,2.0,,,,
es_pud-ud-test,1000,0,8,,,,,,,,,,,,,,,,,,,,,,,,,,,,,,,,,,,,,,,,,,,,,,,,,,,,,,,,,,,,,,,,,,,,,,,,6.0,,,,,,,,,2.0,,,,,,,,,,,,,,,,,,,,,,,,
en_atis-ud-test,586,0,140,,,,,,1.0,,,,,,,,,,,,,,,,,,,,,,,,,,,,,,,,,,,,,,,,,,,,,,,,,,,,,,,,,,,,,,,,,,136.0,,,,1.0,,,,2.0,,,,,,,,,,,,,,,,,,,,,,,,,
en_atis-ud-train,4274,0,1077,,,,,,,,,,,,,,,,,,,,,,,,,,,,,,,,,,,,,,,,,,,,,,,,,,,,,,3.0,,,,,,,2.0,,,1.0,,,,,,,,1066.0,,,,,,,,4.0,1.0,,,,,,,,,,,,,,,,,,,,,,,,
en_atis-ud-dev,572,0,160,,,,,,,,,,,,,,,,,,,,,,,,,,,,,,,,,,,,,,,,,,,,,,,,,,,,,,,,,,,,,,,,,,,,,,,,160.0,,,,,,,,,,,,,,,,,,,,,,,,,,,,,,,,,
hsb_ufal-ud-test,623,0,58,,,,,,1.0,,,,,,,,,,,,,,,,,1.0,,,,,,,,,,,,,1.0,,,,,,,,,,,,,,,,,,,,,2.0,,,,,,,,,,,,,,,51.0,,,,,,,,1.0,,,,,,,,,,,,,,,,,,,,,1.0,,,,
hsb_ufal-ud-train,23,0,2,,,,,,,,,,,,,,,,,,,,,,,,,,,,,,,,,,,,,,,,,,,,,,,,,,,,,,,,,,,,,,,,,,,,,,,,2.0,,,,,,,,,,,,,,,,,,,,,,,,,,,,,,,,,
fi_tdt-ud-train,12217,0,3936,,,,,2.0,21.0,,,,,,,,,,,,,3.0,,,,,19.0,,,,,,,,,,2.0,,31.0,,,,,,,,,,,,777.0,,,2.0,,,,,,3.0,,,,,,,5.0,,,,,,,,2076.0,,681.0,,4.0,,,,226.0,23.0,,,,,,,,,,,,1.0,,,,,,,,59.0,,1.0,,
fi_tdt-ud-test,1555,0,578,,,,,,5.0,,,,,,,,,,,,,,,,,,4.0,,,,,,,,,,,,7.0,,,,,,,,,,,,91.0,,,,,,,,,,,,,,,,1.0,,,,,,,,304.0,,120.0,,,,,,37.0,3.0,,,,,,,,,,,,,,,,,,,,6.0,,,,
fi_tdt-ud-dev,1364,0,480,,,,,,2.0,,,,,,,,,,,,,,,,,,7.0,,,,,,,,,,,,2.0,,,,,,,,,,,,90.0,,,,,,,,,,,,,,,,2.0,,,,,,,,252.0,,81.0,,1.0,,,,30.0,2.0,,,,,,,,,,,,,,,,,,,,9.0,2.0,,,
sr_set-ud-test,520,0,62,,,,,,,,,,,,,,,,,,,,,,,,,,,,,,,,,,,,,,,,,,,,,,,,,,,,,,,,,,,,,,,,,,,,,,,,62.0,,,,,,,,,,,,,,,,,,,,,,,,,,,,,,,,,
sr_set-ud-train,3328,0,435,,1.0,,,,,,,,,,,,,,,,,,,,,,,,,,,,,,,,,,4.0,,,,,,,,,,,,2.0,,3.0,,,,,,,6.0,,,,,,,,,,,,,,,402.0,,,,,,,,8.0,4.0,,,,,,,,,,,1.0,,,,,,,,,4.0,,,,
sr_set-ud-dev,536,0,66,,1.0,,,,,,,,,,,,,,,,,1.0,,,,,,,,,,,,,,,,,1.0,,,,,,,,,,,,,,,,,,,,,,,,,,,,,,,,,,,,60.0,,,,,,,,2.0,,,,,,,,,,,,,1.0,,,,,,,,,,,,
ar_pud-ud-test,1000,0,155,,,,,,3.0,,,,,,,,,,,,,,,,,,,,,,,,,,,,,,1.0,,,,,,,,,,,,30.0,,,,,,,,,,,,,,,,2.0,,,,,,,,98.0,,,,,7.0,,,8.0,1.0,,,,,,,,,,,,,,,,,,,,5.0,,,,
myv_jr-ud-test,921,0,343,,,,,,,,,,,,,,,1.0,,5.0,,2.0,,,,,,,,,,,,,,,,,5.0,,,,,,,,,1.0,,,85.0,,,,,,3.0,,,3.0,,,,,,,2.0,,,,,,,,186.0,,4.0,,,,,,27.0,8.0,,,,,,,,,,,,1.0,,,,,,,,9.0,,1.0,,
myv_jr-ud-train,1217,0,334,,2.0,,,,2.0,,,,,,,,,2.0,,1.0,,,,,,,3.0,,,,,,,,,,,,4.0,,,,,,,,,,,,44.0,,,,,,5.0,,,2.0,,,,,,,1.0,,,,,,,,218.0,,13.0,,,,,,15.0,7.0,,,,,,,,,,,2.0,,,,,,,,,9.0,4.0,,,
tr_framenet-ud-test,205,0,269,,,,,,5.0,,,,,,,,,,,3.0,,,,,,,,,,,,,,,88.0,,,,,,,2.0,,,,,,,,,,,1.0,,,,,,,,,,,,,,35.0,,,,,,,,88.0,,,,,,,,31.0,9.0,,,,,,,,,,,,4.0,,,,,,,,2.0,1.0,,,
tr_framenet-ud-train,2288,0,3159,,15.0,,,,90.0,,,,,,,,,,,35.0,,,,,1.0,,5.0,,,,,,,,916.0,,,,22.0,,,30.0,,,,,,,,,,,5.0,,,,,,,,3.0,,,,,,489.0,,,,,,,,905.0,,,,,,3.0,,439.0,125.0,,,,,,,,,,,,15.0,,,,,,,,29.0,5.0,27.0,,
tr_framenet-ud-dev,205,0,278,,3.0,,,,6.0,,,,,,,,,,,3.0,,,,,,,2.0,,,,,,,,108.0,,,,1.0,,,2.0,,,,,,,,,,,,,,,,,,,,,,,,,37.0,,,,,,,,72.0,,,,,,,,26.0,11.0,,,,,,,,,,,,3.0,,,,,,,,1.0,,3.0,,
bho_bhtb-ud-test,357,0,210,,1.0,,,,,,,,,,,,,,,12.0,,,,,,,,,,,,,,,80.0,,,,,,,,,,,,,,,,,,,,,,,,,,,,,2.0,,,63.0,,,,,,,,39.0,,,,,,,,3.0,10.0,,,,,,,,,,,,,,,,,,,,,,,,
af_afribooms-ud-train,1315,0,490,,,,,,,,,,,,,,,,,2.0,,,,,,,,,,,,,,,,,,,9.0,,,,,,,,,3.0,,,1.0,,,,,,,,,,,,,,,,,,,,,,,,371.0,,,,,31.0,,,70.0,3.0,,,,,,,,,,,,,,,,,,,,,,,,
af_afribooms-ud-dev,194,0,78,,,,,,,,,,,,,,,,,1.0,,,,,,,,,,,,,,,,,,,3.0,,,,,,,,,,,,,,,,,,,,,,,,,,,,1.0,,,,,,,,56.0,,,,,5.0,,,10.0,1.0,,,,,,,,,,,,,,,,,,,,1.0,,,,
af_afribooms-ud-test,425,0,118,,,,,,,,,,,,,,,,,,,,,,,,,,,,,,,,,,,,,,,,,,,,,1.0,,,,,,,,,,,,,,,,,,,,,,,,,,,100.0,,,,,8.0,,,8.0,1.0,,,,,,,,,,,,,,,,,,,,,,,,
it_pud-ud-test,1000,0,6,,,,,,,,,,,,,,,,,,,,,,,,,,,,,,,,,,,,,,,,,,,,,,,,,,,,,,,,,,,,,,,,,,,,,,,,4.0,,,,,,,,1.0,1.0,,,,,,,,,,,,,,,,,,,,,,,,
ky_ktmu-ud-train,80,0,13,,,,,,,,,,,,,,,,,1.0,,,,,,,,,,,,,,,,,,,,,,,,,,,,,,,,,,,,,,,,,,,,,,,5.0,,,,,,,,7.0,,,,,,,,,,,,,,,,,,,,,,,,,,,,,,,,,
ky_ktmu-ud-test,701,0,70,,,,,,,,,,,,,,,,,,,,,,,,,,,,,,,,,,,,,,,3.0,,,,,,,,,,,,,,,,,,,,,,,,,24.0,,,,,,,,38.0,,,,,,,,3.0,,,,,,,,,,,,,,,,,,,,,2.0,,,,
la_proiel-ud-test,1260,0,531,,10.0,,,,1.0,,,,1.0,,,,,,,,,,,,,,2.0,,,,,,,,,,,,6.0,,,,,,,,,,,,7.0,,,,,,,,,,,,,,,,2.0,,,,,,,,417.0,,,,3.0,57.0,,,1.0,1.0,,,,,,,,,,,1.0,1.0,,,,,,,,21.0,,,,
la_proiel-ud-dev,1233,0,580,,4.0,,,,,,,,1.0,,,,,,,,,2.0,,,,,5.0,,,,,,,,,,,,2.0,,,,,,,1.0,,,,,5.0,,,,,,,,,,,,,,,,1.0,,,,,,,,467.0,,,,3.0,70.0,,,1.0,1.0,,,,,,,,,,,,,,,,,,,,15.0,,2.0,,
la_proiel-ud-train,16196,0,6989,,88.0,,,,14.0,,,,14.0,,,,,,,,,11.0,,,,,60.0,,,,,,,,,,,,99.0,,,2.0,,,,3.0,,,,,49.0,,,16.0,,,,,,1.0,,,,,,1.0,9.0,,,,,,,,5498.0,,,,48.0,807.0,,,23.0,6.0,,3.0,,,,,,,,,3.0,8.0,,,,,,,,216.0,,10.0,,
kpv_ikdp-ud-test,214,0,96,,,,,,,,,,,,,,,,,,,1.0,,,,,,,,,,,,,,,,,3.0,,,,,,,,,,,,11.0,,,1.0,,,,,,,,,,,,,4.0,,,,,,,,61.0,,2.0,,,,,,8.0,2.0,,,,,,,,,,,,1.0,,,,,,,1.0,1.0,,,,
kpv_lattice-ud-test,643,0,288,,,,,1.0,1.0,,,,,,,,,,,1.0,,,,,,,,,,,,,,,2.0,,,,4.0,,,,,,,,,,,,67.0,,1.0,,,,,,,,,,,,,,4.0,,,,1.0,,2.0,,144.0,,31.0,,,,,,13.0,5.0,,,,,2.0,,,,,2.0,,3.0,,,,,,,,4.0,,,,
kpv_lattice-ud-train,20,0,15,,,,,,,,,,,,,,,,,,,,,,,,,,,,,,,,,,,,,,,,,,,,,,,,3.0,,,,,,,,,,,,,,,,,,,,,,,,11.0,,,,,,,,,1.0,,,,,,,,,,,,,,,,,,,,,,,,
tt_nmctt-ud-test,148,0,21,,,,,,,,,,,,,,,,,,,1.0,,,,,,,,,,,,,,,,,,,,,,,,,,,,,,,,,,,,,,,,,,,,,8.0,,,,,,,,10.0,,,,,,,,,2.0,,,,,,,,,,,,,,,,,,,,,,,,
tr_gb-ud-test,2880,0,452,,,,,,,,,,,,,,,,,,,,,,,1.0,1.0,,,,,,,,,,,7.0,10.0,,,3.0,,,,,,,,,1.0,,,1.0,,,,,,1.0,,,,,,,39.0,,,,,,,,296.0,,1.0,,,,,,20.0,30.0,,,,,,,,,,10.0,,,,,,,,,,28.0,,3.0,,
br_keb-ud-test,884,0,43,,,,,,,,,,,,,,,,,,,,,,,,,,,,,,,,,,,,,,,,,,,,,,,,,,,,,,,,,,,,,,,,,,,,,,,,43.0,,,,,,,,,,,,,,,,,,,,,,,,,,,,,,,,,
sv_lines-ud-dev,1032,0,816,,,,,2.0,,,,,,,,,,,,,,2.0,,,,,,,,,,,,,,,,,2.0,,,,,,,,,,,,1.0,,,1.0,,,,,,,,,,,,,6.0,,,,,,,,783.0,,,,,11.0,,,,1.0,,,,,,,,,,,,2.0,,,,,,,1.0,4.0,,,,
sv_lines-ud-train,3176,0,2560,,,,,1.0,,,,,,,,,,,,,,,,,,,3.0,,,,,,,,,,,,13.0,,,1.0,,,,,,2.0,,,1.0,,,3.0,,,,,,,,,,,,,11.0,,,,,,,,2451.0,,,,,59.0,,,5.0,2.0,,,,,,,,,,,,,,,,,,,,6.0,,2.0,,
sv_lines-ud-test,1035,0,780,,,,,,,,,,,,,,,,,,,,,,,,2.0,,,,,,,,,,,,3.0,,,,,,,,,,,,1.0,,1.0,3.0,,,,,,,,,,,,,4.0,,,,,,,,746.0,,,,,19.0,,,,,,,,,,,,,,,,,,,,,,,,1.0,,,,
grc_proiel-ud-test,1047,0,317,,3.0,,,,1.0,,,,,,,,,,,,,1.0,,,,,,,,,,,,,,,,,8.0,,,,,,,,,,,,3.0,,,2.0,,,,,,,,,,,,,,,,,,,,,265.0,,,,,20.0,,,1.0,,,,,,,,,,,,,1.0,,,,,,,,11.0,1.0,,,
grc_proiel-ud-train,15016,0,4191,,20.0,,,,26.0,,,,12.0,,,,,,,1.0,,16.0,,,,,43.0,,,,,,,,,,,,90.0,,,,,,,,,,,,21.0,,,7.0,,,,,,,,,,,,,3.0,,,,,,,,3367.0,,,,14.0,344.0,,,3.0,6.0,,1.0,,,,,,,,,4.0,11.0,,,,,,,,181.0,,21.0,,
grc_proiel-ud-dev,1019,0,300,,3.0,,,,,,,,1.0,,,,,,,,,,,,,,4.0,,,,,,,,,,,,2.0,,,,,,,,,,,,3.0,,,,,,,,,,,,,,,,,,,,,,,,240.0,,,,,32.0,,,,,,,,,,,,,,,,,,,,,,,,12.0,,3.0,,
nds_lsdc-ud-train,500,0,837,,,,,1.0,,,,,,,,,,,,,,,,,,,4.0,,,,,,,,,,,,5.0,,,1.0,,,,,,,,,11.0,,1.0,,,,10.0,3.0,,,,,,,1.0,,7.0,,,,,,,,772.0,,,,,1.0,,,7.0,5.0,,,,,,,,,,,,4.0,,,,,,,,3.0,1.0,,,
nds_lsdc-ud-test,500,0,836,,,,,,1.0,,,,,,,,,,,,,3.0,,,,,4.0,,,,,,,,,,,,7.0,,,,,,,,,,,,4.0,,,,,,25.0,,,,,,,,,,9.0,,,,,,,,760.0,,,,,2.0,,,10.0,4.0,,,,,,,,,,,,1.0,,,,,,,2.0,1.0,1.0,2.0,,
en_gum-ud-train,9521,0,5486,1.0,,,,2.0,1.0,,,,,,,,,,,,,3.0,,,,,1.0,,,,,,,,,,,,11.0,,,1.0,,,,,,12.0,,,,,1.0,1.0,,,96.0,,,,,,,,,,,,,,,,,,5145.0,,,,6.0,170.0,,,,1.0,,,,,,,,,,,,1.0,,,,,,,32.0,1.0,,,,
en_gum-ud-test,1285,0,691,1.0,,,,,,,,,,,,,,,,,,,,,,,1.0,,,,,,,,,,,,,,,,,,,,,7.0,,,,,,,,,12.0,,,,,,,,,,,,,,,,,,635.0,,,,1.0,28.0,,,,,,,,,,,,,,,,,,,,,,,4.0,2.0,,,,
en_gum-ud-dev,1341,0,912,,,,,,,,,,,,,,,,,,,2.0,,,,,,,,,,,,,,,,,6.0,,,,,,,,,4.0,,,,,,,,,16.0,,,,,,,,,,,,,,,,,,845.0,,,,2.0,32.0,,,,,,,,,,,,,,,,,,,,,,,3.0,2.0,,,,
fo_oft-ud-test,1208,0,199,,,,,,,,,,,,,,,,,,,,,,,,1.0,,,,,,,,,,,,,,,,,,,,,,,,1.0,,,,,,19.0,,,,,,,,,,,,,,,,,,177.0,,,,,,,,,,,,,,,,,,,,,,,,,,,,,1.0,,,,
ru_taiga-ud-train,16045,0,4912,,4.0,,,,2.0,,,,,,,,,24.0,,,,7.0,,,1.0,1.0,29.0,,,,,,,,,,,,74.0,,8.0,,,,,,,,,,20.0,,,3.0,,,,,,35.0,,,,1.0,,25.0,2.0,,,,,,,,4440.0,,,,,93.0,,,7.0,18.0,,,,,,,,,,,1.0,26.0,,,,,,,5.0,77.0,,9.0,,
ru_taiga-ud-dev,946,0,409,,,,,,,,,,,,,,,2.0,,,,1.0,,,,,,,,,,,,,,,,,8.0,,,,,,,,,,,,4.0,,,,,,,,,,,,,,,,,,,,,,,,378.0,,,,,3.0,,,,,,,,,,,,,,,,5.0,,,,,,,,8.0,,,,
ru_taiga-ud-test,881,0,286,,,,,,1.0,,,,,,,,,,,,,,,,1.0,,,,,,,,,,,,,,3.0,,,,,,,,,,,,,,,,,,2.0,,,1.0,1.0,,,1.0,,2.0,,,,,,,,,254.0,,,,,4.0,,,,2.0,,,,,,,,,,,1.0,3.0,,,,,,,,9.0,,1.0,,
fi_pud-ud-test,1000,0,509,,,,,,1.0,,,,,,,,,1.0,,,,1.0,,,,,3.0,,,,,,,,,,,,3.0,,,,,,,,,,,,86.0,,,1.0,,,,,,,,,,,,,,,,,,,,,313.0,,75.0,,,,,,24.0,,,,,,,,,,,,,,,,,,,,,1.0,,,,
en_lines-ud-train,3176,0,1945,,,,,,,,,,,,,,,,,,,1.0,,,,,,,,,,,,,,,,,12.0,,,,,,,,,1.0,,,,,,,,,,,,5.0,,,,,,,32.0,,,,,,,,1755.0,,,,1.0,78.0,,,19.0,34.0,,,,,,,,,,,,2.0,,,,,,,,5.0,,,,
en_lines-ud-dev,1032,0,624,,,,,,,,,,,,,,,,,,,1.0,,,,,,,,,,,,,,,,,4.0,,,,,,,,,,,,,,1.0,,,,,,,2.0,,,,,,,16.0,,,,,,,,564.0,,,,,19.0,,,5.0,10.0,,,,,,,,,,,,1.0,,,,,,,,1.0,,,,
en_lines-ud-test,1035,0,573,,,,,,1.0,,,,,,,,,,,,,1.0,,,1.0,,,,,,,,,,,,,,5.0,,,,,,,,,,,,,,,,,,,,,1.0,,,,,,,7.0,,,,,,,,528.0,,,,,14.0,,,3.0,9.0,,,,,,,,,,,,,,,,,,,,3.0,,,,
ga_idt-ud-train,4005,0,22711,,15.0,,,73.0,187.0,,,,,,,,,5.0,,2568.0,,181.0,,,1.0,1.0,79.0,,,,,,,,4.0,,,,2019.0,,,,6.0,17.0,,,,,,,,,5.0,33.0,,,,,,817.0,34.0,8.0,76.0,,24.0,,3162.0,,,,,,,,3088.0,,,,5.0,,3.0,,2960.0,5709.0,,,,,,,,,,362.0,4.0,178.0,,,,,,,,612.0,,56.0,419.0,
ga_idt-ud-test,454,0,2330,,3.0,,,7.0,22.0,,,,,,,,,1.0,,191.0,,45.0,,,,,15.0,,,,,,,,,,,,133.0,,,,1.0,5.0,,,,,,,,,,5.0,,,,,,73.0,6.0,8.0,55.0,,14.0,,380.0,,,,,,,,342.0,,,,1.0,,,,260.0,532.0,,,,,,,,,,36.0,2.0,23.0,,,,,,,,98.0,,9.0,63.0,
ga_idt-ud-dev,451,0,2086,,1.0,,,6.0,21.0,,,,,,,,,1.0,,207.0,,31.0,,,,,10.0,,,,,,,,,,,,127.0,,,,,4.0,,,,,,,,,,,,,,,,89.0,5.0,,3.0,,,,309.0,,,,,,,,312.0,,,,1.0,,,,246.0,510.0,,,,,,,,,,54.0,,34.0,,,,,,,,81.0,,10.0,24.0,
en_ewt-ud-test,2077,0,1001,1.0,,,,,,,,,,,,,,,,,,,,,,,,,,,,,,,,,,,2.0,,,,,,,,,,,,3.0,,,,,,18.0,,,,,,,1.0,,,,,,,,,,,913.0,,,,1.0,26.0,,,36.0,,,,,,,,,,,,,,,,,,,,,,,,,
en_ewt-ud-dev,2001,0,1033,,,,,,,,,,,,,,,,,,,,,,,,,,,,,,,,,,,,3.0,,,,,,,,,,,,1.0,,,,,,23.0,,,,,,,3.0,,,,,,,,,,,937.0,,,,2.0,33.0,,,30.0,,,,,,,,,,,,,,,,,,,,1.0,,,,,
en_ewt-ud-train,12544,0,8509,,1.0,,,,3.0,,,,,,,,,,,,,3.0,,,,,3.0,,,,,,,,,,,,55.0,,,,,,,,,,,,8.0,,,,,,209.0,,,,,,,11.0,,,,,,,,,,,7805.0,,,,10.0,283.0,,,105.0,,,,,,,,,,,,,4.0,,,,,,,2.0,6.0,,1.0,,
ro_art-ud-test,50,0,5,,,,,,,,,,,,,,,,,,,,,,,,,,,,,,,,,,,,,,,,,,,,,,,,,,,,,,,,,,,,,,,,,,,,,,,,5.0,,,,,,,,,,,,,,,,,,,,,,,,,,,,,,,,,
ceb_gja-ud-test,188,0,64,,,,,,,,,,,,,,,,,,,,,,,,,,,,,,,,,,,,,,,,,,,,,,,,,,,,,,,,,,,,,,,,,,,,,,,,60.0,,,,,,,,3.0,,,,,,,,,,,,,,,,,,,,,1.0,,,,
cs_cltt-ud-dev,316,0,4,,,,,,,,,,,,,,,,,,,,,,,,,,,,,,,,,,,,,,,,,,,,,,,,,,,,,,,,,,,,,,,,2.0,,,,,,,,2.0,,,,,,,,,,,,,,,,,,,,,,,,,,,,,,,,,
cs_cltt-ud-train,467,0,1545,,2.0,,,9.0,13.0,,,,,,,,,,,482.0,,31.0,,,,2.0,1.0,,,,,,,,,,,,269.0,,,,,,,,,15.0,,,35.0,,,,,,,,,,,,,,,,21.0,,,,,,,,435.0,,,,,119.0,4.0,1.0,34.0,1.0,,2.0,,,,,,,,,,,,,,,,,,59.0,,10.0,,
cs_cltt-ud-test,338,0,3,,,,,,,,,,,,,,,,,,,,,,,,,,,,,,,,,,,,,,,,,,,,,,,,,,,,,,,,,,,,,,,,1.0,,,,,,,,2.0,,,,,,,,,,,,,,,,,,,,,,,,,,,,,,,,,
tl_trg-ud-test,128,0,24,,,,,,,,,,,,,,,,,,,,,,,,,,,,,,,,,,,,,,,,,,,,,,,,1.0,,,,,,,,,,,,,,,,,,,,,,,,16.0,,,1.0,,2.0,,,1.0,,,,,,,,,,,,,,,,,,,,,3.0,,,,
hy_armtdp-ud-train,1974,0,878,,,,,,3.0,,,,,,,,,1.0,,,,11.0,,,,,6.0,,,,,,,,,,,1.0,29.0,,,1.0,,,,,,1.0,,,,,1.0,1.0,,,2.0,,,38.0,1.0,,,,,1.0,,,,,,,,,661.0,4.0,,,,16.0,,,71.0,9.0,,,,,,,,,,,,6.0,,,,,,,,10.0,,4.0,,
hy_armtdp-ud-dev,249,0,106,,1.0,,,,1.0,,,,,,,,,,,,,2.0,,,,,,,,,,,,,,,,,5.0,,,,,,,,,,,,,,1.0,,,,,,,5.0,,,,,,,,,,,,,,,77.0,,,,,1.0,,,8.0,1.0,,,,,,,,,,,,3.0,,,,,,,,1.0,,,,
hy_armtdp-ud-test,277,0,62,,,,,,,,,,,,,,,,,,,,,,,,,,,,,,,,,,,,2.0,,,,,,,,,,,,,,,,,,,,,2.0,,,,,,,,,,,,,,,41.0,,,,,8.0,,,3.0,,,,,,,,,,,,,1.0,,,,,,,,4.0,,1.0,,
mk_mtb-ud-test,155,0,35,,,,,,,,,,,,,,,,,,,,,,,,,,,,,,,,,,,,,,,,,,,,,,,,,,,,,,1.0,,,,,,,,,,,,,,,,,,30.0,,,,,1.0,,,1.0,2.0,,,,,,,,,,,,,,,,,,,,,,,,
is_gc-ud-test,540,0,355,,,,,1.0,4.0,,,,,,,,,,,,,,,,,,2.0,,,,,,,,,,,,3.0,,,,,,,,,,,,,,,,,,22.0,,,,,,,,,,40.0,,,,,,,,252.0,,,,,,,,4.0,21.0,,,,,,,,,,,,,,,,,,,,5.0,,1.0,,
is_gc-ud-train,3960,0,2863,,,,,2.0,16.0,,,,,,,,,,,,,,,,,,4.0,,,,,,,,,,,,29.0,,,,,,,,,2.0,,,,,,,,,120.0,,,,,,,1.0,,,394.0,,,,,,,,2070.0,,,,,,,,16.0,117.0,,,,,,,,,,,,,,,,,,,,73.0,,19.0,,
is_gc-ud-dev,500,0,394,,,,,3.0,3.0,,,,,,,,,,,,,,,,,,,,,,,,,,,,,,2.0,,,,,,,,,,,,,,,,,,17.0,,,,,,,,,,56.0,,,,,,,,285.0,,,,,,,,4.0,11.0,,,,,,,,,,,,,,,,,,,,12.0,,1.0,,
ota_boun-ud-train,114,0,28,,,,,,,,,,,,,,,,,1.0,,,,,,,,,,,,,,,,,,,2.0,,,,,,,,,,,,,,,,,,,,,,,,,,,,1.0,,,,,,2.0,,18.0,,,,,,,,,3.0,,,,,,,,,,,,,,,,,,,,1.0,,,,
ota_boun-ud-test,400,0,57,,,,,,,,,,,,,,,,,4.0,,,,,,,,,,,,,,,,,,,,,,,,,,,,1.0,,,,,,,,,,,,,,,,1.0,,,1.0,,,,,,4.0,,31.0,,,,,,,,,11.0,,,,,,,,,,,,,,,,,,,,4.0,,,,
et_edt-ud-dev,3128,0,1082,,2.0,,,1.0,5.0,,,,,,,,,,,1.0,,,,,,,7.0,,,,,,,,,,,,13.0,,,,,,,,,,,,,,,,,,,,,,,,,,,,37.0,,,,,,,,748.0,,184.0,,,,,,53.0,15.0,,,,,,,,,,,,4.0,,,,,,,,10.0,1.0,1.0,,
et_edt-ud-train,24615,0,7906,,6.0,,,8.0,32.0,,,,,,,,,,,10.0,,7.0,,,,,45.0,,,,,,,,,,,,86.0,,,1.0,,2.0,,,,2.0,,,3.0,,,,,,,,,1.0,,,,,,,255.0,,,,,,,,5452.0,,1433.0,,,,,,331.0,77.0,,,,,,,,,,,,16.0,,,,,,,,132.0,4.0,3.0,,
et_edt-ud-test,3214,0,1124,,2.0,,,2.0,7.0,,,,,,,,,,,2.0,,,,,,,3.0,,,,,,,,,,,,10.0,,,1.0,,,,,,,,,,,,,,,,,,,,,,,,,25.0,,,,,,,,758.0,,230.0,,,,,,51.0,14.0,,,,,,,,,,,,1.0,,,,,,,,18.0,,,,
ru_syntagrus-ud-train,69630,0,27911,,8.0,,,6.0,21.0,,,,,,,,,147.0,,17.0,,76.0,,,,410.0,44.0,,,,,,,,,,,,183.0,,,1.0,,,,,,,,,14.0,,,1.0,,,31.0,,,127.0,,,6.0,,,103.0,25.0,,,,,,,,24933.0,,,,2.0,1190.0,,,,94.0,,,,,,,,,,,1.0,125.0,,,,,,,,346.0,,,,
ru_syntagrus-ud-dev,8906,0,3571,,3.0,,,,3.0,,,,,,,,,12.0,,2.0,,16.0,,,1.0,50.0,3.0,,,,,,,,,,,,36.0,,,,,,,,,,,,1.0,,,,,,5.0,,,26.0,,,2.0,,,5.0,4.0,,,,,,,,3201.0,,,,,139.0,,,,16.0,,,,,,,,,,,1.0,9.0,,,,,,,,36.0,,,,
ru_syntagrus-ud-test,8800,0,3931,,1.0,,,,3.0,,,,,,,,,21.0,,3.0,,7.0,,,,52.0,7.0,,,,,,,,,,,,35.0,,,,,,,,,,,,2.0,,,,,,1.0,,,15.0,,,1.0,,,21.0,6.0,,,,,,,,3522.0,,,,,143.0,,,,14.0,,,,,,,,,,,1.0,21.0,,,,,,,,53.0,,2.0,,
grc_ptnk-ud-train,727,0,277,,,,,2.0,1.0,,,,,,,,,,,,,1.0,,,,,3.0,,,,,,,,,,,,3.0,,,,,,,,,,,,25.0,,,14.0,,,,,,,,,,,,,3.0,,,,,,,,202.0,,,,1.0,9.0,,,,13.0,,,,,,,,,,,,,,,,,,,,,,,,
grc_ptnk-ud-dev,439,0,125,,,,,,,,,,,,,,,,,,,,,,,,,,,,,,,,,,,,1.0,,,,,,,,,,,,6.0,,,6.0,,,,,,,,,,,,,,,,,,,,,96.0,,,,4.0,4.0,,,1.0,6.0,,,,,,,,,,,,,,,,,,,,1.0,,,,
grc_ptnk-ud-test,410,0,144,,,,,,,,,,,,,,,,,,,3.0,,,,,8.0,,,,,,,,1.0,,,,,,,,,,,,,,,,10.0,,,1.0,,,,,,,,,,,,,,,,,,,,,106.0,,,,2.0,1.0,,,,11.0,,,,,,,,,,,,1.0,,,,,,,,,,,,
sv_pud-ud-test,1000,0,305,,,,,,2.0,,,,,,,,,,,,,,,,,,,,,,,,,,,,,,1.0,,,,,,,,,,,,1.0,,,,,,,,,,,,,,,,,,,,,,,,275.0,,,,,18.0,,,1.0,7.0,,,,,,,,,,,,,,,,,,,,,,,,
akk_riao-ud-test,1874,0,1118,,,,,3.0,,,,,,,,,,,,335.0,,360.0,,,,,,,,,,,,,,,,,104.0,,,,,,,,,,,,,,,,,,,,,,,,,,,,,,,,,,1.0,,74.0,,,,,,,,186.0,11.0,,,,,,,,,,,,,,,,,,,,43.0,1.0,,,
pt_bosque-ud-dev,1172,0,90,,,,,,,,,,,,,,,,,,,2.0,,,,,,,,,,,,,,,,,1.0,,,,,,,,,,,,,,,1.0,,,,,,,,,,,,,,,,,,,,,76.0,,,,,4.0,,,,5.0,,,,,,,,,,,,,,,,,,,,1.0,,,,
pt_bosque-ud-test,1167,0,72,,,,,,,,,,,,,,,,,,,1.0,,,,,,,,,,,,,,,,,2.0,,,,,,,,,,,,,,,,,,,,,,,,,,,,1.0,,,,,,,,59.0,,,,,2.0,,,1.0,4.0,,,,,,,,,,,,,,,,,,,,1.0,1.0,,,
pt_bosque-ud-train,7018,0,372,,,,,1.0,3.0,,,,,,,,,,,,,6.0,,,,,,,,,,,,,,,,,2.0,,,,,,,,,,,,,,,1.0,,,,,,,,,,,,,5.0,,,,,,,,320.0,,,,,14.0,,,2.0,11.0,,,,,,,,,,,,1.0,,,,,,,,6.0,,,,
orv_birchbark-ud-train,1045,0,59,,,,,,,,,,,,,,,,,,,,,,,,,,,,,,,,,,,,2.0,,,1.0,,,,,,2.0,,,2.0,,,1.0,,,,,,,,,,,,,,,,,,,,,43.0,,,,,,,,,,,,,,,,,,,,,,,,,,,,,8.0,,,,
orv_birchbark-ud-dev,1062,0,123,,,,,,1.0,,,,,,,,,,,,,,,,,,1.0,,,,,,,,,,,,5.0,,,,,,,,,2.0,,,6.0,,,2.0,,,,,,1.0,,,,,,,,,,,,,,,97.0,,,,,,,,,,,,,,,,,,,,,1.0,,,,,,,,7.0,,,,
orv_birchbark-ud-test,1007,0,117,,,,,,,,,,,,,,,,,,,,,,,,,,,,,,,,,,,,5.0,,,,,,,,,1.0,,,3.0,,,4.0,,,,,,,,,,1.0,,,,,,,,,,,98.0,,,,,1.0,,,,,,,,,,,,,,,,,,,,,,,,4.0,,,,
nl_lassysmall-ud-test,1761,0,191,,,,,,2.0,,,,,,,,,,,,,,,,,,,,,,,,,,,,,,,,,,,,,,,,,,,,,,,,,,,,,,,1.0,,,,,,,,,,,173.0,,,,1.0,14.0,,,,,,,,,,,,,,,,,,,,,,,,,,,,
nl_lassysmall-ud-dev,1542,0,364,,,,,,4.0,,,,,,,,,,,,,,,,,,,,,,,,,,,,,,2.0,,,,,,,,,,,,,,,,,,,,,4.0,,,,,,,1.0,,,,,,,,337.0,,,,,15.0,,,,,,,,,,,,,,,,1.0,,,,,,,,,,,,
nl_lassysmall-ud-train,13817,0,1855,,1.0,,,,1.0,,,,,,,,,,,,,,,,,,,,,,,,,,,,,,3.0,,,,,,,,,,,,,,,,,,,,,,1.0,,,,,,1.0,,,,,,,,1729.0,,,,,109.0,,,2.0,,,1.0,,,,,,,,,,2.0,,,,,,,,4.0,,1.0,,
is_icepahc-ud-dev,4865,0,8719,,8.0,,,14.0,88.0,,,,,,,,,,,15.0,,101.0,,,,,93.0,,,,,,,,,,,,110.0,,,,,,,,,5.0,,,107.0,,,,,,243.0,,,,,,,10.0,,,61.0,,,,,,364.0,,6608.0,,,,,,,,473.0,211.0,,,,,,,,,,,,14.0,,,,,,,,92.0,42.0,60.0,,
is_icepahc-ud-train,34007,0,40838,,35.0,,,80.0,347.0,,,,,,,,,,,25.0,,505.0,,,,,305.0,,,,,,,,,,,,344.0,,,,,,,,,18.0,,,465.0,,,,,,592.0,,,,,,,38.0,,,241.0,,,,,,1556.0,,32557.0,,,,,,,,2129.0,647.0,,,,,,,,,,,,58.0,,,,,,,,524.0,106.0,266.0,,
is_icepahc-ud-test,5157,0,7974,,8.0,,,19.0,85.0,,,,,,,,,,,12.0,,100.0,,,,,77.0,,,,,,,,,,,,76.0,,,,,,,,,2.0,,,102.0,,,,,,124.0,,,,,,,6.0,,,55.0,,,,,,292.0,,6315.0,,,,,,,,410.0,153.0,,,,,,,,,,,,18.0,,,,,,,,54.0,20.0,46.0,,
de_lit-ud-test,1920,0,1516,,,,,,,,,,,,,,,,,,,1.0,,,,,1.0,,,,,,,,,,,,1.0,,,,,,,,,,,,,,,,,,7.0,,,,1.0,,,,,,4.0,,,,,,,,1444.0,,,,,49.0,,,1.0,5.0,,,,,,,,,,,,1.0,,,,,,,,,,1.0,,
ltg_cairo-ud-test,20,0,12,,,,,,,,,,,,,,,,,,,,,,,,,,,,,,,,,,,,,,,,,,,,,,,,,,,,,,,,,,,,,,,,,,,,,,,,12.0,,,,,,,,,,,,,,,,,,,,,,,,,,,,,,,,,
ru_poetry-ud-test,728,0,371,,,,,,,,,,,,,,,,,,,2.0,,,,,,,,,,,,,,,,,5.0,,,,,,,,,,,,1.0,,,,,,1.0,,,1.0,,,,,,,,,,,,,,,342.0,,,,,7.0,,,,4.0,,,,,,,,,,,1.0,,,,,,,,,7.0,,,,
ru_poetry-ud-dev,789,0,319,,,,,,,,,,,,,,,2.0,,,,1.0,,,,,1.0,,,,,,,,,,,,7.0,,,,,,,,,,,,4.0,,,,,,,,,1.0,2.0,,,1.0,,,,,,,,,,,277.0,,,,,7.0,,,,5.0,,,,,,,,,,,,1.0,,,,,,,,10.0,,,,
ru_poetry-ud-train,3569,0,1269,,1.0,,,1.0,3.0,,,,,,,,,4.0,,,,2.0,,,,,1.0,,,,,,,,,,,,38.0,,,,,,,,,,,,3.0,,,,,,8.0,,,1.0,3.0,,,,,,2.0,,,,,,,,1119.0,,,,1.0,36.0,,,5.0,6.0,,,,1.0,,,,,,,,4.0,,4.0,,,,,,26.0,,,,
fo_farpahc-ud-test,301,0,509,,,,,2.0,3.0,,,,,,,,,,,1.0,,7.0,,,,,10.0,,,,,,,,,,,,7.0,,,,,,,,,,,,1.0,,,,,,2.0,,,,,,,,,,3.0,,,,,,10.0,,442.0,,,,,,,,7.0,4.0,,,,,,,,,,,,,,,,,,,,4.0,1.0,5.0,,
fo_farpahc-ud-train,1020,0,1848,,,,,12.0,2.0,,,,,,,,,,,1.0,,18.0,,,,,72.0,,,,,,,,,,,,28.0,,,,,,,,,3.0,,,5.0,,,,,,13.0,,,,,,,,,,5.0,,,,,,55.0,,1506.0,,,,,,,,36.0,25.0,,,,,,,,,,,,2.0,,,,,,,,30.0,,35.0,,
fo_farpahc-ud-dev,300,0,512,,,,,2.0,,,,,,,,,,,,,,7.0,,,,,6.0,,,,,,,,,,,,7.0,,,,,,,,,,,,2.0,,,,,,,,,,,,,,,,4.0,,,,,,16.0,,437.0,,,,,,,,10.0,5.0,,,,,,,,,,,,2.0,,,,,,,,4.0,5.0,5.0,,
is_modern-ud-dev,394,0,479,,1.0,,,,2.0,,,,,,,,,,,,,1.0,,,,,2.0,,,,,,,,,,,,11.0,,,,,,,,,2.0,,,5.0,,,,,,43.0,,,,,,,1.0,,,,,,,,,,,358.0,,,,,,,,17.0,14.0,,,,,,,,,,,,2.0,,,,,,,,17.0,,3.0,,
is_modern-ud-train,2703,0,3480,,2.0,,,4.0,11.0,,,,,,,,,,,11.0,,9.0,,,,,23.0,,,,,,,,,,,,55.0,,,,,,,,,8.0,,,25.0,,,,,,292.0,,,,,,,1.0,,,9.0,,,,,,16.0,,2647.0,,,,,,,,155.0,75.0,,,,,,,,,,,,23.0,,,,,,,,99.0,,15.0,,
is_modern-ud-test,438,0,450,,1.0,,,,3.0,,,,,,,,,,,2.0,,2.0,,,,,,,,,,,,,,,,,9.0,,,,,,,,,,,,2.0,,,,,,39.0,,,,,,,,,,1.0,,,,,,2.0,,341.0,,,,,,,,17.0,12.0,,,,,,,,,,,,5.0,,,,,,,,10.0,,4.0,,
koi_uh-ud-train,34,0,19,,,,,,,,,,,,,,,,,,,,,,,,,,,,,,,,,,,,,,,,,,,,,,,,2.0,,,,,,,,,,,,,,,,1.0,,,,,,,,15.0,,,,,,,,,1.0,,,,,,,,,,,,,,,,,,,,,,,,
koi_uh-ud-test,94,0,47,,,,,,,,,,,,,,,,,,,,,,,,,,,,,,,,,,,,1.0,,,,,,,,,,,,2.0,,,,,,,,,,,,,,,,,,,,,,,,33.0,,7.0,,,,,,1.0,1.0,,,,,1.0,,,,,,,,,,,,,,,1.0,,,,
da_ddt-ud-train,4383,0,2256,,,,,,,,,,,,,,,,,,,1.0,,,,,,,,,,,,,,,,,4.0,,,,,,,,,,,,,,,,,,,,,,,,,,1.0,,,,,,,,,,2246.0,,,,,,,,,2.0,,,,,,,,,,,,,,,,,,,1.0,1.0,,,,
da_ddt-ud-test,565,0,285,,,,,,,,,,,,,,,,,,,,,,,,,,,,,,,,,,,,1.0,,,,,,,,,,,,,,,,,,,,,,,,,,,,,,,,,,,,283.0,,,,,,,,,,,,,,,,,,,,,,,,,,,,,,1.0,,,
da_ddt-ud-dev,564,0,295,,,,,,,,,,,,,,,,,,,,,,,,,,,,,,,,,,,,3.0,,,,,,,,,,,,,,,,,,,,,,,,,,,,,,,,,,,,291.0,,,,,,,,,1.0,,,,,,,,,,,,,,,,,,,,,,,,
cs_fictree-ud-dev,1309,0,162,,,,,,6.0,,,,,,,,,,,,,,,,,,3.0,,,,,,,,,,,,4.0,,,,,,,,,1.0,,,,,,,,,,,,,,,,,,,,,,,,,,,135.0,,,,,5.0,,,1.0,,,,,,,,,,,,1.0,,,,,,,,,5.0,,1.0,,
cs_fictree-ud-train,10160,0,1427,,,,,2.0,33.0,,,,,,,,,,,,,7.0,,,,,21.0,,,,,,,,,,,,44.0,,,2.0,,,,,,31.0,,,,,6.0,,,,,,,,,,,,,,7.0,,,,,,,,1195.0,,,,,17.0,,,2.0,3.0,,1.0,,,,,,,,,4.0,,,,,,,,,49.0,,3.0,,
cs_fictree-ud-test,1291,0,175,,,,,,8.0,,,,,,,,,,,,,,,,,,1.0,,,,,,,,,,,,8.0,,,1.0,,,,,,4.0,,,,,1.0,,,,,,,,,,,,,,2.0,,,,,,,,138.0,,,,,4.0,,,2.0,,,,,,,,,,,,,,,,,,,,,5.0,,1.0,,
la_udante-ud-train,926,0,540,,,,,23.0,3.0,,,,,,,,,,,1.0,,,,,,1.0,3.0,,,,1.0,1.0,,,,,,,14.0,,,2.0,,,,1.0,,,,,24.0,,,,,,,,,,1.0,,,,,,2.0,,,,,,,,345.0,,,,8.0,96.0,,,5.0,,,,,,,,,,,,1.0,,,,,,,,,5.0,,3.0,,
la_udante-ud-test,419,0,251,,,,,4.0,,,,,,,,,,,,,,,,,,,5.0,,,,2.0,,,,,,,,3.0,1.0,,1.0,,,,3.0,1.0,,,,7.0,,,,,,,,,,,,,,,,,,,,,,,,182.0,,,,,39.0,,,1.0,1.0,,,,,,,,,,,,,,,,,,,,1.0,,,,
la_udante-ud-dev,376,0,202,,,,,5.0,1.0,,,,,,,,,,,,,,,,,7.0,,,,,,,,,,,,,2.0,1.0,,,,,,,,,,,4.0,,,,,,,,,,,,,,,,,,,,,,,,139.0,,,,2.0,36.0,,,2.0,,,,,,,,,,,,,,,,,,,,,3.0,,,,
hyw_armtdp-ud-test,680,0,232,,,,,,,,,,,,,,,1.0,,,,4.0,,,,,1.0,,,,,,,,,1.0,,,3.0,,,,,,,,,,,,,,,,,,,,,9.0,,,,,,,,,,4.0,,,,,186.0,,,,,5.0,,,9.0,2.0,,,,,,,,,,,,3.0,,,,,,,,2.0,,2.0,,
hyw_armtdp-ud-dev,694,0,248,,,,,,,,,,,,,,,,,,,4.0,,,,,,,,,,,,,,1.0,,1.0,5.0,,,,,,,,,,,,,,1.0,1.0,,,1.0,,,5.0,,,,,,,,,,,,,,,199.0,,,,,6.0,,,11.0,,,,,,,,,,,,,,,,,,,,,8.0,,5.0,,
hyw_armtdp-ud-train,5282,0,1394,,1.0,,,5.0,,,,,,,,,,1.0,,,,29.0,,,,,4.0,,,,,,,,,1.0,,,26.0,,,,,,,,,,,,1.0,3.0,1.0,3.0,,,3.0,,,35.0,3.0,,,4.0,,,,,,5.0,,,,,1065.0,3.0,,,,28.0,,,114.0,10.0,,,,,,,,,,,2.0,13.0,,,,,,,,28.0,,6.0,,
pcm_nsc-ud-dev,990,0,1217,,,,,,,,,,,,,,,,,,,,,,,,3.0,,,,,,,,,,,,,,,,,,,,,3.0,,,,,,56.0,,,,,21.0,3.0,,,,7.0,,,2.0,,,,,,14.0,,1058.0,,,,1.0,,,,15.0,,,5.0,,,,1.0,,,,,,,1.0,,,,,,19.0,8.0,,,,
pcm_nsc-ud-train,7279,0,9404,,1.0,,,7.0,16.0,,,11.0,,,,,,,,,,1.0,,,,,42.0,,,,,,,,,,,,32.0,,,,,,,,,12.0,,,,,1.0,157.0,,,,,208.0,109.0,,1.0,,86.0,,,21.0,,,,,,133.0,,7883.0,,,,21.0,,,,291.0,,,38.0,,,,16.0,,,,,,11.0,10.0,1.0,,1.0,,,103.0,175.0,9.0,7.0,,
pcm_nsc-ud-test,972,0,1266,,,,,,,,,,,,,,,,,,,,,,,,1.0,,,,,,,,,,,,,,,,,,,,,2.0,,,,,,12.0,,,,,35.0,11.0,,,,9.0,,,1.0,,,,,,8.0,,1058.0,,,,5.0,,,,33.0,,,11.0,,,,1.0,,,,,,4.0,5.0,,,,,,37.0,33.0,,,,
ro_rrt-ud-test,729,0,8,,,,,,,,,,,,,,,,,,,,,,,,,,,,,,,,,,,,,,,,,,,,,,,,,,,,,,,,,,,,,,,,,,,,,,,,8.0,,,,,,,,,,,,,,,,,,,,,,,,,,,,,,,,,
ro_rrt-ud-train,8043,0,67,,,,,,,,,,,,,,,,,,,,,,,,,,,,,,,,,,,,,,,,,,,,,,,,,,,,,,1.0,,,,,,,,,,1.0,,,,,,,,63.0,,,,,1.0,,,,,,,,,,,,,,,,,,,,,,,,,1.0,,,
ro_rrt-ud-dev,752,0,10,,,,,,,,,,,,,,,,,,,,,,,,,,,,,,,,,,,,2.0,,,,,,,,,,,,,,,,,,,,,,,,,,,,1.0,,,,,,,,7.0,,,,,,,,,,,,,,,,,,,,,,,,,,,,,,,,,
el_gdt-ud-test,456,0,137,,,,,,1.0,,,,,,,,,,,,,,,,,,,,,,,,,,,,,,1.0,,,,,,,,,,,,,,,,,,,,,,,,,,,,,,,,,,,,106.0,,,,,26.0,,,,1.0,,,,,,,,,,,,,,,,,,,,2.0,,,,
el_gdt-ud-train,1662,0,573,,2.0,,,,,,,,,,,,,,,,,4.0,,,,,2.0,,,,,,,,,,,,5.0,,,,,,,,,,,,,,,,,,2.0,,,,,,,,,,3.0,,,,,,,,425.0,,,,,118.0,,,,1.0,,,,,,,,,,,,,,,,,,,,9.0,,2.0,,
el_gdt-ud-dev,403,0,146,,1.0,,,,,,,,,,,,,,,,,1.0,,,,,,,,,,,,,,,,,2.0,,,,,,,,,,,,,,,,,,,,,,,,,,,,,,,,,,,,95.0,,,,,44.0,,,,,,,,,,,,,,,,,,,,,,,,3.0,,,,
sme_giella-ud-train,2257,0,961,,,,,1.0,5.0,,,,,,,,,,,,,3.0,,,,,,,,,,,,,,,,,4.0,,,,,,,,,,,,37.0,,,,,,,,,,,,,,,,,,,,,,,,898.0,,,,,,,,,,,,,,,,,,,,,,,,,,,,,12.0,,1.0,,
sme_giella-ud-test,865,0,417,,,,,,3.0,,,,,,,,,,,,,2.0,,,,,,,,,,,,,,,,,4.0,,,,,,,,,,,,26.0,,,,,,,,,,,,,,,,,,,,,,,,372.0,,,,,,,,1.0,1.0,,,,,,,,,,,,,,,,,,,,7.0,1.0,,,
ha_southernautogramm-ud-test,1918,0,304,,,,,2.0,,,,1.0,,,,,,,,,,5.0,,,,,1.0,,,,,,,,,,,,5.0,,,,,,,,,,,,,,2.0,122.0,,,,,,,,,,3.0,,,2.0,,,,,,,,22.0,,,,,,,,4.0,11.0,,25.0,,,,,,,,,,1.0,,,,,,,3.0,19.0,3.0,73.0,,
ca_ancora-ud-dev,1709,0,2,,,,,,,,,,,,,,,,,,,,,,,,,,,,,,,,,,,,,,,,,,,,,,,,,,,,,,,,,,,,,,,,2.0,,,,,,,,,,,,,,,,,,,,,,,,,,,,,,,,,,,,,,,,,
ca_ancora-ud-test,1846,0,3,,,,,,,,,,,,,,,,,,,,,,,,,,,,,,,,,,,,1.0,,,,,,,,,,,,,,,,,,,,,,,,,,,,1.0,,,,,,,,1.0,,,,,,,,,,,,,,,,,,,,,,,,,,,,,,,,,
ca_ancora-ud-train,13123,0,81,,,,,,,,,,,,,,,,,,,1.0,,,,,,,,,,,,,,,,,1.0,,,,,,,,,,,,,,,,,,,,,2.0,1.0,,,,,,1.0,,,,,,,,71.0,,,,,,,,,2.0,,,,,,,,,,,,,,,,,,,,1.0,,1.0,,
gd_arcosg-ud-test,545,0,895,,1.0,,,2.0,9.0,,,,,,,,,,,93.0,,31.0,,,,,11.0,,,,,,,,2.0,,,,55.0,,,,,1.0,,,,,,,,,,3.0,,,,,,,,,20.0,,,,37.0,,,,,,,,319.0,,,,,10.0,,,180.0,25.0,,,,,,,,,6.0,12.0,,25.0,,,,,,,1.0,41.0,,,11.0,
gd_arcosg-ud-train,3541,0,5772,,4.0,,,3.0,42.0,,,,,,,,,,,603.0,,166.0,,,,,59.0,,,,,,,,20.0,,,,440.0,,,,1.0,1.0,,,,2.0,,,,,2.0,20.0,,,,,,,1.0,,60.0,,,,205.0,,,,,,,,2260.0,,,,2.0,67.0,,,1012.0,153.0,,,,,,,,,42.0,102.0,,126.0,,,,,,,5.0,321.0,,,53.0,
gd_arcosg-ud-dev,655,0,891,,2.0,,,,7.0,,,,,,,,,1.0,,69.0,,29.0,,,,,5.0,,,,,,,,3.0,,,,80.0,,,,,1.0,,,,,,,,,,8.0,,,,,,,2.0,,4.0,,,,42.0,,,,,,,,356.0,,,,,14.0,,,156.0,21.0,,,,,,,,,,14.0,,15.0,,,,,,,2.0,49.0,1.0,,10.0,
got_proiel-ud-dev,985,0,378,,,,,,,,,,2.0,,,,,,,,,1.0,,,,,1.0,,,,,,,,,,,,6.0,,,,,,,,,,,,3.0,,,,,,,,,,,,,,,,,,,,,,,,329.0,,,,1.0,7.0,,,,,,,,,,,,,,,2.0,,,,,,,,,8.0,,18.0,,
got_proiel-ud-train,3387,0,1296,,8.0,,,,1.0,,,,8.0,,,,,,,,,6.0,,,,,,,,,,,,,,,,,22.0,,,,,,,,,,,,3.0,,,9.0,,,,,,,,,,,,,1.0,,,,,,,,1096.0,,,,1.0,53.0,,,2.0,2.0,,,,,,,,,,,,5.0,,,,,,,,24.0,5.0,50.0,,
got_proiel-ud-test,1029,0,365,,,,,,,,,,1.0,,,,,,,,,1.0,,,,,,,,,,,,,,,,,6.0,,,,,,,,,,,,2.0,,,1.0,,,,,,,,,,,,,,,,,,,,,322.0,,,,,10.0,,,,,,1.0,,,,,,,,,,,,,,,,,,4.0,1.0,16.0,,
sl_sst-ud-train,4558,0,883,,3.0,,,,1.0,,,,,,,,,,,,,2.0,,,,,8.0,,,,,,,,,,,,36.0,,,,,,,,,,,,4.0,,10.0,1.0,,,,,,,1.0,,,,,,2.0,,,,,,,,649.0,,,,,,,,14.0,4.0,,,,,,,,,,,18.0,30.0,,,,,1.0,,24.0,69.0,6.0,,,
sl_sst-ud-test,1041,0,179,,1.0,,,,,,,,,,,,,,,,,,,,,,1.0,,,,,,,,,,,,5.0,,,,,,,,,,,,,,3.0,,,,,,,,,,,,,,1.0,,,,,,,,151.0,,,,,,,,,1.0,,,,,,,,,,,1.0,1.0,,,,,,,2.0,10.0,2.0,,,
sl_sst-ud-dev,505,0,81,,,,,,,,,,,,,,,,,,,,,,,,,,,,,,,,,,,,7.0,,,,,,,,,,,,,,,,,,,,,,,,,1.0,,,,,,,,,,,70.0,,,,,,,,,,,,,,,,,,,,,1.0,,,,,,,,2.0,,,,
de_gsd-ud-train,13814,0,6219,,8.0,,,,,,,,,,,,,,,,,6.0,,,,,,,,,,,,,,,,,12.0,,,1.0,,,,,,16.0,,,,,,,,,298.0,,,,,,,,,,88.0,,,,,,,,5092.0,,,,1.0,632.0,,,55.0,5.0,,,,,,,,,,,,1.0,,,,,,,,4.0,,,,
de_gsd-ud-dev,799,0,479,,1.0,,,,1.0,,,,,,,,,,,,,,,,,,2.0,,,,,,,,,,,,3.0,,,,,,,,,1.0,,,,,,,,,10.0,,,,,,,,,,3.0,,,,,,,,429.0,,,,1.0,21.0,,,6.0,,,,,,,,,,,,,,,,,,,,,1.0,,,,
de_gsd-ud-test,977,0,472,,,,,,,,,,,,,,,,,,,,,,,,,,,,,,,,,,,,1.0,,,,,,,,,1.0,,,,,,,,,9.0,,,,,,,,,,4.0,,,,,,,,432.0,,,,,25.0,,,,,,,,,,,,,,,,,,,,,,,,,,,,
ka_glc-ud-test,151,0,54,,,,,,,,,,,,,,,,,1.0,,,,,,,,,,,,,,,,,,,,,,,,,,,,,,,,10.0,,,,,,,,,,,,,,,18.0,,,,,,,,22.0,,,,,,,,2.0,,,,,,,,,,,,,,,,,,,,,1.0,,,,
xnr_kdtb-ud-test,288,0,136,,,,,,,,,,,,,,,,,4.0,,,,,,,,,,,,,,,2.0,,,,2.0,,,,,,,,,,,,2.0,,,,,,,,,,,,,3.0,,,25.0,,,,,,,,77.0,,,,,,,,8.0,11.0,,,,,,,,,,,,,,,,,,,,2.0,,,,
aln_gps-ud-test,966,0,663,,1.0,,,,,,,,,,,,,,,1.0,,,,,,,1.0,,,,,,,,,,,,1.0,,,,,,,,,,,,248.0,,,1.0,,,7.0,,,,,,,,,,6.0,,,,,,,,348.0,,,,,,,,15.0,9.0,,,,,,,,,,,,,,,,,,,16.0,7.0,,2.0,,
kk_ktb-ud-test,1047,0,243,,,,,,,,,,,,,,,,,1.0,,3.0,,,,,2.0,,,,,,,,,,,,,,,,,,,,,,,,,,,,,,,,,,,,,,,,,,,,,,3.0,,199.0,,,,,,,,7.0,8.0,,,,,,,,,,,,1.0,,,,,,,,18.0,,1.0,,
kk_ktb-ud-train,31,0,9,,,,,,,,,,,,,,,,,,,,,,,,,,,,,,,,,,,,1.0,,,,,,,,,,,,,,,,,,,,,,,,,,,,,,,,,,,,4.0,,,,,,,,1.0,2.0,,,,,,,,,,,,,,,,,,,,,,1.0,,
ha_northernautogramm-ud-test,400,0,49,,,,,,,,,,,,,,,,,,,2.0,,,,,,,,,,,,,,,,,1.0,,,,,,,,,,,,,,1.0,14.0,,,,,,,,,,,,,2.0,,,,,,,,2.0,,,,,,,,1.0,1.0,,14.0,,,,,,,,,,,,,,,,,,6.0,4.0,1.0,,
cs_pdt-ud-test,10146,0,2397,1896.0,,,,2.0,4.0,,,,,,,,,,,,,3.0,,,,,6.0,,,,,,,,,,,,15.0,,,,,,,,,6.0,,,,,2.0,,,,,,,,,,,,,,9.0,,,,,,,,421.0,,,,,21.0,,,,1.0,,,,,,,,,,,1.0,,,,,,,,,10.0,,,,
cs_pdt-ud-dev,9270,0,2092,1659.0,1.0,,,1.0,2.0,,,,,,,,,,,,,2.0,,,,,,,,,,,,,,,,,9.0,,,1.0,,,,,,2.0,,,,,4.0,,,,,,,,,,,,,,5.0,,,,,,,,375.0,,,,,18.0,,,1.0,,,,,,,,,,,,1.0,,,,,,,,,11.0,,,,
cs_pdt-ud-train,68491,0,14494,11147.0,7.0,,,8.0,34.0,,,,,,,,,,,,,10.0,,,,,21.0,,,,,,,,,,,,99.0,,,,,,,1.0,,36.0,,,,,7.0,,,,,,,,,,,1.0,,,62.0,,,,,,,,2797.0,,,,,137.0,,,8.0,9.0,,1.0,,,,,,,,,11.0,3.0,,,,,,,,91.0,,4.0,,
gl_pud-ud-test,1000,0,8,,,,,,,,,,,,,,,,,,,,,,,,,,,,,,,,,,,,,,,,,,,,,,,,,,,,,,,,,,,,,,,,,,,,,,,,7.0,,,,,,,,,1.0,,,,,,,,,,,,,,,,,,,,,,,,
ta_mwtt-ud-test,534,0,93,,,,,,,,,,,,,,,,,,,,,,,,,,,,,,,,,,,,,,,,,,,,,,,,,,,,,,,,,,,,,,,,1.0,,,,,,,,89.0,,,,,,,,,,,,,,,,,,,,,,,,,,,,,3.0,,,,
ota_dudu-ud-test,85,0,4,,,,,,,,,,,,,,,,,1.0,,,,,,,,,,,,,,,,,,,,,,,,,,,,,,,,,,,,,,,,,,,,,,,,,,,,,,,2.0,,,,,,,,,1.0,,,,,,,,,,,,,,,,,,,,,,,,
ug_udt-ud-test,900,0,433,,,,,,,,,,,,,,,,,,,2.0,,,,,,,,,,,,,10.0,,,1.0,2.0,,,,,,,,,2.0,,,130.0,,2.0,,,,,,,,,,,,,,3.0,,,,,,3.0,1.0,256.0,,,,,1.0,,,3.0,15.0,,,,,,,,,,,,,,,,,,,,1.0,,1.0,,
ug_udt-ud-dev,900,0,432,,,,,,,,,,,,,,,,,2.0,,,,,,,3.0,,,,,,,,1.0,1.0,,5.0,,,,,,,,,,4.0,,,148.0,,,,,,,,,,,,,,,,1.0,,,,,,1.0,1.0,219.0,,,,,,,,2.0,42.0,,,,,,,,,,,,1.0,,,,,,,,1.0,,,,
ug_udt-ud-train,1656,0,736,,,,,,,,,,,,,,,,,1.0,,1.0,,,,,,,,,,,,,3.0,,,1.0,,,,,,,,,,2.0,,,256.0,,,,,,1.0,,,,,,,,,,8.0,,,,,,2.0,,420.0,,,,,,,,7.0,29.0,,,,,,,,,,,,,,,,,,,,3.0,,2.0,,
ur_udtb-ud-train,4043,0,1735,,1.0,,,2.0,,,,,,,,,,,,7.0,,,,,,,,,,,,,,,2.0,,,,8.0,,,,,,,,,11.0,,,137.0,,,,,,,,,,,,,9.0,,,272.0,,,,,,,,805.0,,,,,,,,77.0,359.0,,,,,,,,,,,,,,,,,,,,30.0,,15.0,,
ur_udtb-ud-dev,552,0,207,,1.0,,,,,,,,,,,,,,,,,,,,,,,,,,,,,,,,,,1.0,,,,,,,,,2.0,,,22.0,,,,,,,,,,,,,6.0,,,17.0,,,,,,,,92.0,,,,,,,,14.0,47.0,,,,,,,,,,,,,,,,,,,,1.0,,4.0,,
ur_udtb-ud-test,535,0,186,,,,,,,,,,,,,,,,,,,,,,,,,,,,,,,,,,,,,,,,,,,,,2.0,,,24.0,,,,,,,,,,,,,2.0,,,18.0,,,,,,,,97.0,,,,,,,,7.0,30.0,,,,,,,,,,,,,,,,,,,,4.0,,2.0,,
lv_lvtb-ud-test,2412,0,1085,,4.0,,,,2.0,,,,,,,,,,,,,,,,,,7.0,,,,,,,,36.0,,,,22.0,,,1.0,,,,,,3.0,,,,,3.0,,,,,,,,,,,1.0,,,2.0,,,,,,,,902.0,,,,,46.0,,,5.0,16.0,,,,,,,,,,,,1.0,,,,,,,1.0,31.0,,2.0,,
lv_lvtb-ud-train,14358,0,7024,,17.0,,,,5.0,,,,,,,,,,,1.0,,,,,,,49.0,,,,,,,,123.0,,,,79.0,,,1.0,,,,1.0,,19.0,,,4.0,,2.0,,,,,,,,3.0,,,21.0,,,25.0,,,,,,,,6036.0,,,,,367.0,,,63.0,93.0,,,,,,,,,,,1.0,4.0,,,,,,,1.0,101.0,1.0,7.0,,
lv_lvtb-ud-dev,2080,0,964,,4.0,,,,,,,,,,,,,,,,,,,,,,12.0,,,,,,,,19.0,,,,18.0,,,,,,,,,3.0,,,,,,,,,,,,,,,,1.0,,,1.0,,,,,,,,814.0,,,,,41.0,,,7.0,17.0,,,,,,,,,,,1.0,1.0,,,,,,,,25.0,,,,
ta_ttb-ud-train,400,0,75,,,,,,,,,,,,,,,,,,,,,,,,,,,,,,,,,,,,,,,,,,,,,,,,,,,,,,,,,,,,,1.0,,,10.0,,,,,,,,61.0,,,,,,,,1.0,2.0,,,,,,,,,,,,,,,,,,,,,,,,
ta_ttb-ud-dev,80,0,17,,,,,,,,,,,,,,,,,,,,,,,,,,,,,,,,,,,,,,,,,,,,,,,,,,,,,,,,,,,,,1.0,,,2.0,,,,,,,,13.0,,,,,,,,,1.0,,,,,,,,,,,,,,,,,,,,,,,,
ta_ttb-ud-test,120,0,34,,,,,,,,,,,,,,,,,,,,,,,,,,,,,,,,,,,,,,,,,,,,,,,,,,,,,,,,,,,,,,,,3.0,,,,,,,,28.0,,,,,,,,1.0,1.0,,,,,,,,,,,,,,,,,,,,1.0,,,,
sga_dipwbg-ud-test,34,0,32,,1.0,,,2.0,4.0,,,,,,,,,,,2.0,,,,,,,,,,,,,,,,,,,1.0,,,,,,,,,,,,3.0,,,1.0,,,,,,,,,,,,,2.0,,,,,,,,10.0,,,,,,,,1.0,2.0,,,,,,,,,,,,,,,,,,,,3.0,,,,
ko_pud-ud-test,1000,0,213,,,,,,,,,,,,,,,,,,,,,,,,,,,,,,,,,,,,,,,,,,,,,,,,,,,,,,,,,,,,,,,,,,,,,,,,202.0,,,,,11.0,,,,,,,,,,,,,,,,,,,,,,,,,,,,
xum_ikuvina-ud-test,133,0,13,,2.0,,,,,,,,,,,,,,,,,,,,,,,,,,,,,,,,,,,,,,,,,,,,,,,,,,,,2.0,,,,,,,,,,,,,,,,,,9.0,,,,,,,,,,,,,,,,,,,,,,,,,,,,,,,,,
ru_pud-ud-test,1000,0,476,,,,,,,,,,,,,,,2.0,,,,1.0,,,,,,,,,,,,,,,,,2.0,,,,,,,,,,,,,,,,,,6.0,,,,,,,,,4.0,1.0,,,,,,,,413.0,,,,,40.0,,,1.0,1.0,,,,,,,,,,,,,,,,,,,,5.0,,,,
la_ittb-ud-dev,2101,0,772,,2.0,,,5.0,5.0,,,,2.0,,,,,,,,,,,,,,11.0,,,,1.0,,,,,,,,11.0,,,1.0,,,,3.0,,,,,16.0,,,,,,,,,,,,,,,,3.0,,,,,,,,551.0,,,,1.0,149.0,,,,,,1.0,,,,,,,,,,,,,,,,,,9.0,,1.0,,
la_ittb-ud-test,2101,0,592,,,,,2.0,3.0,,,,,,,,,,,,,,,,,,,,,,6.0,,,,,,,,4.0,,,1.0,,,,1.0,,,,,3.0,,,,,,,,,,,,,,,,8.0,,,,,,,,453.0,,,,,109.0,,,,,,,,,,,,,,,,,,,,,,,,2.0,,,,
la_ittb-ud-train,22775,0,7800,,6.0,,,100.0,29.0,,,,17.0,,,,6.0,,,,,,,,,2.0,31.0,,,,12.0,,,,,,,,90.0,1.0,,10.0,,,,7.0,6.0,,,,77.0,,,,2.0,,,,,,1.0,,,,,,21.0,,,,,,,,5546.0,,,,10.0,1725.0,,,,9.0,,9.0,,,,,,,,,5.0,2.0,,,,,,,,62.0,,14.0,,
nl_alpino-ud-train,12289,0,3880,,3.0,,,,25.0,,,,,,,,,,,,,,,,,,1.0,,,,,,,,,,,,5.0,,,,,,,,,,,,,,,,,,,,,4.0,,,,,,,1.0,,,,,,,,3737.0,,,,9.0,83.0,,,,1.0,,,,,,,,,,,,4.0,,,,,,,,7.0,,,,
nl_alpino-ud-test,596,0,80,,,,,,,,,,,,,,,,,,,,,,,,,,,,,,,,,,,,1.0,,,,,,,,,,,,,,,,,,,,,,,,,,,,,,,,,,,,74.0,,,,,5.0,,,,,,,,,,,,,,,,,,,,,,,,,,,,
nl_alpino-ud-dev,718,0,182,,,,,,,,,,,,,,,,,,,,,,,,,,,,,,,,,,,,,,,,,,,,,,,,,,,,,,,,,,,,,,,,,,,,,,,,170.0,,,,,11.0,,,,,,,,,,,,,,,,1.0,,,,,,,,,,,,
qtd_sagt-ud-test,805,0,1075,,,,,,1.0,,,,,,,,,,,1.0,,6.0,2.0,,,,6.0,,,,,,,,,,,2.0,15.0,,,,,,,,,,,,6.0,,,3.0,,,20.0,,,1.0,,,,,,,60.0,,,,,,,,862.0,,,,,,,,39.0,10.0,,,,,,,,,,,1.0,5.0,,1.0,,,,1.0,24.0,9.0,,,,
qtd_sagt-ud-dev,801,0,922,,,,,,3.0,,,,,,,,,,,,,4.0,4.0,,,,5.0,,,,,,,,1.0,,,,15.0,,,,,,,,,,,,1.0,,1.0,3.0,,,34.0,,,,,,,,,,52.0,,,,,,,,711.0,,,,,1.0,,,34.0,13.0,,,,,,,,,,,1.0,4.0,,2.0,,,,,18.0,14.0,,1.0,,
qtd_sagt-ud-train,578,0,784,,,,,,4.0,,,,,,,,,,,,,4.0,2.0,,,,3.0,,,,,,,,1.0,,,,11.0,,,,,,,,,,,,10.0,,2.0,2.0,,,26.0,,,,,,,,,,54.0,,,,,,,,586.0,,,,,,,,32.0,17.0,,,,,,,,,,,,5.0,,,,,,,15.0,10.0,,,,
ga_cadhan-ud-test,193,0,940,,2.0,,,6.0,6.0,,,,,,,,,4.0,,86.0,,33.0,,,1.0,,7.0,,,,,,,,,,,,84.0,,,,2.0,1.0,,,,,,,,,,5.0,,,,,,29.0,,,5.0,,,,79.0,,,,,,,,153.0,,,,,,,,132.0,164.0,,,,,,,,1.0,,36.0,,21.0,,,,,,,,38.0,2.0,8.0,35.0,
krl_kkpp-ud-test,228,0,126,,,,,,,,,,,,,,,,,3.0,,,,,,,,,,,,,,,,,,,,,,,,,,,,,,,15.0,,,,,,,,,,,,,,,,,,,,,,,,92.0,,10.0,,,,,,6.0,,,,,,,,,,,,,,,,,,,,,,,,,
pl_pud-ud-test,1000,0,72,,,,,,,,,,,,,,,,,,,,,,,,,,,,,,,,,,,,,,,,,,,,,,,,,,,,,,,,,,,,,,,,,,,,,,,,62.0,,,,,7.0,,,,,,,1.0,,,,,,,,,,,,,,,,,2.0,,,,
orv_torot-ud-test,2955,0,507,,7.0,,,,1.0,,,,,,,,,,,,,2.0,,,,,3.0,,,,,,,,,,,,6.0,,,,,,,,,,,,7.0,,,,,,,,,2.0,,,,,,,,,,,,,,,420.0,,,,,27.0,,,2.0,,,,,,,,,,,,,4.0,,,,,,,,21.0,,5.0,,
orv_torot-ud-dev,3061,0,562,,2.0,,,,2.0,,,,,,,,,,,,,3.0,,,,,2.0,,,,,,,,,,,,9.0,,,,,,,,,,,,3.0,,,2.0,,,,,,3.0,,,,,,,1.0,,,,,,,,491.0,,,,,17.0,,,1.0,,,1.0,,,,,,,,,1.0,1.0,,,,,,,,21.0,1.0,1.0,,
orv_torot-ud-train,20480,0,3378,,21.0,,,,5.0,,,,2.0,,,,,,,,,11.0,,,,,14.0,,,,,,,,,,,,64.0,,,,,,,,,,,,16.0,,,6.0,,,,,,24.0,,,,,,,3.0,,,,,,,,2965.0,,,,4.0,101.0,,,10.0,3.0,,1.0,,,,,,,,,1.0,18.0,,,,,,,,81.0,1.0,27.0,,
cs_cac-ud-dev,603,0,26,,,,,,1.0,,,,,,,,,,,,,1.0,,,,,,,,,,,,,,,,,1.0,,,,,,,,,1.0,,,,,,,,,,,,,,,,,,,3.0,,,,,,,,19.0,,,,,,,,,,,,,,,,,,,,,,,,,,,,,,,,,
cs_cac-ud-train,23478,0,1363,,3.0,,,2.0,15.0,,,,,,,,,,,,,6.0,,,,,6.0,,,,,,,,,,,,18.0,,,1.0,,,,1.0,,12.0,,,,,8.0,,,,,,,,,,,2.0,,,248.0,,,,,,,,927.0,,,,,53.0,,,10.0,3.0,,,,,,,,,,,,,,,,,,,,27.0,,21.0,,
cs_cac-ud-test,628,0,40,,,,,,1.0,,,,,,,,,,,,,,,,,,,,,,,,,,,,,,1.0,,,,,,,,,2.0,,,,,,,,,,,,,,,,,,,11.0,,,,,,,,21.0,,,,,2.0,,,,,,,,,,,,,,,,,,,,,,,,1.0,,1.0,,
fi_ftb-ud-dev,1875,0,567,,,,,,5.0,,,,,,,,,,,,,,,,,,1.0,,,,,,,,,,,,10.0,,,,,,,,,,,,,,,,,,22.0,,,,,,,,,,19.0,,,,,,,,402.0,,75.0,,1.0,,,,17.0,,,,,,,,,,,,,,,,,,,,,10.0,4.0,1.0,,
fi_ftb-ud-train,14981,0,4337,,4.0,,,,16.0,,,,,,,,,,,,,,,,,,15.0,,,,,,,,,,,,76.0,,,,,,,,,2.0,,,4.0,,,,,,130.0,,,2.0,,,,,,,160.0,,,,,,,,3010.0,,664.0,,5.0,,,,164.0,,,,,,,,,,,,,,,,,,,,,66.0,19.0,,,
fi_ftb-ud-test,1867,0,506,,2.0,,,,6.0,,,,,,,,,,,,,,,,,,1.0,,,,,,,,,,,,5.0,,,,,,,,,1.0,,,,,,,,,17.0,,,1.0,,,,,,,18.0,,,,,,,,360.0,,66.0,,1.0,,,,20.0,,,,,,,,,,,,,,,,,,,,,6.0,2.0,,,
en_gentle-ud-test,1334,0,454,,,,,,,,,,,,,,,,,,,,,,,,,,,,,,,,,,,,1.0,,,,,,,,,2.0,,,,,,,,,11.0,,,,,,,,,,,,,,,,,,416.0,,,,3.0,16.0,,,,2.0,,,,,,,,,,,,,,,,,,,2.0,1.0,,,,
pl_lfg-ud-test,1727,0,166,,,,,,,,,,,,,,,,,,,,,,,,,,,,,,,,,,,,,,,,,,,,,,,,,,,,,,,,,,,,,,,,,,,,,,,,156.0,,,,,7.0,,,,1.0,,,,,,,,,,,,,,,,,,,,2.0,,,,
pl_lfg-ud-train,13774,0,1223,,,,,,,,,,,,,,,,,,,2.0,,,,,2.0,,,,,,,,,,,,4.0,,,1.0,,,,,,,,,,,,,,,,,,,,,,,,,2.0,,,,,,,,1177.0,,,,,19.0,,,,3.0,,,,,,,,,,,,,,,,,,,,12.0,,1.0,,
pl_lfg-ud-dev,1745,0,154,,,,,,,,,,,,,,,,,,,,,,,,,,,,,,,,,,,,,,,,,,,,,,,,,,,,,,,,,,,,,,,,,,,,,,,,149.0,,,,,2.0,,,,,,,,,,,,,,,,,,,,,,,,3.0,,,,
tr_tourism-ud-train,15473,0,16258,,34.0,,,,194.0,,,,,,,,,,,178.0,,21.0,,19.0,42.0,,54.0,,,,,,,,1822.0,,,,441.0,,,46.0,,,,,,26.0,,,,,10.0,2.0,,,,,,7.0,43.0,,,,16.0,,3536.0,,,,,,,,6820.0,,,,,,,,834.0,293.0,,,,,,,,,,,1.0,83.0,,,,,,,,1421.0,4.0,311.0,,
tr_tourism-ud-dev,2166,0,2329,,1.0,,,,115.0,,,,,,,,,,,19.0,,9.0,,1.0,4.0,,3.0,,,,,,,,257.0,,,,55.0,,,4.0,,,,,,,,,,,,,,,,,,8.0,16.0,,,,,,431.0,,,,,,,,1059.0,,,,,,,,86.0,26.0,,,,,,,,,,,,9.0,,,,,,,,189.0,,37.0,,
tr_tourism-ud-test,2191,0,1899,,,,,,31.0,,,,,,,,,,,15.0,,,,2.0,1.0,,3.0,,,,,,,1.0,273.0,,,,49.0,,,12.0,,,,,,,,,,,,,,,,,,,1.0,,,,,,402.0,,,,,,,,741.0,,,,,,2.0,,84.0,35.0,,,,,,,,,,,,18.0,,,,,,,,216.0,,13.0,,
cs_poetry-ud-test,297,0,70,,,,,,1.0,,,,,,,,,,,,,,,,,,,,,,,,,,,,,,,,,,,,,,,,,,1.0,,,,,,,,,1.0,,,,,,,1.0,,,,,,,,64.0,,,,,1.0,,,1.0,,,,,,,,,,,,,,,,,,,,,,,,,
ru_gsd-ud-test,601,0,98,,,,,,,,,,,,,,,,,,,,,,,,,,,,,,,,,,,,,,,,,,,,,,,,,,,,,,,,,,,,,,,2.0,,,,,,,,,90.0,,,,,5.0,,,1.0,,,,,,,,,,,,,,,,,,,,,,,,,
ru_gsd-ud-dev,579,0,97,,,,,,,,,,,,,,,1.0,,,,,,,,,,,,,,,,,,,,,,,,,,,,,,,,,,,,,,,,,,,,,,,,,,,,,,,,,89.0,,,,,5.0,,,1.0,,,,,,,,,,,,,,,,,,,,,1.0,,,,
ru_gsd-ud-train,3850,0,631,,,,,,,,,,,,,,,1.0,,,,,,,,1.0,,,,,,,,,,,,,2.0,,,,,,,,,,,,,,,,,,,,,,,,,,,14.0,,,,,,,,,575.0,,,,,34.0,,,4.0,,,,,,,,,,,,,,,,,,,,,,,,,
en_pud-ud-test,1000,0,375,,,,,,,,,,,,,,,,,,,,,,,,,,,,,,,,,,,,1.0,,,,,,,,,,,,,,,,,,25.0,,,,,,,,,,,,,,,,,,314.0,,,,,27.0,,,,7.0,,,,,,,,,,,,,,,,,,,1.0,,,,,
tr_imst-ud-train,3435,0,549,,,,,,11.0,,,,,,,,,,,2.0,,1.0,,,,,2.0,,,,,,,,1.0,,,,18.0,,,,,,,,,,,,25.0,,1.0,1.0,,,,,,,,,,,,,25.0,,,,,,15.0,,365.0,,,,,,,,36.0,31.0,,,,,,,,,,,,,,,,,,,,15.0,,,,
tr_imst-ud-dev,1100,0,147,,,,,,4.0,,,,,,,,,,,3.0,,,,,,,1.0,,,,,,,,3.0,,,,4.0,,,,,,,,,,,,7.0,,,1.0,,,,,,,,,,,,,12.0,,,,,,3.0,,79.0,,,,,,,,14.0,4.0,,,,,,,,,,,,,,,,,,,,12.0,,,,
tr_imst-ud-test,1100,0,165,,,,,,3.0,,,,,,,,,,,,,1.0,,,,,2.0,,,,,,,,,,,,1.0,,,,,,,,,,,,6.0,,,1.0,,,,,,,,,,,,,8.0,,,,,,3.0,,108.0,,,,1.0,,,,16.0,9.0,,,,,,,,,,,,,,,,,,,,6.0,,,,
lv_cairo-ud-test,20,0,12,,,,,,,,,,,,,,,,,,,,,,,,,,,,,,,,,,,,,,,,,,,,,,,,,,,,,,,,,,,,,,,,,,,,,,,,12.0,,,,,,,,,,,,,,,,,,,,,,,,,,,,,,,,,
bg_btb-ud-train,8907,0,3137,,,,,1.0,4.0,,,,,,,,,,,,,1.0,,,,,3.0,,,,,,,,,,,,4.0,,,,,,,1.0,,,,,482.0,,4.0,,,,2.0,,,,,,,57.0,,,36.0,,,,,,,,1948.0,,,,1.0,152.0,,,253.0,158.0,,,,,,,,,,,,3.0,,,,,,,,24.0,,3.0,,
bg_btb-ud-test,1116,0,395,,,,,,,,,,,,,,,,,,,,,,,,,,,,,,,,,,,,1.0,,,,,,,,,,,,67.0,,1.0,,,,2.0,,,,,,,7.0,,,6.0,,,,,,,,233.0,,,,,22.0,,,30.0,19.0,,,,,,,,,,,,,,,,,,,,6.0,,1.0,,
bg_btb-ud-dev,1115,0,401,,,,,2.0,,,,,,,,,,,,,,,,,,,1.0,,,,,,,,,,,,,,,,,,,,,,,,72.0,,2.0,,,,2.0,,,,,,,14.0,,,6.0,,,,,,,,244.0,,,,,12.0,,,21.0,21.0,,,,,,,,,,,,,,,,,,,,4.0,,,,
gu_gujtb-ud-test,187,0,1,,,,,,,,,,,,,,,,,,,,,,,,,,,,,,,,,,,,,,,,,,,,,,,,,,,,,,,,,,,,,,,,,,,,,,,,1.0,,,,,,,,,,,,,,,,,,,,,,,,,,,,,,,,,
bxr_bdt-ud-train,19,0,2,,,,,,,,,,,,,,,,,,,,,,,,,,,,,,,,1.0,,,,,,,,,,,,,,,,,,,,,,,,,,,,,,,,,,,,,,,,1.0,,,,,,,,,,,,,,,,,,,,,,,,,,,,,,,,,
bxr_bdt-ud-test,908,0,128,,,,,,,,,,,,,,,2.0,,,,,,,,,,,,,,,,,,,,,1.0,,,,,,,,,,,,13.0,,,,,,,,,2.0,,,,,,,12.0,,,,,,,,94.0,,,,,,,,3.0,,,,,,,,,,,,,,,,,,,,,1.0,,,,
bej_nsc-ud-test,380,0,82,,,,,,,,,,,,,,,,,,,,,,,,,,,,,,,,,,,,,,,,,,,,,,2.0,1.0,,,1.0,,,9.0,,,,,,,,,,,,,,,,,35.0,,28.0,,,,,,,,1.0,,,,,,,2.0,,,,,,,,,,,,,2.0,1.0,,,,
es_coser-ud-test,539,0,72,,,,,,,,,,,,,,,,,,,,,,,,,,,,,,,,,,,,3.0,,,,,,,,,,,,,,,,,,,,,,,,,,,,,,,,,,,,56.0,,,,,6.0,,,1.0,,,,,,,,,,,,,1.0,,,,,,,4.0,1.0,,,,
tr_boun-ud-dev,979,0,154,,,,,,1.0,,,,,,,,,,,3.0,,,,,,,2.0,,,,,,,,,,,1.0,6.0,,,,,,,,,,,,1.0,,,,,,,,,,,,,,,,5.0,,,,,,17.0,,87.0,,,,,,,,17.0,13.0,,,,,,,,,,,,,,,,,,,,1.0,,,,
tr_boun-ud-test,979,0,109,,,,,,1.0,,,,,,,,,,,1.0,,,,,,,,,,,,,,,,,,,2.0,,,,,,,,,,,,2.0,,,,,,,,,,,,,,,,2.0,,,,,,11.0,,64.0,,,,,,,,12.0,11.0,,,,,,,,,,,,,,,,,,,,3.0,,,,
tr_boun-ud-train,7803,0,959,,,,,,5.0,,,,,,,,,,,14.0,,,,,,,1.0,,,,,,,,7.0,,,3.0,28.0,,,,,,1.0,,,,,,8.0,,2.0,,,,,,,,2.0,,,,,,44.0,,,,,1.0,68.0,,651.0,,,,2.0,,,,2.0,67.0,,,,,,,,,,,2.0,2.0,,,,,,,,45.0,2.0,2.0,,
tr_penn-ud-dev,622,0,2178,,4.0,,,,26.0,,,,,,,,,,,67.0,,17.0,,,2.0,,6.0,,,,,,,,179.0,,,,82.0,,,7.0,,,,,,,,,,,1.0,,,,,,,,165.0,,,,7.0,,809.0,,,,,,,,486.0,,,,,,4.0,,141.0,90.0,,,,,,,,,,,1.0,2.0,,,,,,,,74.0,,8.0,,
tr_penn-ud-test,924,0,2969,,5.0,,,,26.0,,,,,,,,,,,85.0,,12.0,,2.0,2.0,,9.0,,,,,,,1.0,226.0,,,,72.0,,,16.0,,,,,,,,,,,6.0,,,,,,,,316.0,,,,11.0,,1074.0,,,,,,,,589.0,,,,,,3.0,,234.0,104.0,,,,,,,,,,,,13.0,,,,,,,,156.0,,7.0,,
tr_penn-ud-train,14850,0,49187,,147.0,,,,307.0,,,,,,,,,,,1780.0,,391.0,,12.0,58.0,,207.0,,,,,,,13.0,4786.0,,,,1393.0,,,316.0,,,,,,3.0,,,,,40.0,3.0,,,,,,26.0,3160.0,,,2.0,187.0,,17195.0,,,,,,,,11712.0,,,,3.0,,110.0,,3269.0,2265.0,,,,,,,,,,,,82.0,,,,,,,,1402.0,10.0,308.0,,
