Treebank,Number of Sentences,Failures,Total,root,advcl,cop,aux,ccomp,acl:relcl,conj,csubj,parataxis,aux:pass,mark,flat,acl,xcomp,nmod,fixed,amod,discourse,ccomp:speech,appos,dep,case,advcl:tcl,obj,ccomp:pmod,obl,obl:pmod,csubj:pass,advcl:cmp,advcl:relcl,orphan,aux:tense,aux:caus,parataxis:insert,advcl:cleft,obl:agent,reparandum,parataxis:parenth,dislocated,aux:ex,compound:svc,compound:redup,nsubj:pass,nsubj,iobj,ccomp:obj,obj:ro,ccomp:quote,advcl:quote
en_partut-ud-dev,156,0,0,,,,,,,,,,,,,,,,,,,,,,,,,,,,,,,,,,,,,,,,,,,,,,,,,
en_partut-ud-train,1781,0,0,,,,,,,,,,,,,,,,,,,,,,,,,,,,,,,,,,,,,,,,,,,,,,,,,
en_partut-ud-test,153,0,0,,,,,,,,,,,,,,,,,,,,,,,,,,,,,,,,,,,,,,,,,,,,,,,,,
sl_ssj-ud-test,1282,0,0,,,,,,,,,,,,,,,,,,,,,,,,,,,,,,,,,,,,,,,,,,,,,,,,,
sl_ssj-ud-dev,1250,0,0,,,,,,,,,,,,,,,,,,,,,,,,,,,,,,,,,,,,,,,,,,,,,,,,,
sl_ssj-ud-train,10903,0,0,,,,,,,,,,,,,,,,,,,,,,,,,,,,,,,,,,,,,,,,,,,,,,,,,
xcl_caval-ud-train,3185,0,0,,,,,,,,,,,,,,,,,,,,,,,,,,,,,,,,,,,,,,,,,,,,,,,,,
xcl_caval-ud-dev,411,0,0,,,,,,,,,,,,,,,,,,,,,,,,,,,,,,,,,,,,,,,,,,,,,,,,,
xcl_caval-ud-test,550,0,0,,,,,,,,,,,,,,,,,,,,,,,,,,,,,,,,,,,,,,,,,,,,,,,,,
zh_gsdsimp-ud-test,500,0,0,,,,,,,,,,,,,,,,,,,,,,,,,,,,,,,,,,,,,,,,,,,,,,,,,
zh_gsdsimp-ud-train,3997,0,0,,,,,,,,,,,,,,,,,,,,,,,,,,,,,,,,,,,,,,,,,,,,,,,,,
zh_gsdsimp-ud-dev,500,0,0,,,,,,,,,,,,,,,,,,,,,,,,,,,,,,,,,,,,,,,,,,,,,,,,,
hu_szeged-ud-dev,441,0,0,,,,,,,,,,,,,,,,,,,,,,,,,,,,,,,,,,,,,,,,,,,,,,,,,
hu_szeged-ud-test,449,0,0,,,,,,,,,,,,,,,,,,,,,,,,,,,,,,,,,,,,,,,,,,,,,,,,,
hu_szeged-ud-train,910,0,0,,,,,,,,,,,,,,,,,,,,,,,,,,,,,,,,,,,,,,,,,,,,,,,,,
xav_xdt-ud-test,171,0,0,,,,,,,,,,,,,,,,,,,,,,,,,,,,,,,,,,,,,,,,,,,,,,,,,
no_bokmaal-ud-dev,2409,0,0,,,,,,,,,,,,,,,,,,,,,,,,,,,,,,,,,,,,,,,,,,,,,,,,,
no_bokmaal-ud-test,1939,0,0,,,,,,,,,,,,,,,,,,,,,,,,,,,,,,,,,,,,,,,,,,,,,,,,,
no_bokmaal-ud-train,15696,0,0,,,,,,,,,,,,,,,,,,,,,,,,,,,,,,,,,,,,,,,,,,,,,,,,,
gun_dooley-ud-test,1046,0,0,,,,,,,,,,,,,,,,,,,,,,,,,,,,,,,,,,,,,,,,,,,,,,,,,
el_gud-ud-train,1071,0,0,,,,,,,,,,,,,,,,,,,,,,,,,,,,,,,,,,,,,,,,,,,,,,,,,
el_gud-ud-test,736,0,0,,,,,,,,,,,,,,,,,,,,,,,,,,,,,,,,,,,,,,,,,,,,,,,,,
fa_seraji-ud-dev,599,0,0,,,,,,,,,,,,,,,,,,,,,,,,,,,,,,,,,,,,,,,,,,,,,,,,,
fa_seraji-ud-test,600,0,0,,,,,,,,,,,,,,,,,,,,,,,,,,,,,,,,,,,,,,,,,,,,,,,,,
fa_seraji-ud-train,4798,0,0,,,,,,,,,,,,,,,,,,,,,,,,,,,,,,,,,,,,,,,,,,,,,,,,,
tr_pud-ud-test,1000,0,0,,,,,,,,,,,,,,,,,,,,,,,,,,,,,,,,,,,,,,,,,,,,,,,,,
es_gsd-ud-test,426,0,86,20.0,10.0,8.0,16.0,13.0,10.0,5.0,2.0,2.0,,,,,,,,,,,,,,,,,,,,,,,,,,,,,,,,,,,,,,,,
es_gsd-ud-dev,1400,0,364,78.0,32.0,86.0,51.0,17.0,39.0,39.0,7.0,5.0,8.0,1.0,1.0,,,,,,,,,,,,,,,,,,,,,,,,,,,,,,,,,,,,,
es_gsd-ud-train,14187,0,3497,791.0,308.0,695.0,446.0,194.0,558.0,282.0,37.0,65.0,100.0,1.0,5.0,6.0,5.0,1.0,2.0,1.0,,,,,,,,,,,,,,,,,,,,,,,,,,,,,,,,
fi_ood-ud-test,2122,0,0,,,,,,,,,,,,,,,,,,,,,,,,,,,,,,,,,,,,,,,,,,,,,,,,,
de_hdt-ud-test,18459,0,0,,,,,,,,,,,,,,,,,,,,,,,,,,,,,,,,,,,,,,,,,,,,,,,,,
de_hdt-ud-train,153035,0,0,,,,,,,,,,,,,,,,,,,,,,,,,,,,,,,,,,,,,,,,,,,,,,,,,
de_hdt-ud-dev,18434,0,0,,,,,,,,,,,,,,,,,,,,,,,,,,,,,,,,,,,,,,,,,,,,,,,,,
sga_dipsgg-ud-test,64,0,0,,,,,,,,,,,,,,,,,,,,,,,,,,,,,,,,,,,,,,,,,,,,,,,,,
pt_porttinari-ud-train,5893,0,834,222.0,41.0,197.0,116.0,56.0,88.0,60.0,2.0,10.0,21.0,,,3.0,,,,,1.0,17.0,,,,,,,,,,,,,,,,,,,,,,,,,,,,,,
pt_porttinari-ud-test,1683,0,207,56.0,12.0,56.0,23.0,9.0,28.0,12.0,,2.0,5.0,,,2.0,,,,,,2.0,,,,,,,,,,,,,,,,,,,,,,,,,,,,,,
pt_porttinari-ud-dev,842,0,120,35.0,12.0,20.0,15.0,3.0,19.0,10.0,,3.0,,,,,,,,,,3.0,,,,,,,,,,,,,,,,,,,,,,,,,,,,,,
gsw_uzh-ud-test,100,0,0,,,,,,,,,,,,,,,,,,,,,,,,,,,,,,,,,,,,,,,,,,,,,,,,,
sv_talbanken-ud-dev,504,0,0,,,,,,,,,,,,,,,,,,,,,,,,,,,,,,,,,,,,,,,,,,,,,,,,,
sv_talbanken-ud-test,1219,0,0,,,,,,,,,,,,,,,,,,,,,,,,,,,,,,,,,,,,,,,,,,,,,,,,,
sv_talbanken-ud-train,4303,0,0,,,,,,,,,,,,,,,,,,,,,,,,,,,,,,,,,,,,,,,,,,,,,,,,,
ar_nyuad-ud-train,15789,0,0,,,,,,,,,,,,,,,,,,,,,,,,,,,,,,,,,,,,,,,,,,,,,,,,,
ar_nyuad-ud-dev,1986,0,0,,,,,,,,,,,,,,,,,,,,,,,,,,,,,,,,,,,,,,,,,,,,,,,,,
ar_nyuad-ud-test,1963,0,0,,,,,,,,,,,,,,,,,,,,,,,,,,,,,,,,,,,,,,,,,,,,,,,,,
pl_pdb-ud-test,2215,0,0,,,,,,,,,,,,,,,,,,,,,,,,,,,,,,,,,,,,,,,,,,,,,,,,,
pl_pdb-ud-train,17722,0,0,,,,,,,,,,,,,,,,,,,,,,,,,,,,,,,,,,,,,,,,,,,,,,,,,
pl_pdb-ud-dev,2215,0,0,,,,,,,,,,,,,,,,,,,,,,,,,,,,,,,,,,,,,,,,,,,,,,,,,
bar_maibaam-ud-test,1070,0,0,,,,,,,,,,,,,,,,,,,,,,,,,,,,,,,,,,,,,,,,,,,,,,,,,
sah_yktdt-ud-test,299,0,0,,,,,,,,,,,,,,,,,,,,,,,,,,,,,,,,,,,,,,,,,,,,,,,,,
uk_iu-ud-dev,673,0,0,,,,,,,,,,,,,,,,,,,,,,,,,,,,,,,,,,,,,,,,,,,,,,,,,
uk_iu-ud-train,5521,0,0,,,,,,,,,,,,,,,,,,,,,,,,,,,,,,,,,,,,,,,,,,,,,,,,,
uk_iu-ud-test,898,0,0,,,,,,,,,,,,,,,,,,,,,,,,,,,,,,,,,,,,,,,,,,,,,,,,,
sa_vedic-ud-test,2709,0,0,,,,,,,,,,,,,,,,,,,,,,,,,,,,,,,,,,,,,,,,,,,,,,,,,
sa_vedic-ud-train,21477,0,0,,,,,,,,,,,,,,,,,,,,,,,,,,,,,,,,,,,,,,,,,,,,,,,,,
sa_vedic-ud-dev,2996,0,0,,,,,,,,,,,,,,,,,,,,,,,,,,,,,,,,,,,,,,,,,,,,,,,,,
bn_bru-ud-test,56,0,0,,,,,,,,,,,,,,,,,,,,,,,,,,,,,,,,,,,,,,,,,,,,,,,,,
hi_hdtb-ud-train,13306,0,0,,,,,,,,,,,,,,,,,,,,,,,,,,,,,,,,,,,,,,,,,,,,,,,,,
hi_hdtb-ud-dev,1659,0,0,,,,,,,,,,,,,,,,,,,,,,,,,,,,,,,,,,,,,,,,,,,,,,,,,
hi_hdtb-ud-test,1684,0,0,,,,,,,,,,,,,,,,,,,,,,,,,,,,,,,,,,,,,,,,,,,,,,,,,
tl_ugnayan-ud-test,94,0,0,,,,,,,,,,,,,,,,,,,,,,,,,,,,,,,,,,,,,,,,,,,,,,,,,
es_ancora-ud-train,14287,0,3333,524.0,494.0,459.0,622.0,341.0,6.0,199.0,52.0,23.0,,,,588.0,21.0,,,,,,3.0,1.0,,,,,,,,,,,,,,,,,,,,,,,,,,,,
es_ancora-ud-test,1721,0,457,63.0,68.0,51.0,96.0,55.0,1.0,25.0,7.0,3.0,,,,81.0,6.0,,,,,,,,1.0,,,,,,,,,,,,,,,,,,,,,,,,,,,
es_ancora-ud-dev,1654,0,372,59.0,52.0,51.0,67.0,39.0,1.0,25.0,2.0,2.0,,,,69.0,4.0,,,,,,,,1.0,,,,,,,,,,,,,,,,,,,,,,,,,,,
kmr_mg-ud-train,20,0,0,,,,,,,,,,,,,,,,,,,,,,,,,,,,,,,,,,,,,,,,,,,,,,,,,
kmr_mg-ud-test,734,0,0,,,,,,,,,,,,,,,,,,,,,,,,,,,,,,,,,,,,,,,,,,,,,,,,,
no_nynorsk-ud-dev,1890,0,0,,,,,,,,,,,,,,,,,,,,,,,,,,,,,,,,,,,,,,,,,,,,,,,,,
no_nynorsk-ud-test,1511,0,0,,,,,,,,,,,,,,,,,,,,,,,,,,,,,,,,,,,,,,,,,,,,,,,,,
no_nynorsk-ud-train,14174,0,0,,,,,,,,,,,,,,,,,,,,,,,,,,,,,,,,,,,,,,,,,,,,,,,,,
hr_set-ud-dev,960,0,0,,,,,,,,,,,,,,,,,,,,,,,,,,,,,,,,,,,,,,,,,,,,,,,,,
hr_set-ud-train,6914,0,1,,,1.0,,,,,,,,,,,,,,,,,,,,,,,,,,,,,,,,,,,,,,,,,,,,,,
hr_set-ud-test,1136,0,1,,,1.0,,,,,,,,,,,,,,,,,,,,,,,,,,,,,,,,,,,,,,,,,,,,,,
orv_rnc-ud-dev,943,0,3,,1.0,,,,,2.0,,,,,,,,,,,,,,,,,,,,,,,,,,,,,,,,,,,,,,,,,,
orv_rnc-ud-train,1868,0,17,4.0,4.0,1.0,1.0,,,5.0,,2.0,,,,,,,,,,,,,,,,,,,,,,,,,,,,,,,,,,,,,,,,
orv_rnc-ud-test,717,0,0,,,,,,,,,,,,,,,,,,,,,,,,,,,,,,,,,,,,,,,,,,,,,,,,,
cpg_tuecl-ud-test,350,0,0,,,,,,,,,,,,,,,,,,,,,,,,,,,,,,,,,,,,,,,,,,,,,,,,,
la_circse-ud-test,1263,0,0,,,,,,,,,,,,,,,,,,,,,,,,,,,,,,,,,,,,,,,,,,,,,,,,,
he_iahltwiki-ud-train,4298,0,0,,,,,,,,,,,,,,,,,,,,,,,,,,,,,,,,,,,,,,,,,,,,,,,,,
he_iahltwiki-ud-dev,348,0,0,,,,,,,,,,,,,,,,,,,,,,,,,,,,,,,,,,,,,,,,,,,,,,,,,
he_iahltwiki-ud-test,393,0,0,,,,,,,,,,,,,,,,,,,,,,,,,,,,,,,,,,,,,,,,,,,,,,,,,
is_pud-ud-test,1000,0,0,,,,,,,,,,,,,,,,,,,,,,,,,,,,,,,,,,,,,,,,,,,,,,,,,
grc_perseus-ud-dev,1137,0,0,,,,,,,,,,,,,,,,,,,,,,,,,,,,,,,,,,,,,,,,,,,,,,,,,
grc_perseus-ud-train,11476,0,0,,,,,,,,,,,,,,,,,,,,,,,,,,,,,,,,,,,,,,,,,,,,,,,,,
grc_perseus-ud-test,1306,0,0,,,,,,,,,,,,,,,,,,,,,,,,,,,,,,,,,,,,,,,,,,,,,,,,,
aii_as-ud-test,57,0,0,,,,,,,,,,,,,,,,,,,,,,,,,,,,,,,,,,,,,,,,,,,,,,,,,
qpm_philotis-ud-train,980,0,0,,,,,,,,,,,,,,,,,,,,,,,,,,,,,,,,,,,,,,,,,,,,,,,,,
qpm_philotis-ud-dev,635,0,0,,,,,,,,,,,,,,,,,,,,,,,,,,,,,,,,,,,,,,,,,,,,,,,,,
qpm_philotis-ud-test,635,0,0,,,,,,,,,,,,,,,,,,,,,,,,,,,,,,,,,,,,,,,,,,,,,,,,,
tr_atis-ud-dev,572,0,0,,,,,,,,,,,,,,,,,,,,,,,,,,,,,,,,,,,,,,,,,,,,,,,,,
tr_atis-ud-train,4274,0,0,,,,,,,,,,,,,,,,,,,,,,,,,,,,,,,,,,,,,,,,,,,,,,,,,
tr_atis-ud-test,586,0,0,,,,,,,,,,,,,,,,,,,,,,,,,,,,,,,,,,,,,,,,,,,,,,,,,
pt_pud-ud-test,1000,0,0,,,,,,,,,,,,,,,,,,,,,,,,,,,,,,,,,,,,,,,,,,,,,,,,,
hi_pud-ud-test,1000,0,0,,,,,,,,,,,,,,,,,,,,,,,,,,,,,,,,,,,,,,,,,,,,,,,,,
la_perseus-ud-test,939,0,0,,,,,,,,,,,,,,,,,,,,,,,,,,,,,,,,,,,,,,,,,,,,,,,,,
la_perseus-ud-train,1334,0,0,,,,,,,,,,,,,,,,,,,,,,,,,,,,,,,,,,,,,,,,,,,,,,,,,
tr_kenet-ud-dev,1646,0,0,,,,,,,,,,,,,,,,,,,,,,,,,,,,,,,,,,,,,,,,,,,,,,,,,
tr_kenet-ud-test,1643,0,0,,,,,,,,,,,,,,,,,,,,,,,,,,,,,,,,,,,,,,,,,,,,,,,,,
tr_kenet-ud-train,15398,0,0,,,,,,,,,,,,,,,,,,,,,,,,,,,,,,,,,,,,,,,,,,,,,,,,,
sms_giellagas-ud-test,230,0,0,,,,,,,,,,,,,,,,,,,,,,,,,,,,,,,,,,,,,,,,,,,,,,,,,
sms_giellagas-ud-train,20,0,0,,,,,,,,,,,,,,,,,,,,,,,,,,,,,,,,,,,,,,,,,,,,,,,,,
sk_snk-ud-dev,1060,0,0,,,,,,,,,,,,,,,,,,,,,,,,,,,,,,,,,,,,,,,,,,,,,,,,,
sk_snk-ud-test,1061,0,0,,,,,,,,,,,,,,,,,,,,,,,,,,,,,,,,,,,,,,,,,,,,,,,,,
sk_snk-ud-train,8483,0,0,,,,,,,,,,,,,,,,,,,,,,,,,,,,,,,,,,,,,,,,,,,,,,,,,
lt_hse-ud-train,153,0,0,,,,,,,,,,,,,,,,,,,,,,,,,,,,,,,,,,,,,,,,,,,,,,,,,
lt_hse-ud-test,55,0,0,,,,,,,,,,,,,,,,,,,,,,,,,,,,,,,,,,,,,,,,,,,,,,,,,
lt_hse-ud-dev,55,0,0,,,,,,,,,,,,,,,,,,,,,,,,,,,,,,,,,,,,,,,,,,,,,,,,,
ess_sli-ud-test,309,0,0,,,,,,,,,,,,,,,,,,,,,,,,,,,,,,,,,,,,,,,,,,,,,,,,,
frm_profiterole-ud-test,512,0,0,,,,,,,,,,,,,,,,,,,,,,,,,,,,,,,,,,,,,,,,,,,,,,,,,
ky_tuecl-ud-test,145,0,0,,,,,,,,,,,,,,,,,,,,,,,,,,,,,,,,,,,,,,,,,,,,,,,,,
hit_hittb-ud-test,136,0,0,,,,,,,,,,,,,,,,,,,,,,,,,,,,,,,,,,,,,,,,,,,,,,,,,
sa_ufal-ud-test,230,0,19,16.0,1.0,,,,1.0,,1.0,,,,,,,,,,,,,,,,,,,,,,,,,,,,,,,,,,,,,,,,,
be_hse-ud-train,22853,0,0,,,,,,,,,,,,,,,,,,,,,,,,,,,,,,,,,,,,,,,,,,,,,,,,,
be_hse-ud-dev,1301,0,0,,,,,,,,,,,,,,,,,,,,,,,,,,,,,,,,,,,,,,,,,,,,,,,,,
be_hse-ud-test,1077,0,0,,,,,,,,,,,,,,,,,,,,,,,,,,,,,,,,,,,,,,,,,,,,,,,,,
et_ewt-ud-train,5444,0,0,,,,,,,,,,,,,,,,,,,,,,,,,,,,,,,,,,,,,,,,,,,,,,,,,
et_ewt-ud-test,913,0,0,,,,,,,,,,,,,,,,,,,,,,,,,,,,,,,,,,,,,,,,,,,,,,,,,
et_ewt-ud-dev,833,0,0,,,,,,,,,,,,,,,,,,,,,,,,,,,,,,,,,,,,,,,,,,,,,,,,,
jaa_jarawara-ud-test,20,0,0,,,,,,,,,,,,,,,,,,,,,,,,,,,,,,,,,,,,,,,,,,,,,,,,,
yo_ytb-ud-test,318,0,0,,,,,,,,,,,,,,,,,,,,,,,,,,,,,,,,,,,,,,,,,,,,,,,,,
ckt_hse-ud-test,1004,0,0,,,,,,,,,,,,,,,,,,,,,,,,,,,,,,,,,,,,,,,,,,,,,,,,,
wo_wtb-ud-dev,449,0,1,,,,1.0,,,,,,,,,,,,,,,,,,,,,,,,,,,,,,,,,,,,,,,,,,,,,
wo_wtb-ud-test,470,0,0,,,,,,,,,,,,,,,,,,,,,,,,,,,,,,,,,,,,,,,,,,,,,,,,,
wo_wtb-ud-train,1188,0,0,,,,,,,,,,,,,,,,,,,,,,,,,,,,,,,,,,,,,,,,,,,,,,,,,
gub_tudet-ud-test,1182,0,0,,,,,,,,,,,,,,,,,,,,,,,,,,,,,,,,,,,,,,,,,,,,,,,,,
say_autogramm-ud-test,1864,0,0,,,,,,,,,,,,,,,,,,,,,,,,,,,,,,,,,,,,,,,,,,,,,,,,,
cs_pud-ud-test,1000,0,0,,,,,,,,,,,,,,,,,,,,,,,,,,,,,,,,,,,,,,,,,,,,,,,,,
ja_pudluw-ud-test,1000,0,0,,,,,,,,,,,,,,,,,,,,,,,,,,,,,,,,,,,,,,,,,,,,,,,,,
orv_ruthenian-ud-test,390,0,0,,,,,,,,,,,,,,,,,,,,,,,,,,,,,,,,,,,,,,,,,,,,,,,,,
orv_ruthenian-ud-train,2789,0,0,,,,,,,,,,,,,,,,,,,,,,,,,,,,,,,,,,,,,,,,,,,,,,,,,
orv_ruthenian-ud-dev,344,0,0,,,,,,,,,,,,,,,,,,,,,,,,,,,,,,,,,,,,,,,,,,,,,,,,,
lzh_tuecl-ud-test,100,0,0,,,,,,,,,,,,,,,,,,,,,,,,,,,,,,,,,,,,,,,,,,,,,,,,,
ml_ufal-ud-test,218,0,0,,,,,,,,,,,,,,,,,,,,,,,,,,,,,,,,,,,,,,,,,,,,,,,,,
apu_ufpa-ud-test,161,0,0,,,,,,,,,,,,,,,,,,,,,,,,,,,,,,,,,,,,,,,,,,,,,,,,,
egy_ujaen-ud-test,721,0,0,,,,,,,,,,,,,,,,,,,,,,,,,,,,,,,,,,,,,,,,,,,,,,,,,
en_gumreddit-ud-train,686,0,0,,,,,,,,,,,,,,,,,,,,,,,,,,,,,,,,,,,,,,,,,,,,,,,,,
en_gumreddit-ud-test,105,0,0,,,,,,,,,,,,,,,,,,,,,,,,,,,,,,,,,,,,,,,,,,,,,,,,,
en_gumreddit-ud-dev,104,0,0,,,,,,,,,,,,,,,,,,,,,,,,,,,,,,,,,,,,,,,,,,,,,,,,,
nyq_aha-ud-test,10,0,0,,,,,,,,,,,,,,,,,,,,,,,,,,,,,,,,,,,,,,,,,,,,,,,,,
de_pud-ud-test,1000,0,0,,,,,,,,,,,,,,,,,,,,,,,,,,,,,,,,,,,,,,,,,,,,,,,,,
cop_scriptorium-ud-dev,381,0,0,,,,,,,,,,,,,,,,,,,,,,,,,,,,,,,,,,,,,,,,,,,,,,,,,
cop_scriptorium-ud-train,1419,0,0,,,,,,,,,,,,,,,,,,,,,,,,,,,,,,,,,,,,,,,,,,,,,,,,,
cop_scriptorium-ud-test,403,0,0,,,,,,,,,,,,,,,,,,,,,,,,,,,,,,,,,,,,,,,,,,,,,,,,,
gl_treegal-ud-train,600,0,92,23.0,7.0,18.0,12.0,6.0,,7.0,1.0,1.0,,,,17.0,,,,,,,,,,,,,,,,,,,,,,,,,,,,,,,,,,,,
gl_treegal-ud-test,400,0,46,9.0,5.0,7.0,5.0,6.0,,2.0,,,,,,10.0,1.0,,,,,,1.0,,,,,,,,,,,,,,,,,,,,,,,,,,,,,
gl_ctg-ud-dev,860,0,0,,,,,,,,,,,,,,,,,,,,,,,,,,,,,,,,,,,,,,,,,,,,,,,,,
gl_ctg-ud-test,861,0,0,,,,,,,,,,,,,,,,,,,,,,,,,,,,,,,,,,,,,,,,,,,,,,,,,
gl_ctg-ud-train,2272,0,0,,,,,,,,,,,,,,,,,,,,,,,,,,,,,,,,,,,,,,,,,,,,,,,,,
ro_nonstandard-ud-test,1052,0,146,38.0,20.0,14.0,3.0,1.0,,41.0,2.0,2.0,3.0,,,18.0,2.0,,,,,,1.0,,,1.0,,,,,,,,,,,,,,,,,,,,,,,,,,
ro_nonstandard-ud-dev,1052,0,211,70.0,18.0,17.0,2.0,4.0,,50.0,4.0,4.0,5.0,,,31.0,1.0,,,,,,,,,5.0,,,,,,,,,,,,,,,,,,,,,,,,,,
ro_nonstandard-ud-train,24121,0,9328,2712.0,1101.0,1121.0,147.0,107.0,,2857.0,87.0,66.0,143.0,,,661.0,46.0,4.0,,,,,3.0,,1.0,247.0,1.0,17.0,2.0,5.0,,,,,,,,,,,,,,,,,,,,,,
ro_simonero-ud-test,491,0,4,2.0,,1.0,,,,,,,,,,1.0,,,,,,,,,,,,,,,,,,,,,,,,,,,,,,,,,,,,
ro_simonero-ud-train,3747,0,146,21.0,11.0,33.0,3.0,6.0,,11.0,1.0,2.0,16.0,,,41.0,,,,,,,,,,,,,,,1.0,,,,,,,,,,,,,,,,,,,,,
ro_simonero-ud-dev,443,0,13,2.0,1.0,7.0,,,,,,,2.0,,,1.0,,,,,,,,,,,,,,,,,,,,,,,,,,,,,,,,,,,,
az_tuecl-ud-test,108,0,0,,,,,,,,,,,,,,,,,,,,,,,,,,,,,,,,,,,,,,,,,,,,,,,,,
sq_tsa-ud-test,60,0,0,,,,,,,,,,,,,,,,,,,,,,,,,,,,,,,,,,,,,,,,,,,,,,,,,
pt_petrogold-ud-train,7170,0,198,26.0,20.0,33.0,13.0,9.0,19.0,3.0,4.0,1.0,70.0,,,,,,,,,,,,,,,,,,,,,,,,,,,,,,,,,,,,,,,
pt_petrogold-ud-test,1039,0,66,,3.0,7.0,6.0,3.0,34.0,3.0,,1.0,9.0,,,,,,,,,,,,,,,,,,,,,,,,,,,,,,,,,,,,,,,
pt_petrogold-ud-dev,737,0,9,3.0,1.0,1.0,1.0,1.0,,2.0,,,,,,,,,,,,,,,,,,,,,,,,,,,,,,,,,,,,,,,,,,
mr_ufal-ud-dev,46,0,0,,,,,,,,,,,,,,,,,,,,,,,,,,,,,,,,,,,,,,,,,,,,,,,,,
mr_ufal-ud-test,47,0,0,,,,,,,,,,,,,,,,,,,,,,,,,,,,,,,,,,,,,,,,,,,,,,,,,
mr_ufal-ud-train,373,0,0,,,,,,,,,,,,,,,,,,,,,,,,,,,,,,,,,,,,,,,,,,,,,,,,,
pt_gsd-ud-dev,1204,0,15,1.0,,6.0,,1.0,1.0,1.0,,1.0,4.0,,,,,,,,,,,,,,,,,,,,,,,,,,,,,,,,,,,,,,,
pt_gsd-ud-test,1200,0,25,2.0,2.0,2.0,5.0,6.0,5.0,1.0,,,2.0,,,,,,,,,,,,,,,,,,,,,,,,,,,,,,,,,,,,,,,
pt_gsd-ud-train,9616,0,189,33.0,18.0,44.0,31.0,11.0,29.0,13.0,,1.0,8.0,,,1.0,,,,,,,,,,,,,,,,,,,,,,,,,,,,,,,,,,,,
si_stb-ud-test,100,0,0,,,,,,,,,,,,,,,,,,,,,,,,,,,,,,,,,,,,,,,,,,,,,,,,,
ga_twittirish-ud-dev,864,0,0,,,,,,,,,,,,,,,,,,,,,,,,,,,,,,,,,,,,,,,,,,,,,,,,,
ga_twittirish-ud-test,866,0,0,,,,,,,,,,,,,,,,,,,,,,,,,,,,,,,,,,,,,,,,,,,,,,,,,
ga_twittirish-ud-train,866,0,0,,,,,,,,,,,,,,,,,,,,,,,,,,,,,,,,,,,,,,,,,,,,,,,,,
ro_tuecl-ud-test,210,0,37,6.0,3.0,4.0,,,,13.0,,7.0,2.0,,,1.0,,,,,,,,,,,,1.0,,,,,,,,,,,,,,,,,,,,,,,,
ar_padt-ud-dev,909,0,0,,,,,,,,,,,,,,,,,,,,,,,,,,,,,,,,,,,,,,,,,,,,,,,,,
ar_padt-ud-train,6075,0,0,,,,,,,,,,,,,,,,,,,,,,,,,,,,,,,,,,,,,,,,,,,,,,,,,
ar_padt-ud-test,680,0,0,,,,,,,,,,,,,,,,,,,,,,,,,,,,,,,,,,,,,,,,,,,,,,,,,
lt_alksnis-ud-test,684,0,0,,,,,,,,,,,,,,,,,,,,,,,,,,,,,,,,,,,,,,,,,,,,,,,,,
lt_alksnis-ud-dev,617,0,0,,,,,,,,,,,,,,,,,,,,,,,,,,,,,,,,,,,,,,,,,,,,,,,,,
lt_alksnis-ud-train,2341,0,0,,,,,,,,,,,,,,,,,,,,,,,,,,,,,,,,,,,,,,,,,,,,,,,,,
vi_tuecl-ud-test,100,0,0,,,,,,,,,,,,,,,,,,,,,,,,,,,,,,,,,,,,,,,,,,,,,,,,,
zh_beginner-ud-test,2295,0,0,,,,,,,,,,,,,,,,,,,,,,,,,,,,,,,,,,,,,,,,,,,,,,,,,
cu_proiel-ud-train,18327,0,0,,,,,,,,,,,,,,,,,,,,,,,,,,,,,,,,,,,,,,,,,,,,,,,,,
cu_proiel-ud-test,2096,0,0,,,,,,,,,,,,,,,,,,,,,,,,,,,,,,,,,,,,,,,,,,,,,,,,,
cu_proiel-ud-dev,2205,0,0,,,,,,,,,,,,,,,,,,,,,,,,,,,,,,,,,,,,,,,,,,,,,,,,,
olo_kkpp-ud-test,106,0,0,,,,,,,,,,,,,,,,,,,,,,,,,,,,,,,,,,,,,,,,,,,,,,,,,
olo_kkpp-ud-train,19,0,0,,,,,,,,,,,,,,,,,,,,,,,,,,,,,,,,,,,,,,,,,,,,,,,,,
ko_gsd-ud-test,989,0,0,,,,,,,,,,,,,,,,,,,,,,,,,,,,,,,,,,,,,,,,,,,,,,,,,
ko_gsd-ud-train,4400,0,0,,,,,,,,,,,,,,,,,,,,,,,,,,,,,,,,,,,,,,,,,,,,,,,,,
ko_gsd-ud-dev,950,0,0,,,,,,,,,,,,,,,,,,,,,,,,,,,,,,,,,,,,,,,,,,,,,,,,,
it_old-ud-train,1748,0,153,,43.0,27.0,19.0,22.0,13.0,5.0,9.0,2.0,4.0,,,,1.0,,,,,,,,,,,,,,,5.0,3.0,,,,,,,,,,,,,,,,,,,
it_old-ud-dev,316,0,45,,13.0,12.0,6.0,5.0,4.0,2.0,,1.0,1.0,,,,,,,,,,,,,,,,,,,1.0,,,,,,,,,,,,,,,,,,,,
it_old-ud-test,338,0,40,1.0,11.0,7.0,7.0,4.0,,1.0,2.0,,6.0,,,,,,,,,,,,,,,,,,,1.0,,,,,,,,,,,,,,,,,,,,
hy_bsut-ud-train,1226,0,359,27.0,13.0,84.0,210.0,3.0,5.0,11.0,,,,,,5.0,,,,,,,1.0,,,,,,,,,,,,,,,,,,,,,,,,,,,,,
hy_bsut-ud-test,595,0,166,8.0,3.0,39.0,105.0,2.0,1.0,6.0,,,,,,,1.0,,,,,,,,,,,,,,,,,1.0,,,,,,,,,,,,,,,,,,
hy_bsut-ud-dev,479,0,152,8.0,5.0,32.0,98.0,,2.0,3.0,1.0,1.0,,,,,1.0,,,,,,,,,,,,,,,,1.0,,,,,,,,,,,,,,,,,,,
mdf_jr-ud-test,454,0,0,,,,,,,,,,,,,,,,,,,,,,,,,,,,,,,,,,,,,,,,,,,,,,,,,
mdf_jr-ud-train,20,0,0,,,,,,,,,,,,,,,,,,,,,,,,,,,,,,,,,,,,,,,,,,,,,,,,,
vep_vwt-ud-test,103,0,0,,,,,,,,,,,,,,,,,,,,,,,,,,,,,,,,,,,,,,,,,,,,,,,,,
la_llct-ud-dev,850,0,0,,,,,,,,,,,,,,,,,,,,,,,,,,,,,,,,,,,,,,,,,,,,,,,,,
la_llct-ud-test,884,0,0,,,,,,,,,,,,,,,,,,,,,,,,,,,,,,,,,,,,,,,,,,,,,,,,,
la_llct-ud-train,7289,0,0,,,,,,,,,,,,,,,,,,,,,,,,,,,,,,,,,,,,,,,,,,,,,,,,,
bor_bdt-ud-test,881,0,0,,,,,,,,,,,,,,,,,,,,,,,,,,,,,,,,,,,,,,,,,,,,,,,,,
ja_gsd-ud-dev,507,0,0,,,,,,,,,,,,,,,,,,,,,,,,,,,,,,,,,,,,,,,,,,,,,,,,,
ja_gsd-ud-train,7050,0,0,,,,,,,,,,,,,,,,,,,,,,,,,,,,,,,,,,,,,,,,,,,,,,,,,
ja_gsd-ud-test,543,0,0,,,,,,,,,,,,,,,,,,,,,,,,,,,,,,,,,,,,,,,,,,,,,,,,,
es_pud-ud-test,1000,0,330,64.0,24.0,42.0,51.0,40.0,38.0,30.0,4.0,6.0,6.0,,,2.0,19.0,,,,,,1.0,,,,,,,,3.0,,,,,,,,,,,,,,,,,,,,,
en_atis-ud-test,586,0,0,,,,,,,,,,,,,,,,,,,,,,,,,,,,,,,,,,,,,,,,,,,,,,,,,
en_atis-ud-train,4274,0,0,,,,,,,,,,,,,,,,,,,,,,,,,,,,,,,,,,,,,,,,,,,,,,,,,
en_atis-ud-dev,572,0,0,,,,,,,,,,,,,,,,,,,,,,,,,,,,,,,,,,,,,,,,,,,,,,,,,
hsb_ufal-ud-test,623,0,0,,,,,,,,,,,,,,,,,,,,,,,,,,,,,,,,,,,,,,,,,,,,,,,,,
hsb_ufal-ud-train,23,0,0,,,,,,,,,,,,,,,,,,,,,,,,,,,,,,,,,,,,,,,,,,,,,,,,,
fi_tdt-ud-train,12217,0,0,,,,,,,,,,,,,,,,,,,,,,,,,,,,,,,,,,,,,,,,,,,,,,,,,
fi_tdt-ud-test,1555,0,0,,,,,,,,,,,,,,,,,,,,,,,,,,,,,,,,,,,,,,,,,,,,,,,,,
fi_tdt-ud-dev,1364,0,0,,,,,,,,,,,,,,,,,,,,,,,,,,,,,,,,,,,,,,,,,,,,,,,,,
id_gsd-ud-train,4482,0,0,,,,,,,,,,,,,,,,,,,,,,,,,,,,,,,,,,,,,,,,,,,,,,,,,
id_gsd-ud-test,557,0,0,,,,,,,,,,,,,,,,,,,,,,,,,,,,,,,,,,,,,,,,,,,,,,,,,
id_gsd-ud-dev,559,0,0,,,,,,,,,,,,,,,,,,,,,,,,,,,,,,,,,,,,,,,,,,,,,,,,,
it_valico-ud-test,398,0,390,75.0,16.0,83.0,91.0,16.0,34.0,66.0,,7.0,1.0,,,,1.0,,,,,,,,,,,,,,,,,,,,,,,,,,,,,,,,,,,
sr_set-ud-test,520,0,0,,,,,,,,,,,,,,,,,,,,,,,,,,,,,,,,,,,,,,,,,,,,,,,,,
sr_set-ud-train,3328,0,0,,,,,,,,,,,,,,,,,,,,,,,,,,,,,,,,,,,,,,,,,,,,,,,,,
sr_set-ud-dev,536,0,0,,,,,,,,,,,,,,,,,,,,,,,,,,,,,,,,,,,,,,,,,,,,,,,,,
ar_pud-ud-test,1000,0,0,,,,,,,,,,,,,,,,,,,,,,,,,,,,,,,,,,,,,,,,,,,,,,,,,
fa_perdt-ud-test,1455,0,0,,,,,,,,,,,,,,,,,,,,,,,,,,,,,,,,,,,,,,,,,,,,,,,,,
fa_perdt-ud-train,26196,0,0,,,,,,,,,,,,,,,,,,,,,,,,,,,,,,,,,,,,,,,,,,,,,,,,,
fa_perdt-ud-dev,1456,0,0,,,,,,,,,,,,,,,,,,,,,,,,,,,,,,,,,,,,,,,,,,,,,,,,,
gv_cadhan-ud-test,1164,0,0,,,,,,,,,,,,,,,,,,,,,,,,,,,,,,,,,,,,,,,,,,,,,,,,,
gv_cadhan-ud-train,1172,0,0,,,,,,,,,,,,,,,,,,,,,,,,,,,,,,,,,,,,,,,,,,,,,,,,,
myv_jr-ud-test,921,0,0,,,,,,,,,,,,,,,,,,,,,,,,,,,,,,,,,,,,,,,,,,,,,,,,,
myv_jr-ud-train,1217,0,0,,,,,,,,,,,,,,,,,,,,,,,,,,,,,,,,,,,,,,,,,,,,,,,,,
quc_iu-ud-test,1435,0,0,,,,,,,,,,,,,,,,,,,,,,,,,,,,,,,,,,,,,,,,,,,,,,,,,
tr_framenet-ud-test,205,0,0,,,,,,,,,,,,,,,,,,,,,,,,,,,,,,,,,,,,,,,,,,,,,,,,,
tr_framenet-ud-train,2288,0,0,,,,,,,,,,,,,,,,,,,,,,,,,,,,,,,,,,,,,,,,,,,,,,,,,
tr_framenet-ud-dev,205,0,0,,,,,,,,,,,,,,,,,,,,,,,,,,,,,,,,,,,,,,,,,,,,,,,,,
id_pud-ud-test,1000,0,0,,,,,,,,,,,,,,,,,,,,,,,,,,,,,,,,,,,,,,,,,,,,,,,,,
bho_bhtb-ud-test,357,0,0,,,,,,,,,,,,,,,,,,,,,,,,,,,,,,,,,,,,,,,,,,,,,,,,,
af_afribooms-ud-train,1315,0,0,,,,,,,,,,,,,,,,,,,,,,,,,,,,,,,,,,,,,,,,,,,,,,,,,
af_afribooms-ud-dev,194,0,0,,,,,,,,,,,,,,,,,,,,,,,,,,,,,,,,,,,,,,,,,,,,,,,,,
af_afribooms-ud-test,425,0,0,,,,,,,,,,,,,,,,,,,,,,,,,,,,,,,,,,,,,,,,,,,,,,,,,
gun_thomas-ud-test,98,0,0,,,,,,,,,,,,,,,,,,,,,,,,,,,,,,,,,,,,,,,,,,,,,,,,,
fr_pud-ud-test,1000,0,294,56.0,17.0,40.0,,19.0,40.0,21.0,2.0,9.0,24.0,,,,,,,,,,,,,,,,,,,,,,64.0,2.0,,,,,,,,,,,,,,,,
it_pud-ud-test,1000,0,0,,,,,,,,,,,,,,,,,,,,,,,,,,,,,,,,,,,,,,,,,,,,,,,,,
kfm_aha-ud-test,10,0,0,,,,,,,,,,,,,,,,,,,,,,,,,,,,,,,,,,,,,,,,,,,,,,,,,
fr_fqb-ud-test,2289,0,161,47.0,1.0,97.0,,,4.0,1.0,,,11.0,,,,,,,,,,,,,,,,,,,,,,,,,,,,,,,,,,,,,,,
bm_crb-ud-test,1026,0,0,,,,,,,,,,,,,,,,,,,,,,,,,,,,,,,,,,,,,,,,,,,,,,,,,
ky_ktmu-ud-train,80,0,0,,,,,,,,,,,,,,,,,,,,,,,,,,,,,,,,,,,,,,,,,,,,,,,,,
ky_ktmu-ud-test,701,0,0,,,,,,,,,,,,,,,,,,,,,,,,,,,,,,,,,,,,,,,,,,,,,,,,,
la_proiel-ud-test,1260,0,0,,,,,,,,,,,,,,,,,,,,,,,,,,,,,,,,,,,,,,,,,,,,,,,,,
la_proiel-ud-dev,1233,0,0,,,,,,,,,,,,,,,,,,,,,,,,,,,,,,,,,,,,,,,,,,,,,,,,,
la_proiel-ud-train,16196,0,0,,,,,,,,,,,,,,,,,,,,,,,,,,,,,,,,,,,,,,,,,,,,,,,,,
kpv_ikdp-ud-test,214,0,0,,,,,,,,,,,,,,,,,,,,,,,,,,,,,,,,,,,,,,,,,,,,,,,,,
pt_cintil-ud-test,3840,0,508,101.0,30.0,177.0,,50.0,,14.0,4.0,12.0,,,,,10.0,,,68.0,,,,33.0,,,2.0,,7.0,,,,,,,,,,,,,,,,,,,,,,,
pt_cintil-ud-dev,3840,0,355,98.0,16.0,149.0,,20.0,,3.0,,3.0,,,,,3.0,,,35.0,,,,23.0,,,2.0,,2.0,,1.0,,,,,,,,,,,,,,,,,,,,,
pt_cintil-ud-train,30720,0,2307,859.0,86.0,822.0,,72.0,,84.0,9.0,28.0,,,,,13.0,,,178.0,,,,111.0,,,24.0,,19.0,,2.0,,,,,,,,,,,,,,,,,,,,,
kpv_lattice-ud-test,643,0,0,,,,,,,,,,,,,,,,,,,,,,,,,,,,,,,,,,,,,,,,,,,,,,,,,
kpv_lattice-ud-train,20,0,0,,,,,,,,,,,,,,,,,,,,,,,,,,,,,,,,,,,,,,,,,,,,,,,,,
akk_pisandub-ud-test,101,0,0,,,,,,,,,,,,,,,,,,,,,,,,,,,,,,,,,,,,,,,,,,,,,,,,,
tt_nmctt-ud-test,148,0,0,,,,,,,,,,,,,,,,,,,,,,,,,,,,,,,,,,,,,,,,,,,,,,,,,
mpu_tudet-ud-test,37,0,0,,,,,,,,,,,,,,,,,,,,,,,,,,,,,,,,,,,,,,,,,,,,,,,,,
swl_sslc-ud-test,203,0,0,,,,,,,,,,,,,,,,,,,,,,,,,,,,,,,,,,,,,,,,,,,,,,,,,
abq_atb-ud-test,98,0,11,4.0,1.0,,,,,6.0,,,,,,,,,,,,,,,,,,,,,,,,,,,,,,,,,,,,,,,,,,
tr_gb-ud-test,2880,0,0,,,,,,,,,,,,,,,,,,,,,,,,,,,,,,,,,,,,,,,,,,,,,,,,,
br_keb-ud-test,884,0,0,,,,,,,,,,,,,,,,,,,,,,,,,,,,,,,,,,,,,,,,,,,,,,,,,
fr_gsd-ud-test,416,0,47,9.0,2.0,12.0,,2.0,6.0,6.0,,1.0,,,,,,,,,,,,,,,,,,,,,,,8.0,1.0,,,,,,,,,,,,,,,,
fr_gsd-ud-train,14450,0,1806,404.0,63.0,420.0,,81.0,213.0,129.0,4.0,25.0,149.0,,,17.0,,,1.0,,,,,,,,,,,,,,,,281.0,4.0,10.0,5.0,,,,,,,,,,,,,,
fr_gsd-ud-dev,1476,0,184,46.0,5.0,42.0,,4.0,27.0,10.0,1.0,3.0,8.0,,,1.0,,,,,,,,,,,,,,,,,,,36.0,,,,1.0,,,,,,,,,,,,,
sv_lines-ud-dev,1032,0,0,,,,,,,,,,,,,,,,,,,,,,,,,,,,,,,,,,,,,,,,,,,,,,,,,
sv_lines-ud-train,3176,0,0,,,,,,,,,,,,,,,,,,,,,,,,,,,,,,,,,,,,,,,,,,,,,,,,,
sv_lines-ud-test,1035,0,0,,,,,,,,,,,,,,,,,,,,,,,,,,,,,,,,,,,,,,,,,,,,,,,,,
grc_proiel-ud-test,1047,0,0,,,,,,,,,,,,,,,,,,,,,,,,,,,,,,,,,,,,,,,,,,,,,,,,,
grc_proiel-ud-train,15016,0,0,,,,,,,,,,,,,,,,,,,,,,,,,,,,,,,,,,,,,,,,,,,,,,,,,
grc_proiel-ud-dev,1019,0,0,,,,,,,,,,,,,,,,,,,,,,,,,,,,,,,,,,,,,,,,,,,,,,,,,
nds_lsdc-ud-train,500,0,0,,,,,,,,,,,,,,,,,,,,,,,,,,,,,,,,,,,,,,,,,,,,,,,,,
nds_lsdc-ud-test,500,0,0,,,,,,,,,,,,,,,,,,,,,,,,,,,,,,,,,,,,,,,,,,,,,,,,,
zh_gsd-ud-dev,500,0,0,,,,,,,,,,,,,,,,,,,,,,,,,,,,,,,,,,,,,,,,,,,,,,,,,
zh_gsd-ud-test,500,0,0,,,,,,,,,,,,,,,,,,,,,,,,,,,,,,,,,,,,,,,,,,,,,,,,,
zh_gsd-ud-train,3997,0,0,,,,,,,,,,,,,,,,,,,,,,,,,,,,,,,,,,,,,,,,,,,,,,,,,
en_gum-ud-train,9521,0,0,,,,,,,,,,,,,,,,,,,,,,,,,,,,,,,,,,,,,,,,,,,,,,,,,
en_gum-ud-test,1285,0,0,,,,,,,,,,,,,,,,,,,,,,,,,,,,,,,,,,,,,,,,,,,,,,,,,
en_gum-ud-dev,1341,0,0,,,,,,,,,,,,,,,,,,,,,,,,,,,,,,,,,,,,,,,,,,,,,,,,,
fo_oft-ud-test,1208,0,16,16.0,,,,,,,,,,,,,,,,,,,,,,,,,,,,,,,,,,,,,,,,,,,,,,,,
yue_hk-ud-test,1004,0,0,,,,,,,,,,,,,,,,,,,,,,,,,,,,,,,,,,,,,,,,,,,,,,,,,
it_isdt-ud-test,482,0,62,11.0,6.0,14.0,20.0,,5.0,3.0,,1.0,2.0,,,,,,,,,,,,,,,,,,,,,,,,,,,,,,,,,,,,,,,
it_isdt-ud-train,13121,0,1659,360.0,118.0,286.0,447.0,54.0,196.0,103.0,6.0,12.0,76.0,,,1.0,,,,,,,,,,,,,,,,,,,,,,,,,,,,,,,,,,,,
it_isdt-ud-dev,564,0,84,19.0,5.0,16.0,23.0,1.0,12.0,6.0,,,2.0,,,,,,,,,,,,,,,,,,,,,,,,,,,,,,,,,,,,,,,
vi_vtb-ud-dev,1123,0,0,,,,,,,,,,,,,,,,,,,,,,,,,,,,,,,,,,,,,,,,,,,,,,,,,
vi_vtb-ud-train,1400,0,0,,,,,,,,,,,,,,,,,,,,,,,,,,,,,,,,,,,,,,,,,,,,,,,,,
vi_vtb-ud-test,800,0,0,,,,,,,,,,,,,,,,,,,,,,,,,,,,,,,,,,,,,,,,,,,,,,,,,
ru_taiga-ud-train,16045,0,0,,,,,,,,,,,,,,,,,,,,,,,,,,,,,,,,,,,,,,,,,,,,,,,,,
ru_taiga-ud-dev,946,0,0,,,,,,,,,,,,,,,,,,,,,,,,,,,,,,,,,,,,,,,,,,,,,,,,,
ru_taiga-ud-test,881,0,0,,,,,,,,,,,,,,,,,,,,,,,,,,,,,,,,,,,,,,,,,,,,,,,,,
en_ctetex-ud-test,276,0,0,,,,,,,,,,,,,,,,,,,,,,,,,,,,,,,,,,,,,,,,,,,,,,,,,
tpn_tudet-ud-test,581,0,0,,,,,,,,,,,,,,,,,,,,,,,,,,,,,,,,,,,,,,,,,,,,,,,,,
fi_pud-ud-test,1000,0,0,,,,,,,,,,,,,,,,,,,,,,,,,,,,,,,,,,,,,,,,,,,,,,,,,
ja_bccwj-ud-train,40801,0,0,,,,,,,,,,,,,,,,,,,,,,,,,,,,,,,,,,,,,,,,,,,,,,,,,
ja_bccwj-ud-test,7881,0,0,,,,,,,,,,,,,,,,,,,,,,,,,,,,,,,,,,,,,,,,,,,,,,,,,
ja_bccwj-ud-dev,8427,0,0,,,,,,,,,,,,,,,,,,,,,,,,,,,,,,,,,,,,,,,,,,,,,,,,,
fr_rhapsodie-ud-train,1288,0,147,63.0,7.0,25.0,,4.0,19.0,7.0,,,3.0,,,4.0,,,,,,,,,,,,,,,,,,,9.0,,,1.0,,5.0,,,,,,,,,,,,
fr_rhapsodie-ud-dev,1081,0,176,56.0,14.0,48.0,,7.0,13.0,3.0,,,6.0,,,,,,,,,,1.0,,,,1.0,,,,,,,,12.0,,,3.0,,12.0,,,,,,,,,,,,
fr_rhapsodie-ud-test,840,0,126,45.0,5.0,28.0,,12.0,11.0,4.0,,,4.0,,,,,,,,,,1.0,,,,,,,,,,,,13.0,,,1.0,,2.0,,,,,,,,,,,,
en_lines-ud-train,3176,0,0,,,,,,,,,,,,,,,,,,,,,,,,,,,,,,,,,,,,,,,,,,,,,,,,,
en_lines-ud-dev,1032,0,0,,,,,,,,,,,,,,,,,,,,,,,,,,,,,,,,,,,,,,,,,,,,,,,,,
en_lines-ud-test,1035,0,0,,,,,,,,,,,,,,,,,,,,,,,,,,,,,,,,,,,,,,,,,,,,,,,,,
fr_parisstories-ud-dev,692,0,313,102.0,16.0,83.0,,19.0,13.0,17.0,1.0,,5.0,,,3.0,,,,,3.0,,,,,,,,,,,,,,33.0,,,2.0,,13.0,3.0,,,,,,,,,,,
fr_parisstories-ud-train,1387,0,775,244.0,29.0,194.0,,44.0,45.0,43.0,,1.0,25.0,,,7.0,,,4.0,,1.0,,1.0,2.0,,,,,,,,,,,86.0,,,6.0,,39.0,1.0,3.0,,,,,,,,,,
fr_parisstories-ud-test,697,0,372,120.0,16.0,92.0,,12.0,28.0,26.0,,1.0,7.0,,,4.0,,,5.0,,,,,,,,,,,,,,,,33.0,,,1.0,,24.0,3.0,,,,,,,,,,,
ga_idt-ud-train,4005,0,0,,,,,,,,,,,,,,,,,,,,,,,,,,,,,,,,,,,,,,,,,,,,,,,,,
ga_idt-ud-test,454,0,0,,,,,,,,,,,,,,,,,,,,,,,,,,,,,,,,,,,,,,,,,,,,,,,,,
ga_idt-ud-dev,451,0,0,,,,,,,,,,,,,,,,,,,,,,,,,,,,,,,,,,,,,,,,,,,,,,,,,
en_ewt-ud-test,2077,0,0,,,,,,,,,,,,,,,,,,,,,,,,,,,,,,,,,,,,,,,,,,,,,,,,,
en_ewt-ud-dev,2001,0,0,,,,,,,,,,,,,,,,,,,,,,,,,,,,,,,,,,,,,,,,,,,,,,,,,
en_ewt-ud-train,12544,0,0,,,,,,,,,,,,,,,,,,,,,,,,,,,,,,,,,,,,,,,,,,,,,,,,,
ro_art-ud-test,50,0,31,12.0,6.0,1.0,3.0,1.0,,5.0,,,,,,2.0,,,,,,,,,,,,1.0,,,,,,,,,,,,,,,,,,,,,,,,
ceb_gja-ud-test,188,0,0,,,,,,,,,,,,,,,,,,,,,,,,,,,,,,,,,,,,,,,,,,,,,,,,,
qfn_fame-ud-test,400,0,0,,,,,,,,,,,,,,,,,,,,,,,,,,,,,,,,,,,,,,,,,,,,,,,,,
cs_cltt-ud-dev,316,0,0,,,,,,,,,,,,,,,,,,,,,,,,,,,,,,,,,,,,,,,,,,,,,,,,,
cs_cltt-ud-train,467,0,0,,,,,,,,,,,,,,,,,,,,,,,,,,,,,,,,,,,,,,,,,,,,,,,,,
cs_cltt-ud-test,338,0,0,,,,,,,,,,,,,,,,,,,,,,,,,,,,,,,,,,,,,,,,,,,,,,,,,
tl_trg-ud-test,128,0,0,,,,,,,,,,,,,,,,,,,,,,,,,,,,,,,,,,,,,,,,,,,,,,,,,
soj_aha-ud-test,8,0,0,,,,,,,,,,,,,,,,,,,,,,,,,,,,,,,,,,,,,,,,,,,,,,,,,
hy_armtdp-ud-train,1974,0,975,49.0,30.0,231.0,592.0,4.0,11.0,44.0,3.0,7.0,,,,1.0,2.0,,,,,,,,,,1.0,,,,,,,,,,,,,,,,,,,,,,,,,
hy_armtdp-ud-dev,249,0,77,3.0,1.0,13.0,54.0,,1.0,3.0,,1.0,,,,,,,,,,,,,,,,,,,,,,,,,,,,,,,1.0,,,,,,,,,
hy_armtdp-ud-test,277,0,129,8.0,3.0,24.0,78.0,2.0,2.0,10.0,,1.0,,,,,,,,,,,,,,,,,,,,,,,,,,,,,,1.0,,,,,,,,,,
lb_luxbank-ud-test,20,0,0,,,,,,,,,,,,,,,,,,,,,,,,,,,,,,,,,,,,,,,,,,,,,,,,,
mk_mtb-ud-test,155,0,21,12.0,2.0,1.0,1.0,,1.0,3.0,,,1.0,,,,,,,,,,,,,,,,,,,,,,,,,,,,,,,,,,,,,,,
is_gc-ud-test,540,0,0,,,,,,,,,,,,,,,,,,,,,,,,,,,,,,,,,,,,,,,,,,,,,,,,,
is_gc-ud-train,3960,0,0,,,,,,,,,,,,,,,,,,,,,,,,,,,,,,,,,,,,,,,,,,,,,,,,,
is_gc-ud-dev,500,0,0,,,,,,,,,,,,,,,,,,,,,,,,,,,,,,,,,,,,,,,,,,,,,,,,,
ota_boun-ud-train,114,0,0,,,,,,,,,,,,,,,,,,,,,,,,,,,,,,,,,,,,,,,,,,,,,,,,,
ota_boun-ud-test,400,0,0,,,,,,,,,,,,,,,,,,,,,,,,,,,,,,,,,,,,,,,,,,,,,,,,,
et_edt-ud-dev,3128,0,0,,,,,,,,,,,,,,,,,,,,,,,,,,,,,,,,,,,,,,,,,,,,,,,,,
et_edt-ud-train,24615,0,0,,,,,,,,,,,,,,,,,,,,,,,,,,,,,,,,,,,,,,,,,,,,,,,,,
et_edt-ud-test,3214,0,0,,,,,,,,,,,,,,,,,,,,,,,,,,,,,,,,,,,,,,,,,,,,,,,,,
id_csui-ud-test,374,0,0,,,,,,,,,,,,,,,,,,,,,,,,,,,,,,,,,,,,,,,,,,,,,,,,,
id_csui-ud-train,656,0,0,,,,,,,,,,,,,,,,,,,,,,,,,,,,,,,,,,,,,,,,,,,,,,,,,
ru_syntagrus-ud-train,69630,0,0,,,,,,,,,,,,,,,,,,,,,,,,,,,,,,,,,,,,,,,,,,,,,,,,,
ru_syntagrus-ud-dev,8906,0,0,,,,,,,,,,,,,,,,,,,,,,,,,,,,,,,,,,,,,,,,,,,,,,,,,
ru_syntagrus-ud-test,8800,0,0,,,,,,,,,,,,,,,,,,,,,,,,,,,,,,,,,,,,,,,,,,,,,,,,,
grc_ptnk-ud-train,727,0,0,,,,,,,,,,,,,,,,,,,,,,,,,,,,,,,,,,,,,,,,,,,,,,,,,
grc_ptnk-ud-dev,439,0,0,,,,,,,,,,,,,,,,,,,,,,,,,,,,,,,,,,,,,,,,,,,,,,,,,
grc_ptnk-ud-test,410,0,0,,,,,,,,,,,,,,,,,,,,,,,,,,,,,,,,,,,,,,,,,,,,,,,,,
sv_pud-ud-test,1000,0,0,,,,,,,,,,,,,,,,,,,,,,,,,,,,,,,,,,,,,,,,,,,,,,,,,
th_pud-ud-test,1000,0,0,,,,,,,,,,,,,,,,,,,,,,,,,,,,,,,,,,,,,,,,,,,,,,,,,
ht_autogramm-ud-test,144,0,0,,,,,,,,,,,,,,,,,,,,,,,,,,,,,,,,,,,,,,,,,,,,,,,,,
sjo_xdt-ud-test,810,0,0,,,,,,,,,,,,,,,,,,,,,,,,,,,,,,,,,,,,,,,,,,,,,,,,,
zh_pud-ud-test,1000,0,0,,,,,,,,,,,,,,,,,,,,,,,,,,,,,,,,,,,,,,,,,,,,,,,,,
en_eslspok-ud-test,232,0,0,,,,,,,,,,,,,,,,,,,,,,,,,,,,,,,,,,,,,,,,,,,,,,,,,
en_eslspok-ud-train,1856,0,0,,,,,,,,,,,,,,,,,,,,,,,,,,,,,,,,,,,,,,,,,,,,,,,,,
en_eslspok-ud-dev,232,0,0,,,,,,,,,,,,,,,,,,,,,,,,,,,,,,,,,,,,,,,,,,,,,,,,,
qte_tect-ud-test,36,0,0,,,,,,,,,,,,,,,,,,,,,,,,,,,,,,,,,,,,,,,,,,,,,,,,,
qte_tect-ud-train,61,0,0,,,,,,,,,,,,,,,,,,,,,,,,,,,,,,,,,,,,,,,,,,,,,,,,,
ja_gsdluw-ud-train,7050,0,0,,,,,,,,,,,,,,,,,,,,,,,,,,,,,,,,,,,,,,,,,,,,,,,,,
ja_gsdluw-ud-dev,507,0,0,,,,,,,,,,,,,,,,,,,,,,,,,,,,,,,,,,,,,,,,,,,,,,,,,
ja_gsdluw-ud-test,543,0,0,,,,,,,,,,,,,,,,,,,,,,,,,,,,,,,,,,,,,,,,,,,,,,,,,
akk_riao-ud-test,1874,0,0,,,,,,,,,,,,,,,,,,,,,,,,,,,,,,,,,,,,,,,,,,,,,,,,,
pt_bosque-ud-dev,1172,0,139,36.0,8.0,28.0,10.0,16.0,27.0,8.0,2.0,1.0,2.0,,,1.0,,,,,,,,,,,,,,,,,,,,,,,,,,,,,,,,,,,,
pt_bosque-ud-test,1167,0,157,31.0,9.0,34.0,16.0,22.0,26.0,9.0,3.0,3.0,2.0,,,1.0,,,,,,,1.0,,,,,,,,,,,,,,,,,,,,,,,,,,,,,
pt_bosque-ud-train,7018,0,1002,219.0,79.0,222.0,92.0,81.0,170.0,79.0,9.0,19.0,16.0,,,13.0,3.0,,,,,,,,,,,,,,,,,,,,,,,,,,,,,,,,,,,
orv_birchbark-ud-train,1045,0,1,1.0,,,,,,,,,,,,,,,,,,,,,,,,,,,,,,,,,,,,,,,,,,,,,,,,
orv_birchbark-ud-dev,1062,0,6,3.0,1.0,,1.0,,,1.0,,,,,,,,,,,,,,,,,,,,,,,,,,,,,,,,,,,,,,,,,,
orv_birchbark-ud-test,1007,0,1,,,1.0,,,,,,,,,,,,,,,,,,,,,,,,,,,,,,,,,,,,,,,,,,,,,,
nl_lassysmall-ud-test,1761,0,0,,,,,,,,,,,,,,,,,,,,,,,,,,,,,,,,,,,,,,,,,,,,,,,,,
nl_lassysmall-ud-dev,1542,0,0,,,,,,,,,,,,,,,,,,,,,,,,,,,,,,,,,,,,,,,,,,,,,,,,,
nl_lassysmall-ud-train,13817,0,0,,,,,,,,,,,,,,,,,,,,,,,,,,,,,,,,,,,,,,,,,,,,,,,,,
is_icepahc-ud-dev,4865,0,0,,,,,,,,,,,,,,,,,,,,,,,,,,,,,,,,,,,,,,,,,,,,,,,,,
is_icepahc-ud-train,34007,0,0,,,,,,,,,,,,,,,,,,,,,,,,,,,,,,,,,,,,,,,,,,,,,,,,,
is_icepahc-ud-test,5157,0,0,,,,,,,,,,,,,,,,,,,,,,,,,,,,,,,,,,,,,,,,,,,,,,,,,
otk_clausal-ud-test,20,0,0,,,,,,,,,,,,,,,,,,,,,,,,,,,,,,,,,,,,,,,,,,,,,,,,,
de_lit-ud-test,1920,0,0,,,,,,,,,,,,,,,,,,,,,,,,,,,,,,,,,,,,,,,,,,,,,,,,,
ltg_cairo-ud-test,20,0,0,,,,,,,,,,,,,,,,,,,,,,,,,,,,,,,,,,,,,,,,,,,,,,,,,
ru_poetry-ud-test,728,0,0,,,,,,,,,,,,,,,,,,,,,,,,,,,,,,,,,,,,,,,,,,,,,,,,,
ru_poetry-ud-dev,789,0,0,,,,,,,,,,,,,,,,,,,,,,,,,,,,,,,,,,,,,,,,,,,,,,,,,
ru_poetry-ud-train,3569,0,0,,,,,,,,,,,,,,,,,,,,,,,,,,,,,,,,,,,,,,,,,,,,,,,,,
fro_profiterole-ud-dev,2085,0,0,,,,,,,,,,,,,,,,,,,,,,,,,,,,,,,,,,,,,,,,,,,,,,,,,
fro_profiterole-ud-train,15503,0,0,,,,,,,,,,,,,,,,,,,,,,,,,,,,,,,,,,,,,,,,,,,,,,,,,
fro_profiterole-ud-test,2177,0,0,,,,,,,,,,,,,,,,,,,,,,,,,,,,,,,,,,,,,,,,,,,,,,,,,
ajp_madar-ud-test,100,0,0,,,,,,,,,,,,,,,,,,,,,,,,,,,,,,,,,,,,,,,,,,,,,,,,,
fo_farpahc-ud-test,301,0,0,,,,,,,,,,,,,,,,,,,,,,,,,,,,,,,,,,,,,,,,,,,,,,,,,
fo_farpahc-ud-train,1020,0,0,,,,,,,,,,,,,,,,,,,,,,,,,,,,,,,,,,,,,,,,,,,,,,,,,
fo_farpahc-ud-dev,300,0,0,,,,,,,,,,,,,,,,,,,,,,,,,,,,,,,,,,,,,,,,,,,,,,,,,
zh_hk-ud-test,1004,0,0,,,,,,,,,,,,,,,,,,,,,,,,,,,,,,,,,,,,,,,,,,,,,,,,,
myu_tudet-ud-test,158,0,0,,,,,,,,,,,,,,,,,,,,,,,,,,,,,,,,,,,,,,,,,,,,,,,,,
is_modern-ud-dev,394,0,0,,,,,,,,,,,,,,,,,,,,,,,,,,,,,,,,,,,,,,,,,,,,,,,,,
is_modern-ud-train,2703,0,0,,,,,,,,,,,,,,,,,,,,,,,,,,,,,,,,,,,,,,,,,,,,,,,,,
is_modern-ud-test,438,0,0,,,,,,,,,,,,,,,,,,,,,,,,,,,,,,,,,,,,,,,,,,,,,,,,,
ja_bccwjluw-ud-dev,8427,0,0,,,,,,,,,,,,,,,,,,,,,,,,,,,,,,,,,,,,,,,,,,,,,,,,,
ja_bccwjluw-ud-test,7881,0,0,,,,,,,,,,,,,,,,,,,,,,,,,,,,,,,,,,,,,,,,,,,,,,,,,
ja_bccwjluw-ud-train,40801,0,0,,,,,,,,,,,,,,,,,,,,,,,,,,,,,,,,,,,,,,,,,,,,,,,,,
wbp_ufal-ud-test,55,0,0,,,,,,,,,,,,,,,,,,,,,,,,,,,,,,,,,,,,,,,,,,,,,,,,,
koi_uh-ud-train,34,0,0,,,,,,,,,,,,,,,,,,,,,,,,,,,,,,,,,,,,,,,,,,,,,,,,,
koi_uh-ud-test,94,0,0,,,,,,,,,,,,,,,,,,,,,,,,,,,,,,,,,,,,,,,,,,,,,,,,,
da_ddt-ud-train,4383,0,0,,,,,,,,,,,,,,,,,,,,,,,,,,,,,,,,,,,,,,,,,,,,,,,,,
da_ddt-ud-test,565,0,0,,,,,,,,,,,,,,,,,,,,,,,,,,,,,,,,,,,,,,,,,,,,,,,,,
da_ddt-ud-dev,564,0,0,,,,,,,,,,,,,,,,,,,,,,,,,,,,,,,,,,,,,,,,,,,,,,,,,
cs_fictree-ud-dev,1309,0,0,,,,,,,,,,,,,,,,,,,,,,,,,,,,,,,,,,,,,,,,,,,,,,,,,
cs_fictree-ud-train,10160,0,0,,,,,,,,,,,,,,,,,,,,,,,,,,,,,,,,,,,,,,,,,,,,,,,,,
cs_fictree-ud-test,1291,0,0,,,,,,,,,,,,,,,,,,,,,,,,,,,,,,,,,,,,,,,,,,,,,,,,,
la_udante-ud-train,926,0,0,,,,,,,,,,,,,,,,,,,,,,,,,,,,,,,,,,,,,,,,,,,,,,,,,
la_udante-ud-test,419,0,0,,,,,,,,,,,,,,,,,,,,,,,,,,,,,,,,,,,,,,,,,,,,,,,,,
la_udante-ud-dev,376,0,0,,,,,,,,,,,,,,,,,,,,,,,,,,,,,,,,,,,,,,,,,,,,,,,,,
lij_glt-ud-test,296,0,130,15.0,15.0,23.0,19.0,5.0,22.0,21.0,,7.0,,,,2.0,1.0,,,,,,,,,,,,,,,,,,,,,,,,,,,,,,,,,,,
lij_glt-ud-train,20,0,1,,1.0,,,,,,,,,,,,,,,,,,,,,,,,,,,,,,,,,,,,,,,,,,,,,,,
qaf_arabizi-ud-train,1003,0,0,,,,,,,,,,,,,,,,,,,,,,,,,,,,,,,,,,,,,,,,,,,,,,,,,
qaf_arabizi-ud-test,145,0,0,,,,,,,,,,,,,,,,,,,,,,,,,,,,,,,,,,,,,,,,,,,,,,,,,
qaf_arabizi-ud-dev,139,0,0,,,,,,,,,,,,,,,,,,,,,,,,,,,,,,,,,,,,,,,,,,,,,,,,,
zh_cfl-ud-test,451,0,0,,,,,,,,,,,,,,,,,,,,,,,,,,,,,,,,,,,,,,,,,,,,,,,,,
it_partut-ud-dev,156,0,20,5.0,1.0,7.0,3.0,1.0,1.0,1.0,,,1.0,,,,,,,,,,,,,,,,,,,,,,,,,,,,,,,,,,,,,,,
it_partut-ud-test,153,0,13,1.0,,4.0,2.0,,3.0,1.0,,,2.0,,,,,,,,,,,,,,,,,,,,,,,,,,,,,,,,,,,,,,,
it_partut-ud-train,1781,0,280,57.0,16.0,59.0,56.0,16.0,36.0,5.0,2.0,1.0,30.0,,,2.0,,,,,,,,,,,,,,,,,,,,,,,,,,,,,,,,,,,,
hyw_armtdp-ud-test,680,0,585,140.0,20.0,84.0,150.0,10.0,36.0,116.0,7.0,12.0,,,,4.0,,,,,,,1.0,,,,,,,,,,2.0,,,1.0,,,,,,1.0,1.0,,,,,,,,,
hyw_armtdp-ud-dev,694,0,462,82.0,24.0,77.0,130.0,12.0,43.0,71.0,3.0,7.0,,,,1.0,5.0,,,,,,2.0,,,,,,,,,,4.0,,,,,,,,,,,1.0,,,,,,,,
hyw_armtdp-ud-train,5282,0,1849,372.0,73.0,406.0,462.0,40.0,131.0,255.0,23.0,35.0,,,,25.0,5.0,,,,,,1.0,,,,,,,,1.0,,15.0,,,,,,,,,1.0,2.0,1.0,1.0,,,,,,,
pcm_nsc-ud-dev,990,0,0,,,,,,,,,,,,,,,,,,,,,,,,,,,,,,,,,,,,,,,,,,,,,,,,,
pcm_nsc-ud-train,7279,0,0,,,,,,,,,,,,,,,,,,,,,,,,,,,,,,,,,,,,,,,,,,,,,,,,,
pcm_nsc-ud-test,972,0,0,,,,,,,,,,,,,,,,,,,,,,,,,,,,,,,,,,,,,,,,,,,,,,,,,
ko_kaist-ud-dev,2066,0,0,,,,,,,,,,,,,,,,,,,,,,,,,,,,,,,,,,,,,,,,,,,,,,,,,
ko_kaist-ud-train,23010,0,0,,,,,,,,,,,,,,,,,,,,,,,,,,,,,,,,,,,,,,,,,,,,,,,,,
ko_kaist-ud-test,2287,0,0,,,,,,,,,,,,,,,,,,,,,,,,,,,,,,,,,,,,,,,,,,,,,,,,,
ro_rrt-ud-test,729,0,157,54.0,14.0,18.0,2.0,6.0,,24.0,1.0,1.0,5.0,,,27.0,2.0,,1.0,,,,,,,2.0,,,,,,,,,,,,,,,,,,,,,,,,,,
ro_rrt-ud-train,8043,0,2155,730.0,199.0,315.0,27.0,50.0,,338.0,35.0,46.0,47.0,,6.0,324.0,7.0,1.0,,,,,4.0,,,14.0,1.0,8.0,1.0,,,,,,,,,,,,,,,,,1.0,1.0,,,,,
ro_rrt-ud-dev,752,0,201,71.0,14.0,28.0,2.0,2.0,,31.0,1.0,3.0,7.0,,,37.0,,,,1.0,,,1.0,,,1.0,,1.0,,,,,,1.0,,,,,,,,,,,,,,,,,,
el_gdt-ud-test,456,0,0,,,,,,,,,,,,,,,,,,,,,,,,,,,,,,,,,,,,,,,,,,,,,,,,,
el_gdt-ud-train,1662,0,0,,,,,,,,,,,,,,,,,,,,,,,,,,,,,,,,,,,,,,,,,,,,,,,,,
el_gdt-ud-dev,403,0,0,,,,,,,,,,,,,,,,,,,,,,,,,,,,,,,,,,,,,,,,,,,,,,,,,
sme_giella-ud-train,2257,0,0,,,,,,,,,,,,,,,,,,,,,,,,,,,,,,,,,,,,,,,,,,,,,,,,,
sme_giella-ud-test,865,0,0,,,,,,,,,,,,,,,,,,,,,,,,,,,,,,,,,,,,,,,,,,,,,,,,,
ha_southernautogramm-ud-test,1918,0,0,,,,,,,,,,,,,,,,,,,,,,,,,,,,,,,,,,,,,,,,,,,,,,,,,
ca_ancora-ud-dev,1709,0,429,41.0,54.0,54.0,100.0,47.0,6.0,33.0,2.0,6.0,,,,81.0,5.0,,,,,,,,,,,,,,,,,,,,,,,,,,,,,,,,,,,
ca_ancora-ud-test,1846,0,279,31.0,34.0,29.0,58.0,31.0,4.0,13.0,8.0,1.0,,,,66.0,4.0,,,,,,,,,,,,,,,,,,,,,,,,,,,,,,,,,,,
ca_ancora-ud-train,13123,0,2430,310.0,323.0,307.0,497.0,279.0,32.0,144.0,30.0,15.0,,,,467.0,25.0,,,,,,,,1.0,,,,,,,,,,,,,,,,,,,,,,,,,,,
gd_arcosg-ud-test,545,0,0,,,,,,,,,,,,,,,,,,,,,,,,,,,,,,,,,,,,,,,,,,,,,,,,,
gd_arcosg-ud-train,3541,0,0,,,,,,,,,,,,,,,,,,,,,,,,,,,,,,,,,,,,,,,,,,,,,,,,,
gd_arcosg-ud-dev,655,0,0,,,,,,,,,,,,,,,,,,,,,,,,,,,,,,,,,,,,,,,,,,,,,,,,,
got_proiel-ud-dev,985,0,0,,,,,,,,,,,,,,,,,,,,,,,,,,,,,,,,,,,,,,,,,,,,,,,,,
got_proiel-ud-train,3387,0,0,,,,,,,,,,,,,,,,,,,,,,,,,,,,,,,,,,,,,,,,,,,,,,,,,
got_proiel-ud-test,1029,0,0,,,,,,,,,,,,,,,,,,,,,,,,,,,,,,,,,,,,,,,,,,,,,,,,,
cy_ccg-ud-test,953,0,181,79.0,3.0,51.0,,12.0,19.0,7.0,1.0,3.0,,,,5.0,,,,,,,1.0,,,,,,,,,,,,,,,,,,,,,,,,,,,,,
cy_ccg-ud-dev,409,0,92,30.0,2.0,30.0,,7.0,5.0,7.0,,2.0,,,,8.0,,,,,,,1.0,,,,,,,,,,,,,,,,,,,,,,,,,,,,,
cy_ccg-ud-train,1189,0,264,102.0,7.0,72.0,,21.0,21.0,17.0,,3.0,,,,17.0,,1.0,,,,,1.0,,,,,,2.0,,,,,,,,,,,,,,,,,,,,,,,
nhi_itml-ud-test,909,0,0,,,,,,,,,,,,,,,,,,,,,,,,,,,,,,,,,,,,,,,,,,,,,,,,,
sl_sst-ud-train,4558,0,0,,,,,,,,,,,,,,,,,,,,,,,,,,,,,,,,,,,,,,,,,,,,,,,,,
sl_sst-ud-test,1041,0,0,,,,,,,,,,,,,,,,,,,,,,,,,,,,,,,,,,,,,,,,,,,,,,,,,
sl_sst-ud-dev,505,0,0,,,,,,,,,,,,,,,,,,,,,,,,,,,,,,,,,,,,,,,,,,,,,,,,,
de_gsd-ud-train,13814,0,0,,,,,,,,,,,,,,,,,,,,,,,,,,,,,,,,,,,,,,,,,,,,,,,,,
de_gsd-ud-dev,799,0,0,,,,,,,,,,,,,,,,,,,,,,,,,,,,,,,,,,,,,,,,,,,,,,,,,
de_gsd-ud-test,977,0,0,,,,,,,,,,,,,,,,,,,,,,,,,,,,,,,,,,,,,,,,,,,,,,,,,
ka_glc-ud-test,151,0,30,14.0,,1.0,1.0,6.0,,4.0,,2.0,,,,2.0,,,,,,,,,,,,,,,,,,,,,,,,,,,,,,,,,,,,
xnr_kdtb-ud-test,288,0,0,,,,,,,,,,,,,,,,,,,,,,,,,,,,,,,,,,,,,,,,,,,,,,,,,
arr_tudet-ud-test,674,0,0,,,,,,,,,,,,,,,,,,,,,,,,,,,,,,,,,,,,,,,,,,,,,,,,,
aln_gps-ud-test,966,0,203,23.0,3.0,45.0,65.0,15.0,,22.0,,1.0,,,,18.0,3.0,,,,2.0,,,,,,,,,,,,,,,,,,,6.0,,,,,,,,,,,,
ja_pud-ud-test,1000,0,0,,,,,,,,,,,,,,,,,,,,,,,,,,,,,,,,,,,,,,,,,,,,,,,,,
it_twittiro-ud-test,142,0,14,1.0,,4.0,4.0,,2.0,1.0,,2.0,,,,,,,,,,,,,,,,,,,,,,,,,,,,,,,,,,,,,,,,
it_twittiro-ud-train,1138,0,141,12.0,12.0,34.0,42.0,13.0,7.0,3.0,,15.0,1.0,,,2.0,,,,,,,,,,,,,,,,,,,,,,,,,,,,,,,,,,,,
it_twittiro-ud-dev,144,0,22,1.0,,10.0,3.0,,2.0,1.0,,5.0,,,,,,,,,,,,,,,,,,,,,,,,,,,,,,,,,,,,,,,,
kk_ktb-ud-test,1047,0,0,,,,,,,,,,,,,,,,,,,,,,,,,,,,,,,,,,,,,,,,,,,,,,,,,
kk_ktb-ud-train,31,0,0,,,,,,,,,,,,,,,,,,,,,,,,,,,,,,,,,,,,,,,,,,,,,,,,,
he_htb-ud-train,5168,0,0,,,,,,,,,,,,,,,,,,,,,,,,,,,,,,,,,,,,,,,,,,,,,,,,,
he_htb-ud-dev,484,0,0,,,,,,,,,,,,,,,,,,,,,,,,,,,,,,,,,,,,,,,,,,,,,,,,,
he_htb-ud-test,491,0,0,,,,,,,,,,,,,,,,,,,,,,,,,,,,,,,,,,,,,,,,,,,,,,,,,
ha_northernautogramm-ud-test,400,0,0,,,,,,,,,,,,,,,,,,,,,,,,,,,,,,,,,,,,,,,,,,,,,,,,,
cs_pdt-ud-test,10146,0,0,,,,,,,,,,,,,,,,,,,,,,,,,,,,,,,,,,,,,,,,,,,,,,,,,
cs_pdt-ud-dev,9270,0,0,,,,,,,,,,,,,,,,,,,,,,,,,,,,,,,,,,,,,,,,,,,,,,,,,
cs_pdt-ud-train,68491,0,0,,,,,,,,,,,,,,,,,,,,,,,,,,,,,,,,,,,,,,,,,,,,,,,,,
it_markit-ud-test,340,0,41,8.0,5.0,8.0,10.0,1.0,5.0,3.0,,1.0,,,,,,,,,,,,,,,,,,,,,,,,,,,,,,,,,,,,,,,,
it_markit-ud-train,611,0,104,11.0,10.0,24.0,16.0,5.0,26.0,10.0,,1.0,,,,,1.0,,,,,,,,,,,,,,,,,,,,,,,,,,,,,,,,,,,
it_markit-ud-dev,341,0,45,8.0,4.0,7.0,11.0,1.0,10.0,2.0,,,1.0,,,1.0,,,,,,,,,,,,,,,,,,,,,,,,,,,,,,,,,,,,
gl_pud-ud-test,1000,0,261,59.0,28.0,46.0,17.0,42.0,,25.0,2.0,1.0,1.0,,,40.0,,,,,,,,,,,,,,,,,,,,,,,,,,,,,,,,,,,,
gn_oldtudet-ud-test,59,0,0,,,,,,,,,,,,,,,,,,,,,,,,,,,,,,,,,,,,,,,,,,,,,,,,,
en_pronouns-ud-test,285,0,0,,,,,,,,,,,,,,,,,,,,,,,,,,,,,,,,,,,,,,,,,,,,,,,,,
ta_mwtt-ud-test,534,0,0,,,,,,,,,,,,,,,,,,,,,,,,,,,,,,,,,,,,,,,,,,,,,,,,,
ota_dudu-ud-test,85,0,0,,,,,,,,,,,,,,,,,,,,,,,,,,,,,,,,,,,,,,,,,,,,,,,,,
ug_udt-ud-test,900,0,0,,,,,,,,,,,,,,,,,,,,,,,,,,,,,,,,,,,,,,,,,,,,,,,,,
ug_udt-ud-dev,900,0,0,,,,,,,,,,,,,,,,,,,,,,,,,,,,,,,,,,,,,,,,,,,,,,,,,
ug_udt-ud-train,1656,0,0,,,,,,,,,,,,,,,,,,,,,,,,,,,,,,,,,,,,,,,,,,,,,,,,,
azz_itml-ud-test,1260,0,0,,,,,,,,,,,,,,,,,,,,,,,,,,,,,,,,,,,,,,,,,,,,,,,,,
ur_udtb-ud-train,4043,0,0,,,,,,,,,,,,,,,,,,,,,,,,,,,,,,,,,,,,,,,,,,,,,,,,,
ur_udtb-ud-dev,552,0,0,,,,,,,,,,,,,,,,,,,,,,,,,,,,,,,,,,,,,,,,,,,,,,,,,
ur_udtb-ud-test,535,0,0,,,,,,,,,,,,,,,,,,,,,,,,,,,,,,,,,,,,,,,,,,,,,,,,,
it_postwita-ud-train,5368,0,364,41.0,36.0,93.0,93.0,17.0,16.0,20.0,1.0,41.0,2.0,,,2.0,1.0,,,,,,,,,,,,,,,,,,,,1.0,,,,,,,,,,,,,,,
it_postwita-ud-dev,670,0,47,5.0,4.0,14.0,11.0,4.0,2.0,2.0,,4.0,,,,1.0,,,,,,,,,,,,,,,,,,,,,,,,,,,,,,,,,,,,
it_postwita-ud-test,674,0,45,9.0,7.0,11.0,11.0,1.0,2.0,,,3.0,,,,1.0,,,,,,,,,,,,,,,,,,,,,,,,,,,,,,,,,,,,
lzh_kyoto-ud-dev,6102,0,0,,,,,,,,,,,,,,,,,,,,,,,,,,,,,,,,,,,,,,,,,,,,,,,,,
lzh_kyoto-ud-train,74609,0,0,,,,,,,,,,,,,,,,,,,,,,,,,,,,,,,,,,,,,,,,,,,,,,,,,
lzh_kyoto-ud-test,5528,0,0,,,,,,,,,,,,,,,,,,,,,,,,,,,,,,,,,,,,,,,,,,,,,,,,,
lv_lvtb-ud-test,2412,0,0,,,,,,,,,,,,,,,,,,,,,,,,,,,,,,,,,,,,,,,,,,,,,,,,,
lv_lvtb-ud-train,14358,0,0,,,,,,,,,,,,,,,,,,,,,,,,,,,,,,,,,,,,,,,,,,,,,,,,,
lv_lvtb-ud-dev,2080,0,0,,,,,,,,,,,,,,,,,,,,,,,,,,,,,,,,,,,,,,,,,,,,,,,,,
ta_ttb-ud-train,400,0,0,,,,,,,,,,,,,,,,,,,,,,,,,,,,,,,,,,,,,,,,,,,,,,,,,
ta_ttb-ud-dev,80,0,0,,,,,,,,,,,,,,,,,,,,,,,,,,,,,,,,,,,,,,,,,,,,,,,,,
ta_ttb-ud-test,120,0,0,,,,,,,,,,,,,,,,,,,,,,,,,,,,,,,,,,,,,,,,,,,,,,,,,
sga_dipwbg-ud-test,34,0,0,,,,,,,,,,,,,,,,,,,,,,,,,,,,,,,,,,,,,,,,,,,,,,,,,
ko_pud-ud-test,1000,0,0,,,,,,,,,,,,,,,,,,,,,,,,,,,,,,,,,,,,,,,,,,,,,,,,,
xum_ikuvina-ud-test,133,0,0,,,,,,,,,,,,,,,,,,,,,,,,,,,,,,,,,,,,,,,,,,,,,,,,,
ru_pud-ud-test,1000,0,0,,,,,,,,,,,,,,,,,,,,,,,,,,,,,,,,,,,,,,,,,,,,,,,,,
la_ittb-ud-dev,2101,0,0,,,,,,,,,,,,,,,,,,,,,,,,,,,,,,,,,,,,,,,,,,,,,,,,,
la_ittb-ud-test,2101,0,0,,,,,,,,,,,,,,,,,,,,,,,,,,,,,,,,,,,,,,,,,,,,,,,,,
la_ittb-ud-train,22775,0,0,,,,,,,,,,,,,,,,,,,,,,,,,,,,,,,,,,,,,,,,,,,,,,,,,
nl_alpino-ud-train,12289,0,0,,,,,,,,,,,,,,,,,,,,,,,,,,,,,,,,,,,,,,,,,,,,,,,,,
nl_alpino-ud-test,596,0,0,,,,,,,,,,,,,,,,,,,,,,,,,,,,,,,,,,,,,,,,,,,,,,,,,
nl_alpino-ud-dev,718,0,0,,,,,,,,,,,,,,,,,,,,,,,,,,,,,,,,,,,,,,,,,,,,,,,,,
it_vit-ud-train,8277,0,1118,189.0,38.0,146.0,373.0,85.0,128.0,73.0,1.0,31.0,45.0,,,6.0,,,,,,,2.0,,,,,,,,,,,,,,,,,,,,,,,,,1.0,,,,
it_vit-ud-test,1067,0,241,36.0,3.0,46.0,76.0,25.0,17.0,21.0,,12.0,4.0,,,1.0,,,,,,,,,,,,,,,,,,,,,,,,,,,,,,,,,,,,
it_vit-ud-dev,743,0,39,2.0,,14.0,8.0,4.0,8.0,,,1.0,2.0,,,,,,,,,,,,,,,,,,,,,,,,,,,,,,,,,,,,,,,
qtd_sagt-ud-test,805,0,0,,,,,,,,,,,,,,,,,,,,,,,,,,,,,,,,,,,,,,,,,,,,,,,,,
qtd_sagt-ud-dev,801,0,0,,,,,,,,,,,,,,,,,,,,,,,,,,,,,,,,,,,,,,,,,,,,,,,,,
qtd_sagt-ud-train,578,0,0,,,,,,,,,,,,,,,,,,,,,,,,,,,,,,,,,,,,,,,,,,,,,,,,,
mt_mudt-ud-train,1123,0,0,,,,,,,,,,,,,,,,,,,,,,,,,,,,,,,,,,,,,,,,,,,,,,,,,
mt_mudt-ud-test,518,0,0,,,,,,,,,,,,,,,,,,,,,,,,,,,,,,,,,,,,,,,,,,,,,,,,,
mt_mudt-ud-dev,433,0,0,,,,,,,,,,,,,,,,,,,,,,,,,,,,,,,,,,,,,,,,,,,,,,,,,
ga_cadhan-ud-test,193,0,0,,,,,,,,,,,,,,,,,,,,,,,,,,,,,,,,,,,,,,,,,,,,,,,,,
krl_kkpp-ud-test,228,0,0,,,,,,,,,,,,,,,,,,,,,,,,,,,,,,,,,,,,,,,,,,,,,,,,,
pl_pud-ud-test,1000,0,0,,,,,,,,,,,,,,,,,,,,,,,,,,,,,,,,,,,,,,,,,,,,,,,,,
orv_torot-ud-test,2955,0,0,,,,,,,,,,,,,,,,,,,,,,,,,,,,,,,,,,,,,,,,,,,,,,,,,
orv_torot-ud-dev,3061,0,0,,,,,,,,,,,,,,,,,,,,,,,,,,,,,,,,,,,,,,,,,,,,,,,,,
orv_torot-ud-train,20480,0,0,,,,,,,,,,,,,,,,,,,,,,,,,,,,,,,,,,,,,,,,,,,,,,,,,
cs_cac-ud-dev,603,0,0,,,,,,,,,,,,,,,,,,,,,,,,,,,,,,,,,,,,,,,,,,,,,,,,,
cs_cac-ud-train,23478,0,0,,,,,,,,,,,,,,,,,,,,,,,,,,,,,,,,,,,,,,,,,,,,,,,,,
cs_cac-ud-test,628,0,0,,,,,,,,,,,,,,,,,,,,,,,,,,,,,,,,,,,,,,,,,,,,,,,,,
yrl_complin-ud-test,1470,0,0,,,,,,,,,,,,,,,,,,,,,,,,,,,,,,,,,,,,,,,,,,,,,,,,,
eu_bdt-ud-train,5396,0,0,,,,,,,,,,,,,,,,,,,,,,,,,,,,,,,,,,,,,,,,,,,,,,,,,
eu_bdt-ud-test,1799,0,0,,,,,,,,,,,,,,,,,,,,,,,,,,,,,,,,,,,,,,,,,,,,,,,,,
eu_bdt-ud-dev,1798,0,0,,,,,,,,,,,,,,,,,,,,,,,,,,,,,,,,,,,,,,,,,,,,,,,,,
zh_patentchar-ud-test,200,0,0,,,,,,,,,,,,,,,,,,,,,,,,,,,,,,,,,,,,,,,,,,,,,,,,,
urb_tudet-ud-test,83,0,0,,,,,,,,,,,,,,,,,,,,,,,,,,,,,,,,,,,,,,,,,,,,,,,,,
fi_ftb-ud-dev,1875,0,0,,,,,,,,,,,,,,,,,,,,,,,,,,,,,,,,,,,,,,,,,,,,,,,,,
fi_ftb-ud-train,14981,0,0,,,,,,,,,,,,,,,,,,,,,,,,,,,,,,,,,,,,,,,,,,,,,,,,,
fi_ftb-ud-test,1867,0,0,,,,,,,,,,,,,,,,,,,,,,,,,,,,,,,,,,,,,,,,,,,,,,,,,
te_mtg-ud-test,146,0,0,,,,,,,,,,,,,,,,,,,,,,,,,,,,,,,,,,,,,,,,,,,,,,,,,
te_mtg-ud-train,1051,0,0,,,,,,,,,,,,,,,,,,,,,,,,,,,,,,,,,,,,,,,,,,,,,,,,,
te_mtg-ud-dev,131,0,0,,,,,,,,,,,,,,,,,,,,,,,,,,,,,,,,,,,,,,,,,,,,,,,,,
hbo_ptnk-ud-train,730,0,0,,,,,,,,,,,,,,,,,,,,,,,,,,,,,,,,,,,,,,,,,,,,,,,,,
hbo_ptnk-ud-test,410,0,0,,,,,,,,,,,,,,,,,,,,,,,,,,,,,,,,,,,,,,,,,,,,,,,,,
hbo_ptnk-ud-dev,439,0,0,,,,,,,,,,,,,,,,,,,,,,,,,,,,,,,,,,,,,,,,,,,,,,,,,
en_gentle-ud-test,1334,0,0,,,,,,,,,,,,,,,,,,,,,,,,,,,,,,,,,,,,,,,,,,,,,,,,,
it_parlamint-ud-test,375,0,33,5.0,7.0,3.0,10.0,1.0,,,,1.0,,,,6.0,,,,,,,,,,,,,,,,,,,,,,,,,,,,,,,,,,,,
it_parlamint-ud-train,326,0,54,8.0,7.0,3.0,24.0,2.0,,3.0,,,,,,7.0,,,,,,,,,,,,,,,,,,,,,,,,,,,,,,,,,,,,
am_att-ud-test,1074,0,0,,,,,,,,,,,,,,,,,,,,,,,,,,,,,,,,,,,,,,,,,,,,,,,,,
eme_tudet-ud-test,913,0,0,,,,,,,,,,,,,,,,,,,,,,,,,,,,,,,,,,,,,,,,,,,,,,,,,
pl_lfg-ud-test,1727,0,0,,,,,,,,,,,,,,,,,,,,,,,,,,,,,,,,,,,,,,,,,,,,,,,,,
pl_lfg-ud-train,13774,0,0,,,,,,,,,,,,,,,,,,,,,,,,,,,,,,,,,,,,,,,,,,,,,,,,,
pl_lfg-ud-dev,1745,0,0,,,,,,,,,,,,,,,,,,,,,,,,,,,,,,,,,,,,,,,,,,,,,,,,,
fr_partut-ud-dev,107,0,6,4.0,,,1.0,,,,,,1.0,,,,,,,,,,,,,,,,,,,,,,,,,,,,,,,,,,,,,,,
fr_partut-ud-test,110,0,0,,,,,,,,,,,,,,,,,,,,,,,,,,,,,,,,,,,,,,,,,,,,,,,,,
fr_partut-ud-train,803,0,59,9.0,4.0,13.0,11.0,7.0,9.0,4.0,,,1.0,,,,,,,,,,,,,,,,,,,,,,,1.0,,,,,,,,,,,,,,,,
nap_rb-ud-test,1,0,0,,,,,,,,,,,,,,,,,,,,,,,,,,,,,,,,,,,,,,,,,,,,,,,,,
tr_tourism-ud-train,15473,0,0,,,,,,,,,,,,,,,,,,,,,,,,,,,,,,,,,,,,,,,,,,,,,,,,,
tr_tourism-ud-dev,2166,0,0,,,,,,,,,,,,,,,,,,,,,,,,,,,,,,,,,,,,,,,,,,,,,,,,,
tr_tourism-ud-test,2191,0,0,,,,,,,,,,,,,,,,,,,,,,,,,,,,,,,,,,,,,,,,,,,,,,,,,
jv_csui-ud-test,1000,0,0,,,,,,,,,,,,,,,,,,,,,,,,,,,,,,,,,,,,,,,,,,,,,,,,,
ab_abnc-ud-test,263,0,108,33.0,26.0,5.0,,,19.0,12.0,3.0,3.0,,,,,,,,,,,,,,,,,,,,,,,,,,,,,,,,,,,1.0,,2.0,1.0,1.0,2.0
cs_poetry-ud-test,297,0,0,,,,,,,,,,,,,,,,,,,,,,,,,,,,,,,,,,,,,,,,,,,,,,,,,
ru_gsd-ud-test,601,0,0,,,,,,,,,,,,,,,,,,,,,,,,,,,,,,,,,,,,,,,,,,,,,,,,,
ru_gsd-ud-dev,579,0,0,,,,,,,,,,,,,,,,,,,,,,,,,,,,,,,,,,,,,,,,,,,,,,,,,
ru_gsd-ud-train,3850,0,0,,,,,,,,,,,,,,,,,,,,,,,,,,,,,,,,,,,,,,,,,,,,,,,,,
aqz_tudet-ud-test,343,0,0,,,,,,,,,,,,,,,,,,,,,,,,,,,,,,,,,,,,,,,,,,,,,,,,,
en_pud-ud-test,1000,0,0,,,,,,,,,,,,,,,,,,,,,,,,,,,,,,,,,,,,,,,,,,,,,,,,,
tr_imst-ud-train,3435,0,0,,,,,,,,,,,,,,,,,,,,,,,,,,,,,,,,,,,,,,,,,,,,,,,,,
tr_imst-ud-dev,1100,0,0,,,,,,,,,,,,,,,,,,,,,,,,,,,,,,,,,,,,,,,,,,,,,,,,,
tr_imst-ud-test,1100,0,0,,,,,,,,,,,,,,,,,,,,,,,,,,,,,,,,,,,,,,,,,,,,,,,,,
fr_sequoia-ud-test,456,0,54,11.0,1.0,16.0,,,5.0,2.0,,,4.0,,,,,,,,,,,,,,,,,,,,,,11.0,,2.0,1.0,,,,1.0,,,,,,,,,,
fr_sequoia-ud-train,2231,0,289,68.0,13.0,46.0,,17.0,33.0,17.0,1.0,2.0,24.0,,,,,,,,,,,,,,,,,,,,,,63.0,,4.0,1.0,,,,,,,,,,,,,,
fr_sequoia-ud-dev,412,0,75,20.0,2.0,9.0,,4.0,11.0,4.0,,,5.0,,,3.0,,,1.0,,,,,,,,,,,,,,,,15.0,,1.0,,,,,,,,,,,,,,,
lv_cairo-ud-test,20,0,0,,,,,,,,,,,,,,,,,,,,,,,,,,,,,,,,,,,,,,,,,,,,,,,,,
bg_btb-ud-train,8907,0,832,488.0,93.0,,,12.0,72.0,144.0,2.0,13.0,,,,7.0,,,,,,,,,,,,,,,1.0,,,,,,,,,,,,,,,,,,,,,
bg_btb-ud-test,1116,0,100,64.0,8.0,,,3.0,9.0,13.0,,1.0,,,,1.0,,,,,,,,,,,,,,,1.0,,,,,,,,,,,,,,,,,,,,,
bg_btb-ud-dev,1115,0,89,55.0,6.0,,,4.0,8.0,15.0,1.0,,,,,,,,,,,,,,,,,,,,,,,,,,,,,,,,,,,,,,,,,
gu_gujtb-ud-test,187,0,0,,,,,,,,,,,,,,,,,,,,,,,,,,,,,,,,,,,,,,,,,,,,,,,,,
tn_popapolelo-ud-test,20,0,0,,,,,,,,,,,,,,,,,,,,,,,,,,,,,,,,,,,,,,,,,,,,,,,,,
bxr_bdt-ud-train,19,0,0,,,,,,,,,,,,,,,,,,,,,,,,,,,,,,,,,,,,,,,,,,,,,,,,,
bxr_bdt-ud-test,908,0,0,,,,,,,,,,,,,,,,,,,,,,,,,,,,,,,,,,,,,,,,,,,,,,,,,
bej_nsc-ud-test,380,0,0,,,,,,,,,,,,,,,,,,,,,,,,,,,,,,,,,,,,,,,,,,,,,,,,,
pad_tuecl-ud-test,101,0,0,,,,,,,,,,,,,,,,,,,,,,,,,,,,,,,,,,,,,,,,,,,,,,,,,
es_coser-ud-test,539,0,340,108.0,63.0,45.0,7.0,20.0,9.0,67.0,1.0,1.0,4.0,,,3.0,1.0,,,,,,,,,,,,1.0,,,,,,,,,,,10.0,,,,,,,,,,,,
tr_boun-ud-dev,979,0,0,,,,,,,,,,,,,,,,,,,,,,,,,,,,,,,,,,,,,,,,,,,,,,,,,
tr_boun-ud-test,979,0,0,,,,,,,,,,,,,,,,,,,,,,,,,,,,,,,,,,,,,,,,,,,,,,,,,
tr_boun-ud-train,7803,0,0,,,,,,,,,,,,,,,,,,,,,,,,,,,,,,,,,,,,,,,,,,,,,,,,,
tr_penn-ud-dev,622,0,0,,,,,,,,,,,,,,,,,,,,,,,,,,,,,,,,,,,,,,,,,,,,,,,,,
tr_penn-ud-test,924,0,0,,,,,,,,,,,,,,,,,,,,,,,,,,,,,,,,,,,,,,,,,,,,,,,,,
tr_penn-ud-train,14850,0,0,,,,,,,,,,,,,,,,,,,,,,,,,,,,,,,,,,,,,,,,,,,,,,,,,
